latitude,longitude,frp
1.960,134.897,19.9
1.915,134.783,19.6
2.783,125.407,13.1
1.702,127.881,6.9
1.496,127.636,22.7
1.376,128.221,7.3
1.226,128.234,5.4
0.974,128.449,6.2
0.938,128.064,5.8
0.721,127.896,5.3
0.712,127.895,20.8
0.704,127.885,8.3
0.653,127.917,5.7
0.646,127.963,15.1
0.645,127.971,14.3
0.485,127.999,7.7
0.766,123.562,8.0
-1.444,127.550,9.9
-1.456,127.439,34.5
-1.465,127.438,6.1
-1.564,127.427,7.9
-1.675,124.778,10.6
-3.007,129.779,9.3
-3.137,126.808,6.0
-3.247,126.932,5.4
-3.329,126.717,39.5
-3.330,126.727,76.7
-2.579,121.374,91.1
-2.582,121.388,106.6
-3.552,126.865,7.3
-3.554,126.874,6.1
-3.595,126.393,20.0
-3.597,126.401,43.3
-3.903,122.423,9.4
-3.901,122.417,10.3
-8.162,125.022,5.7
-8.357,124.140,6.5
-9.848,120.013,11.4
-13.993,131.767,228.4
-13.996,131.793,56.5
-13.996,131.760,139.2
-13.999,131.786,96.5
-14.051,131.727,33.6
-14.057,131.747,29.3
-15.541,124.460,15.9
-15.551,124.461,18.9
-15.569,124.459,34.3
-16.263,129.774,27.5
-16.265,129.794,198.6
-16.267,129.814,262.5
-16.275,129.773,231.6
-16.277,129.793,304.9
-16.280,129.813,26.3
-15.623,124.451,91.4
-15.624,124.461,21.4
-16.298,129.750,61.8
-15.631,124.450,128.4
-16.306,129.709,23.1
-16.299,129.743,34.2
-16.558,130.094,74.1
-16.560,130.115,109.7
-16.563,130.137,61.0
-16.569,130.071,37.5
-16.571,130.093,94.5
-16.573,130.114,157.9
-16.587,130.113,76.8
-16.596,129.962,182.1
-16.595,129.957,211.3
-16.096,125.571,8.6
-16.108,125.664,20.9
-16.118,125.663,16.9
-16.137,125.660,14.9
-16.235,125.446,15.1
-16.236,125.456,23.8
-16.286,125.617,51.1
-16.287,125.628,24.4
-16.835,128.202,12.5
-18.305,130.894,33.4
-19.525,127.654,16.4
-20.387,129.680,28.0
-20.390,129.703,72.2
-20.392,129.727,36.8
-20.103,127.036,14.1
-20.391,129.588,47.3
-20.393,129.610,25.5
-20.095,127.031,9.3
-20.385,129.698,59.3
-20.388,129.722,51.6
-20.390,129.605,30.2
-20.401,129.581,23.8
-20.452,129.553,19.5
-20.463,129.529,26.9
-20.465,129.551,86.1
-20.489,129.782,39.5
-20.500,129.757,49.7
-20.502,129.780,46.7
-20.461,129.545,99.5
-20.463,129.568,31.0
-20.497,129.774,89.2
-20.508,129.749,50.1
-20.526,129.653,14.3
-20.528,129.676,28.4
-20.269,126.988,41.3
-20.271,127.002,29.1
-20.282,127.001,28.4
-20.274,126.996,35.5
-20.285,126.995,45.2
-20.286,127.009,11.9
-20.216,126.309,26.5
-20.218,126.322,66.8
-20.226,126.308,98.7
-20.228,126.320,159.6
-20.274,126.625,36.1
-20.285,126.624,109.3
-20.287,126.637,22.1
-20.296,126.622,81.7
-20.327,126.618,23.7
-20.322,126.612,11.4
-20.289,126.240,44.5
-20.290,126.253,145.0
-20.332,126.611,29.5
-20.310,126.238,202.2
-20.311,126.251,129.7
-20.382,126.859,19.6
-20.384,126.874,231.5
-20.320,126.236,576.4
-20.321,126.249,70.0
-20.340,126.406,10.8
-20.393,126.858,65.4
-20.395,126.872,219.2
-20.328,126.222,44.1
-20.330,126.235,125.9
-20.362,126.416,28.6
-20.373,126.415,43.9
-20.383,126.413,56.4
-20.392,126.399,37.1
-20.394,126.412,102.1
-20.389,126.407,89.2
-20.391,126.420,28.6
-20.400,126.406,97.2
-20.401,126.419,10.6
-20.410,126.404,50.3
-20.421,126.403,42.1
-20.430,126.388,219.2
-20.431,126.402,521.8
-20.458,126.358,12.7
-20.459,126.371,11.9
-20.468,126.357,58.5
-20.470,126.370,14.0
-20.734,127.839,44.9
-20.743,127.820,30.7
-20.745,127.837,47.6
-20.742,127.832,65.5
-20.774,127.593,64.7
-20.783,127.675,48.8
-20.785,127.691,15.5
-20.780,127.543,108.0
-20.782,127.559,103.1
-20.784,127.575,860.0
-20.785,127.591,241.6
-20.791,127.541,82.5
-20.795,127.574,134.0
-20.789,127.535,49.9
-20.791,127.551,63.2
-20.793,127.567,202.4
-20.795,127.584,171.2
-22.398,131.617,46.5
-22.392,131.612,39.1
-23.504,124.775,13.4
-23.514,124.774,18.1
-23.515,124.786,12.9
-34.471,-57.084,11.2
-34.472,-57.095,22.0
-32.413,-61.120,6.8
-32.053,-61.794,6.6
-32.055,-61.807,6.5
-30.238,-58.887,5.7
-30.010,-58.125,5.0
-30.081,-58.626,10.9
-29.392,-57.438,33.9
-29.394,-57.449,18.1
-29.404,-61.399,10.5
-28.505,-56.365,8.1
-28.431,-61.243,5.3
-28.432,-61.253,42.7
-28.589,-62.589,10.9
-28.420,-61.233,13.1
-28.422,-61.244,98.7
-28.423,-61.255,82.7
-28.412,-61.229,19.3
-28.414,-61.240,55.3
-28.415,-61.251,15.7
-28.495,-62.395,12.5
-28.508,-62.506,11.9
-28.509,-62.518,6.6
-28.498,-62.507,10.7
-28.499,-62.519,10.9
-28.209,-62.044,23.3
-28.271,-62.749,7.8
-27.791,-64.216,12.4
-27.397,-62.317,8.7
-27.006,-59.889,12.4
-27.322,-62.454,8.5
-27.323,-62.466,41.1
-27.325,-62.477,26.3
-26.037,-55.498,10.8
-26.766,-60.646,10.4
-26.939,-62.759,9.2
-26.941,-62.771,4.5
-26.680,-62.450,19.9
-26.287,-61.055,5.3
-26.288,-61.065,13.5
-26.280,-61.072,6.6
-26.270,-61.064,19.3
-26.271,-61.074,19.0
-26.109,-60.818,6.8
-25.868,-59.198,7.2
-26.060,-60.935,9.2
-26.061,-60.945,39.1
-26.062,-60.955,13.3
-26.051,-60.936,8.2
-26.052,-60.946,32.7
-26.053,-60.956,8.0
-26.038,-60.907,6.4
-26.039,-60.917,17.5
-26.026,-60.889,6.0
-26.029,-60.909,7.3
-26.030,-60.919,19.1
-25.794,-59.586,7.2
-25.998,-61.167,8.9
-25.975,-61.855,5.9
-25.977,-61.866,8.8
-25.887,-61.452,8.8
-25.889,-61.462,23.6
-25.890,-61.473,9.7
-25.833,-61.097,8.9
-25.878,-61.454,6.0
-25.880,-61.464,11.7
-25.625,-60.088,5.9
-25.764,-61.207,15.6
-25.766,-61.217,30.1
-25.755,-61.208,40.2
-25.757,-61.219,34.6
-24.776,-55.362,14.1
-25.482,-59.994,5.5
-25.444,-60.180,5.2
-25.418,-60.201,10.1
-25.410,-60.202,131.4
-25.411,-60.212,82.9
-25.825,-64.050,14.3
-25.831,-64.105,29.2
-25.816,-64.065,7.5
-25.819,-64.057,18.1
-25.331,-60.232,32.8
-25.332,-60.242,11.5
-25.136,-59.753,6.6
-25.127,-59.755,35.0
-25.129,-59.764,6.1
-25.053,-59.883,5.8
-25.123,-60.389,13.7
-25.124,-60.398,8.7
-25.076,-60.452,7.0
-24.952,-60.092,18.2
-24.953,-60.101,6.1
-25.325,-62.971,12.0
-24.900,-60.041,12.0
-24.901,-60.051,18.4
-24.804,-60.014,7.1
-24.805,-60.023,9.8
-24.682,-59.543,9.8
-24.685,-60.155,25.5
-24.686,-60.165,17.3
-25.106,-64.411,6.5
-24.650,-60.842,7.2
-24.117,-57.449,11.2
-24.609,-60.809,15.1
-24.610,-60.819,140.8
-24.598,-60.791,12.6
-24.599,-60.800,12.6
-24.600,-60.810,9.0
-24.602,-60.820,7.5
-24.488,-60.062,6.0
-24.588,-60.798,50.6
-24.590,-60.808,149.5
-24.591,-60.818,12.8
-24.479,-60.064,15.3
-24.515,-60.325,8.8
-24.516,-60.334,21.6
-24.470,-60.065,6.6
-24.399,-59.750,17.6
-24.337,-59.380,7.1
-24.315,-59.354,9.9
-24.210,-58.888,6.4
-23.733,-56.982,18.6
-23.723,-56.984,141.4
-23.725,-56.996,28.9
-24.012,-58.926,10.3
-23.999,-58.897,9.2
-24.266,-60.860,10.4
-24.267,-60.869,7.5
-23.849,-58.032,7.3
-24.259,-60.871,10.3
-23.839,-58.033,16.3
-23.841,-58.044,23.9
-23.976,-58.932,21.7
-23.965,-58.924,17.1
-23.967,-58.934,26.2
-23.956,-58.921,13.6
-23.910,-58.794,22.6
-23.911,-58.804,57.9
-23.901,-58.795,34.8
-23.902,-58.805,53.4
-23.892,-58.797,50.0
-23.893,-58.807,25.3
-23.896,-58.827,34.6
-23.898,-58.838,109.0
-23.899,-58.848,42.3
-24.217,-61.112,10.6
-24.218,-61.122,11.4
-24.223,-61.161,11.8
-24.225,-61.171,7.8
-23.885,-58.819,7.6
-23.887,-58.829,41.4
-23.888,-58.839,41.4
-23.890,-58.849,7.7
-23.876,-58.820,19.6
-23.878,-58.831,25.1
-23.850,-58.710,14.4
-23.841,-58.711,11.0
-23.851,-58.773,6.6
-23.837,-58.740,6.5
-23.839,-58.750,21.6
-23.840,-58.760,11.0
-23.828,-58.741,10.8
-24.072,-61.198,11.8
-23.388,-57.577,15.2
-23.390,-57.589,10.5
-23.706,-59.673,9.5
-23.707,-59.683,8.8
-23.386,-57.583,13.2
-23.940,-61.452,7.5
-23.929,-61.444,6.4
-23.931,-61.453,6.4
-24.238,-63.921,8.6
-23.614,-59.232,6.1
-23.605,-59.234,5.7
-23.655,-61.455,7.5
-23.656,-61.465,10.3
-23.646,-61.457,36.9
-23.647,-61.466,16.8
-23.637,-61.458,10.2
-23.571,-61.444,17.4
-23.581,-61.523,7.4
-23.562,-61.446,15.5
-23.548,-61.548,11.0
-23.539,-61.550,12.5
-23.540,-61.559,14.9
-23.521,-61.482,6.4
-23.522,-61.492,9.1
-23.530,-61.551,14.6
-23.531,-61.561,21.9
-23.521,-61.552,8.1
-23.522,-61.562,7.2
-23.512,-61.554,5.9
-23.513,-61.564,8.3
-23.515,-61.574,14.2
-23.473,-61.607,9.9
-23.474,-61.616,17.2
-23.455,-61.609,18.3
-23.445,-61.601,19.9
-23.446,-61.611,7.2
-23.425,-61.664,20.9
-23.405,-61.653,6.8
-23.398,-61.664,8.1
-23.389,-61.666,16.3
-22.755,-59.478,5.7
-22.171,-58.830,16.1
-22.173,-58.841,47.8
-22.174,-58.851,11.3
-22.162,-58.832,22.6
-22.164,-58.842,62.4
-22.165,-58.853,10.6
-22.154,-58.844,6.7
-21.549,-58.221,8.9
-21.546,-58.228,9.2
-21.535,-58.219,8.5
-21.536,-58.230,10.0
-21.702,-60.105,6.8
-21.385,-59.129,7.2
-21.621,-61.926,11.6
-21.622,-61.936,14.3
-9.480,34.086,12.6
-9.492,34.084,13.8
-11.546,35.907,9.4
-18.927,32.553,11.6
-19.008,31.022,23.0
-19.701,33.083,15.8
-19.704,33.098,11.0
25.531,53.156,24.3
25.538,53.151,33.1
25.182,52.872,28.0
25.178,52.890,18.6
25.170,52.870,44.7
25.167,52.887,29.9
24.859,53.716,24.8
24.859,53.709,20.2
25.231,49.867,9.3
23.859,53.652,35.4
23.859,53.647,29.9
23.855,53.669,22.2
22.542,53.919,149.8
22.537,53.943,30.5
18.077,54.555,24.4
17.957,54.549,37.5
-2.950,37.365,23.2
-2.952,37.376,30.3
-2.959,37.352,37.4
-2.960,37.364,62.4
-2.967,37.341,72.6
-2.969,37.352,190.3
-2.970,37.363,33.6
-2.972,37.307,312.2
-2.974,37.319,288.1
-2.975,37.330,364.3
-2.977,37.340,420.1
-2.979,37.351,89.8
-2.982,37.306,16.4
-2.984,37.318,77.2
-2.985,37.329,130.5
-2.987,37.340,97.9
-2.989,37.351,15.5
-3.091,37.550,10.7
-6.875,34.047,17.7
35.740,43.979,14.5
35.692,43.875,49.9
35.690,43.893,25.3
35.633,44.011,47.1
35.633,44.004,27.4
35.631,44.022,25.6
35.531,44.339,26.1
35.529,44.356,11.2
35.491,44.154,23.4
35.246,44.428,22.9
35.245,44.444,12.6
34.900,43.808,87.4
33.724,46.297,12.8
33.723,46.309,8.2
32.979,48.624,6.6
32.242,51.421,15.3
32.240,51.433,52.8
33.160,44.795,9.8
33.163,44.788,12.5
32.507,47.211,7.2
32.365,47.702,19.1
32.356,47.700,7.8
32.354,47.711,8.0
32.261,47.255,14.6
32.178,47.523,10.4
32.128,47.410,10.0
32.109,47.547,14.6
32.107,47.558,8.6
32.119,47.409,47.3
32.118,47.419,23.0
32.059,47.445,13.4
31.661,47.516,11.9
31.659,47.526,7.7
31.320,49.282,7.5
31.770,46.039,7.3
31.769,46.051,19.9
31.211,49.220,8.0
31.278,48.730,8.8
31.217,48.948,6.1
31.216,48.958,11.0
31.137,49.326,20.2
31.128,49.324,6.5
31.278,48.109,5.2
31.277,48.119,90.7
31.306,47.800,12.7
31.234,47.968,5.7
31.364,45.967,7.7
31.093,47.792,47.9
31.091,47.802,7.5
31.082,47.622,9.1
31.080,47.632,14.4
31.064,47.619,16.4
31.038,47.279,40.9
31.036,47.290,81.4
31.027,47.288,11.8
30.396,50.620,8.2
30.751,48.279,69.0
30.749,48.290,17.8
30.881,47.333,13.3
30.827,47.333,18.3
30.688,47.326,30.9
30.687,47.337,30.6
30.614,47.327,8.0
30.565,47.106,50.0
30.495,47.320,10.2
30.345,48.277,15.4
30.401,47.337,20.4
30.366,47.331,6.6
30.364,47.341,72.1
30.363,47.351,19.2
30.356,47.339,8.0
30.315,47.347,9.9
30.286,47.362,9.8
30.277,47.361,11.6
30.217,47.395,48.2
30.215,47.405,7.5
30.208,47.393,33.4
30.206,47.403,7.4
30.179,47.408,4.9
30.168,47.417,49.4
29.001,47.859,6.8
29.000,47.869,57.2
29.009,47.749,28.3
28.494,49.710,21.3
28.492,49.721,28.3
28.368,49.627,28.6
28.366,49.638,8.8
28.311,49.522,40.7
27.758,52.175,13.8
27.727,52.169,25.1
27.495,52.961,23.1
27.492,52.978,83.8
27.481,52.975,30.6
27.518,52.601,14.8
27.513,52.631,11.6
27.509,52.639,15.7
27.815,48.860,14.6
27.813,48.870,8.3
27.806,48.623,7.1
27.805,48.633,7.6
57.950,60.046,17.1
57.947,60.063,26.0
51.874,54.741,11.7
51.872,54.755,19.8
51.871,54.696,10.0
51.569,52.753,10.9
50.352,57.132,12.8
48.386,57.422,62.5
48.383,57.436,39.0
48.328,57.438,20.3
46.781,48.120,11.9
46.779,48.137,20.5
19.683,-71.408,6.2
-1.613,-54.817,41.9
-1.612,-54.822,52.8
2.635,-60.173,52.4
2.647,-60.175,60.3
2.645,-60.193,27.6
2.650,-60.182,63.9
3.939,-58.418,21.5
3.927,-71.472,13.1
8.685,-63.160,12.3
8.558,-64.128,5.6
8.556,-64.139,12.1
8.728,-62.914,10.0
8.690,-63.153,11.1
8.732,-62.907,7.3
9.559,-63.637,8.1
9.644,-63.556,60.1
9.642,-63.569,65.6
9.622,-63.724,130.2
9.620,-63.736,42.0
9.658,-63.531,13.9
9.656,-63.544,12.7
9.653,-63.570,21.8
9.652,-63.537,28.6
9.649,-63.563,73.0
9.647,-63.576,35.6
9.653,-63.616,40.9
9.652,-63.629,131.2
9.682,-63.473,16.0
9.704,-63.463,38.0
9.726,-63.465,14.1
10.058,-64.860,18.1
10.211,-64.616,14.1
11.159,-68.667,8.2
11.735,-70.191,23.1
11.733,-70.201,25.4
11.744,-70.192,11.5
-1.187,104.238,9.4
-1.833,103.997,14.1
-1.855,103.705,6.3
-2.230,104.062,7.2
-2.965,105.136,8.4
-3.031,105.603,48.6
-3.042,105.602,42.0
-21.565,-62.276,43.1
-3.097,105.218,14.9
-21.567,-62.285,20.2
-3.153,105.390,14.6
-21.556,-62.277,115.9
-3.154,105.402,7.7
-21.558,-62.287,57.1
-3.290,105.281,11.1
-21.547,-62.278,41.4
-3.379,105.263,11.3
-3.494,103.741,11.7
-21.549,-62.288,21.1
-3.496,103.751,13.4
-20.596,-58.310,34.0
-3.734,105.446,244.2
-3.736,105.459,317.0
-20.598,-58.322,29.4
-3.738,105.472,57.5
-20.600,-58.333,6.7
-3.740,105.486,7.9
-3.747,105.458,68.4
-20.585,-58.301,8.2
-3.748,105.471,75.0
-20.586,-58.312,18.4
-3.754,105.477,9.6
-20.588,-58.323,8.7
-3.793,105.208,10.8
-20.733,-61.207,12.7
-3.806,103.820,8.3
-20.734,-61.217,19.1
-4.227,105.411,12.5
-20.308,-58.368,11.3
-4.219,104.968,10.8
-20.724,-61.209,19.1
-4.221,104.980,8.1
-20.725,-61.218,25.5
-4.330,105.178,10.6
-20.299,-58.370,25.2
-4.482,104.506,7.2
-20.715,-61.210,10.8
-4.637,104.586,11.1
-20.716,-61.220,7.2
-4.638,104.597,20.1
-20.289,-58.372,7.8
-4.758,104.722,7.5
-20.706,-61.212,8.9
-4.760,104.734,8.5
-20.708,-61.221,30.7
-4.757,104.728,18.3
-20.699,-61.222,13.8
-6.962,107.817,16.3
-20.259,-58.395,11.3
-20.261,-58.406,5.8
-20.253,-58.419,15.2
-20.255,-58.430,28.8
-20.257,-58.442,12.7
-20.258,-58.453,11.1
-20.247,-58.443,22.5
-19.695,-60.769,8.9
-19.397,-59.789,6.2
-19.399,-59.799,6.7
-19.403,-59.829,5.3
-19.392,-59.820,10.8
-19.394,-59.830,139.4
-19.395,-59.840,14.8
-18.274,-60.820,5.6
-18.373,-62.196,7.8
-18.655,-65.419,11.6
-18.656,-65.411,8.3
-18.118,-62.091,79.7
-18.120,-62.101,22.9
-17.920,-61.515,5.5
-17.910,-61.507,12.3
-17.911,-61.516,20.1
-17.977,-62.610,8.9
-17.978,-62.619,163.1
-17.980,-62.629,37.4
-17.968,-62.611,15.7
-17.969,-62.621,315.1
-17.971,-62.630,61.1
-17.049,-56.570,11.8
-17.052,-56.586,34.2
-17.041,-56.578,18.2
-18.024,-63.313,5.8
-18.025,-63.322,5.6
-17.559,-60.080,8.6
-17.560,-60.090,5.1
-17.549,-60.081,75.3
-17.551,-60.091,45.6
-18.251,-65.700,11.1
-18.253,-65.715,13.0
-17.498,-60.427,6.6
-17.406,-60.050,7.2
-17.407,-60.060,5.7
-17.424,-60.425,21.2
-17.426,-60.435,57.1
-17.379,-60.433,15.0
-17.385,-60.472,7.3
-17.406,-60.742,9.5
-17.352,-60.433,39.9
-17.353,-60.443,23.5
-17.364,-60.520,12.0
-17.366,-60.530,6.7
-17.284,-60.031,6.7
-17.343,-60.435,5.3
-17.968,-65.447,13.4
-17.985,-65.959,6.7
-17.987,-65.972,13.4
-17.980,-65.965,16.5
-17.187,-60.256,19.2
-17.178,-60.258,47.2
-17.180,-60.268,11.9
-17.090,-60.095,64.5
-17.092,-60.105,15.3
-17.269,-61.404,5.3
-17.270,-61.413,5.0
-17.256,-61.378,24.4
-17.257,-61.387,12.6
-17.612,-66.219,11.8
-17.169,-63.176,5.5
-17.170,-63.186,10.8
-16.667,-59.664,9.6
-16.669,-59.674,9.0
-16.658,-59.665,8.3
-17.112,-63.302,11.7
-17.102,-63.300,18.1
-17.104,-63.309,6.3
-16.177,-57.372,7.0
-16.812,-62.910,5.4
-16.450,-61.948,9.1
-16.544,-62.768,12.4
-16.545,-62.777,6.3
-16.358,-61.484,6.3
-16.349,-61.485,7.0
-16.538,-63.130,17.0
-16.539,-63.140,31.3
-16.540,-63.149,24.2
-16.216,-60.871,6.9
-16.287,-61.501,12.4
-16.420,-63.218,14.6
-16.082,-61.159,13.8
-16.289,-62.795,8.4
-16.281,-62.796,15.7
-15.959,-60.688,9.9
-15.960,-60.698,19.2
-15.434,-57.414,7.9
-16.289,-63.272,5.8
-16.291,-63.281,11.1
-16.065,-61.688,4.7
-16.054,-61.687,22.7
-16.056,-61.696,11.3
-16.010,-61.824,41.1
-16.012,-61.834,26.4
-15.922,-61.263,5.3
-15.961,-61.679,8.0
-15.960,-61.866,20.0
-15.961,-61.876,93.3
-15.839,-61.263,9.3
-16.115,-63.415,10.3
-15.706,-60.657,12.6
-15.707,-60.667,6.9
-15.697,-60.659,14.6
-15.820,-61.782,9.9
-15.654,-60.686,5.5
-15.655,-60.695,8.9
-15.811,-61.783,5.6
-15.646,-60.697,4.2
-15.988,-63.224,6.5
-15.710,-61.923,9.1
-15.711,-61.932,7.8
-15.670,-61.770,6.0
-15.886,-63.351,11.6
-15.887,-63.360,19.3
-15.877,-63.352,67.8
-15.878,-63.361,14.0
-16.392,-67.742,12.1
-15.426,-60.510,25.4
-15.416,-60.501,5.8
-15.417,-60.511,22.1
-15.497,-61.322,4.7
-15.420,-61.109,5.4
-15.649,-63.368,8.7
-15.650,-63.378,33.2
-15.652,-63.387,8.0
-15.640,-63.376,6.6
-15.642,-63.385,4.9
-15.375,-61.570,13.3
-15.569,-63.527,7.2
-15.635,-64.029,5.6
-15.560,-63.528,21.9
-15.561,-63.538,11.4
-15.551,-63.529,5.1
-15.552,-63.539,11.3
-15.225,-61.486,5.3
-15.227,-61.495,4.3
-15.528,-63.708,9.0
-15.518,-63.699,8.3
-15.519,-63.709,10.6
-15.456,-63.443,9.9
-15.064,-61.523,7.4
-15.388,-63.976,6.5
-15.027,-61.519,30.1
-15.029,-61.528,6.8
-15.153,-62.495,7.2
-15.154,-62.504,19.6
-15.168,-62.604,5.2
-15.145,-62.506,7.3
-15.120,-62.519,6.6
-15.121,-62.528,20.6
-15.112,-62.529,5.9
-15.181,-64.008,13.1
-14.559,-63.547,10.6
-14.498,-63.499,18.6
-14.499,-63.509,9.4
-14.304,-63.774,40.7
-14.305,-63.783,62.2
-14.369,-68.532,14.6
-13.562,-62.238,5.4
-13.563,-62.247,5.7
-12.897,-61.716,9.7
-12.899,-61.725,8.5
-12.888,-61.717,7.9
-13.496,-66.528,15.9
-13.484,-66.517,12.4
-13.485,-66.530,18.4
-11.995,-57.608,8.8
-11.983,-57.610,8.4
-12.859,-63.834,9.0
-12.857,-64.797,32.5
-11.272,-54.420,26.2
-11.277,-54.451,71.6
-11.026,-54.057,34.4
-12.784,-65.959,8.4
-12.785,-65.971,22.9
-12.774,-65.961,5.7
-12.775,-65.972,17.1
-12.579,-64.996,28.7
-12.580,-65.006,6.6
-12.570,-64.997,9.9
-11.161,-62.868,4.6
-10.817,-60.712,4.7
-10.818,-60.723,46.7
-10.820,-60.733,40.1
-10.807,-60.713,7.1
-10.809,-60.724,41.4
-11.508,-66.360,9.8
-10.250,-59.125,20.7
-10.252,-59.138,8.7
-10.247,-59.132,17.9
-10.958,-67.713,11.1
-9.929,-60.717,7.2
-9.536,-62.263,5.6
-9.538,-62.272,10.3
-9.570,-62.698,3.5
-9.572,-62.708,8.9
-9.157,-60.778,8.7
-9.088,-61.445,6.9
-9.659,-65.730,6.5
-8.910,-61.484,13.4
-7.688,-54.764,30.1
-7.695,-54.770,28.3
-9.082,-66.090,4.1
-9.286,-67.643,6.5
-9.074,-66.101,7.4
-9.039,-66.053,4.1
-9.040,-66.064,8.2
-8.606,-63.926,3.9
-8.607,-63.935,5.5
-7.711,-61.248,5.1
-6.086,-57.819,39.0
-6.073,-57.821,18.8
-6.084,-57.804,23.9
-6.087,-57.824,22.6
-6.071,-57.806,12.8
-6.074,-57.826,13.9
-6.061,-57.828,21.8
-5.301,-60.087,6.3
-3.835,-55.920,23.5
-3.962,-59.337,9.3
-3.964,-59.354,15.2
-2.665,-56.454,25.8
-2.668,-56.460,33.3
-2.789,-57.699,37.2
68.531,79.959,122.6
68.524,79.988,76.6
66.710,80.464,21.0
66.408,77.503,21.8
66.242,76.831,34.6
16.384,107.697,6.5
15.557,108.486,6.6
13.301,108.779,12.6
13.252,108.572,7.8
13.015,108.899,9.6
12.621,108.670,8.9
11.997,106.504,5.1
11.285,106.579,7.0
11.089,107.211,6.1
11.105,106.846,6.7
10.993,106.052,6.1
10.890,106.753,7.6
10.632,106.723,5.9
30.075,113.461,9.2
28.519,115.885,17.3
28.521,115.878,18.9
27.520,113.458,18.6
27.096,113.933,11.8
26.717,113.271,10.6
26.564,112.220,9.1
26.410,112.386,16.9
26.408,112.400,14.7
25.911,115.079,19.0
25.952,112.603,10.1
25.895,112.671,20.4
25.893,112.686,23.7
25.890,112.638,11.6
25.489,113.681,14.0
25.483,113.674,10.9
25.276,112.558,9.1
24.950,112.561,14.2
24.774,113.289,13.6
24.513,111.484,10.6
24.557,110.406,6.9
24.937,106.483,6.2
24.385,109.384,7.0
23.916,112.183,8.9
24.781,106.476,7.6
24.780,106.486,18.7
23.975,110.764,6.3
23.507,112.843,11.9
23.388,112.735,17.6
23.377,112.733,13.0
23.222,113.581,23.0
23.662,110.846,9.3
23.660,110.859,11.0
24.522,104.645,17.2
24.484,104.879,7.8
23.529,111.331,8.9
24.319,105.946,35.6
23.248,112.735,17.1
23.251,112.730,15.4
23.166,113.073,14.0
22.765,115.006,27.2
23.372,111.163,8.5
24.119,106.065,5.9
23.368,111.001,10.5
23.915,107.261,6.6
23.240,111.583,7.9
23.902,106.976,4.2
23.284,110.952,8.1
23.939,106.435,5.3
23.938,106.444,9.3
22.874,113.011,17.3
23.042,112.005,9.8
22.921,112.231,11.2
22.815,112.573,12.9
23.517,108.156,5.8
22.664,112.881,11.6
22.657,112.873,15.4
22.749,112.216,11.4
23.347,107.995,4.4
22.511,112.764,12.8
22.523,112.512,18.7
22.483,112.539,14.4
22.849,108.785,7.6
22.524,107.810,6.4
22.193,105.241,5.9
21.291,106.636,11.0
21.233,106.525,6.5
51.338,121.503,10.2
40.567,110.584,2.8
39.532,116.932,14.1
39.542,116.911,9.0
39.526,116.941,9.5
39.306,117.953,15.0
38.889,116.224,9.2
38.611,117.076,12.3
20.801,-156.598,100.6
20.809,-156.608,192.5
18.003,-93.453,8.2
19.393,-92.043,8.8
19.600,-92.293,6.3
-15.086,14.649,43.6
-15.088,14.659,40.5
-15.097,14.657,5.8
20.526,-100.923,13.1
-15.098,14.667,12.1
-15.100,14.676,5.6
28.057,-97.438,9.6
30.785,-100.496,15.3
-15.101,14.686,13.5
30.782,-100.508,7.3
30.796,-100.485,9.8
-15.110,14.688,20.8
30.794,-100.498,39.2
-15.111,14.697,11.7
30.792,-100.511,82.1
30.804,-100.500,15.4
-15.143,14.537,6.8
30.802,-100.513,13.8
-16.071,17.020,8.9
33.629,-99.832,10.2
-15.826,14.784,17.3
33.627,-99.843,35.0
-15.827,14.794,8.0
33.625,-99.854,10.5
-15.836,14.793,7.2
33.638,-99.834,14.3
-16.139,16.755,11.8
-16.535,18.163,12.7
33.636,-99.845,19.4
-19.077,22.583,49.5
35.259,-99.711,3.9
37.142,-94.367,6.8
9.944,78.205,7.9
9.914,78.280,6.8
9.406,77.555,6.6
8.394,81.224,17.2
8.327,81.356,6.6
7.638,80.954,19.8
6.724,81.217,6.0
6.660,81.197,5.7
6.658,81.207,12.1
6.643,81.247,11.9
6.641,81.257,29.9
6.637,81.250,18.6
6.635,81.260,8.6
45.566,102.339,11.7
44.848,90.937,6.2
45.350,85.238,6.2
43.609,92.908,16.0
29.677,90.920,19.3
29.557,90.992,13.8
43.606,92.924,9.4
29.282,88.867,13.9
22.372,91.380,55.1
22.374,91.374,33.4
22.377,87.283,9.9
21.708,87.139,8.0
22.037,83.735,6.7
21.752,83.841,5.7
21.743,83.840,5.8
21.538,84.032,4.6
20.965,86.008,16.7
20.963,86.022,10.4
20.956,86.062,7.4
20.967,86.017,13.9
20.950,86.055,10.3
21.075,85.033,6.1
21.073,85.045,7.2
20.969,85.175,12.8
20.887,84.987,7.6
20.866,84.995,7.7
20.792,85.253,13.3
20.790,85.265,7.3
20.384,85.167,8.7
18.273,80.575,5.8
15.184,76.672,9.0
15.175,76.658,9.4
14.350,79.476,7.7
29.235,19.695,13.7
29.234,19.708,7.0
29.234,19.701,16.2
29.054,20.786,6.8
28.907,20.984,10.0
29.078,19.064,37.0
28.908,19.774,75.8
28.907,19.787,16.2
28.466,21.835,6.5
28.464,21.845,21.6
28.432,19.591,8.3
27.991,19.904,10.5
-1.164,174.857,42.5
-0.291,174.483,52.4
0.107,174.361,50.9
4.601,-2.890,9.4
51.487,6.710,8.4
51.365,6.714,11.5
51.179,3.816,13.5
51.170,3.813,14.0
42.904,1.502,17.9
36.645,-5.113,26.2
36.634,-5.116,20.9
36.643,-5.100,21.3
36.633,-5.103,27.0
53.204,143.237,6.1
31.663,6.062,23.1
31.669,6.058,24.9
37.596,-119.591,11.4
37.606,-119.593,41.9
37.626,-119.595,23.5
37.625,-119.609,13.4
37.623,-119.623,15.4
37.635,-119.611,29.0
37.633,-119.625,35.7
37.644,-119.612,643.0
37.643,-119.627,208.1
37.646,-119.604,157.4
37.645,-119.619,501.2
37.643,-119.633,13.7
37.655,-119.620,12.7
61.982,68.578,6.1
61.949,68.470,10.9
61.096,70.200,5.6
57.424,78.689,21.1
55.010,73.068,7.7
55.007,73.086,7.1
55.001,73.063,6.0
55.113,72.234,20.2
55.107,72.212,6.8
55.104,72.229,18.8
54.383,73.081,8.5
54.379,73.099,12.0
54.242,73.367,6.4
54.233,73.361,5.3
54.081,73.867,10.3
54.077,73.887,12.5
54.642,70.240,6.6
54.605,69.833,8.0
54.602,69.848,6.5
54.074,72.464,31.4
53.649,66.150,14.1
53.512,66.479,3.0
53.310,66.391,5.3
53.049,67.700,5.1
53.047,67.714,14.4
50.466,78.587,15.5
50.457,78.625,15.8
50.819,76.624,11.2
53.449,59.052,15.9
50.914,69.377,13.8
50.905,69.373,8.6
50.349,57.125,14.6
48.324,57.431,16.3
25.536,53.149,28.1
25.156,52.860,15.6
24.902,53.726,23.3
24.900,53.741,10.4
24.861,53.706,20.0
24.859,53.721,13.7
24.503,56.605,10.1
24.855,53.713,26.1
24.799,53.735,21.1
-12.443,49.187,5.8
-13.177,49.093,24.3
-13.361,49.529,6.9
-13.445,49.593,6.5
-13.446,49.602,7.8
-13.792,49.323,12.5
-13.801,49.321,10.4
-13.803,49.330,10.0
-13.965,48.930,6.6
-14.466,48.443,7.4
-15.228,48.102,10.5
-15.160,47.589,4.5
-15.162,47.600,9.9
-15.166,47.394,21.8
-15.167,47.404,7.6
-15.265,47.800,8.7
-15.408,47.583,5.0
-15.503,47.663,4.5
-15.705,47.901,6.7
-15.723,47.898,12.7
-15.729,47.877,28.0
-16.013,48.672,12.2
-16.022,48.671,20.3
-16.024,48.680,17.7
-15.945,47.900,6.8
-15.954,47.899,20.8
-15.956,47.909,19.3
-16.054,48.508,4.7
-16.056,48.517,7.1
-16.082,47.827,10.7
-16.083,47.836,7.4
-16.445,47.973,8.3
-16.445,47.665,7.0
-16.507,47.769,19.4
-16.508,47.779,13.3
-16.590,48.138,13.1
-16.591,48.147,5.5
-16.629,47.843,7.1
-16.610,46.923,6.1
-16.900,47.681,10.5
-16.902,47.692,11.8
-17.081,48.089,6.2
-17.078,47.390,7.4
-16.904,46.101,10.3
-16.906,46.112,13.5
-16.895,45.789,10.8
-17.278,46.276,9.7
-17.356,45.911,9.8
-17.589,47.350,13.3
-17.590,47.360,9.6
-17.619,47.426,6.7
-17.639,47.316,7.5
-17.772,47.832,4.2
-17.854,48.074,5.2
-17.449,44.841,9.2
-17.451,44.855,8.2
-17.960,48.100,13.3
-17.961,48.109,4.3
-17.545,45.232,6.7
-17.965,47.954,6.1
-18.066,47.951,7.9
-18.068,47.961,3.2
-17.930,46.808,9.8
-17.926,45.692,7.8
-17.926,45.686,12.4
-17.985,45.421,8.8
-19.829,48.329,4.0
-22.415,47.840,4.1
-22.416,47.850,3.9
-22.437,44.796,19.1
-22.779,43.817,9.7
68.528,79.941,9.7
68.525,79.964,31.5
67.551,83.204,66.5
67.547,83.227,34.2
67.279,83.037,31.1
66.707,80.446,20.2
66.656,80.461,11.4
40.692,71.559,6.6
40.872,69.534,36.1
41.851,60.548,6.3
38.560,65.957,7.7
37.590,61.531,6.0
37.033,62.419,7.8
35.622,60.073,4.8
32.246,51.433,20.5
32.239,51.427,28.4
30.083,55.399,7.7
28.428,57.842,8.3
28.427,57.852,8.9
28.488,49.706,59.5
28.486,49.738,28.9
28.489,49.699,45.8
28.487,49.731,56.1
28.375,49.618,73.5
28.372,49.651,44.1
28.306,49.514,59.9
28.308,49.507,48.5
28.306,49.540,50.4
27.159,56.104,8.7
60.529,132.538,12.7
60.359,131.230,20.5
60.354,131.206,13.1
60.362,131.220,29.6
-3.914,-43.028,30.9
-8.337,-44.165,36.0
-8.348,-44.203,33.4
-8.354,-44.167,1233.4
-8.360,-44.132,302.3
-8.345,-44.171,746.6
-8.352,-44.136,272.2
-8.362,-44.174,356.9
-8.368,-44.139,234.5
-20.240,-40.240,13.0
-8.421,142.699,31.1
-8.580,141.344,12.9
-8.587,141.231,12.5
13.779,127.436,8.5
-8.647,140.617,13.2
-34.583,146.478,9.8
-8.637,140.616,28.6
-34.242,146.058,6.3
-8.605,140.547,19.8
-8.607,140.535,10.2
-33.231,145.503,13.6
-8.519,141.019,9.2
-33.233,145.491,36.6
-8.432,141.321,54.7
-33.235,145.479,40.1
-8.494,140.793,10.6
-32.725,146.573,17.6
-8.454,140.974,16.3
-8.475,140.647,19.5
-32.715,146.570,19.0
-32.717,146.557,7.3
-8.478,140.654,16.5
-8.492,140.428,11.8
-8.344,141.301,18.1
-32.383,146.632,9.6
-8.194,142.166,16.1
-32.373,146.629,8.2
-8.333,141.299,36.6
-32.376,146.615,12.5
-8.242,141.798,18.6
-29.932,149.161,21.4
-8.297,141.455,16.3
-27.897,148.746,28.1
-8.223,141.842,11.6
-27.894,148.761,27.4
-8.225,141.827,50.9
-27.860,148.729,162.9
-26.345,150.468,90.7
-8.287,141.306,23.4
-8.403,140.591,14.1
-8.405,140.578,14.8
-8.279,141.290,119.8
-8.285,141.299,35.3
-8.386,140.646,15.8
-8.274,141.297,64.5
-8.276,141.283,49.1
-8.417,140.311,7.0
-8.222,141.480,37.0
-8.254,141.208,54.3
-8.316,140.818,16.3
-8.389,140.356,9.1
-8.122,141.819,18.5
-8.362,140.327,8.7
-7.965,142.616,58.2
-8.317,140.363,8.8
-8.319,140.351,16.1
-8.242,140.774,16.6
-8.273,140.443,27.0
-8.227,140.666,74.9
-8.229,140.654,128.7
-8.132,141.125,11.6
-7.916,142.367,19.2
-7.910,142.359,23.1
-8.151,140.833,11.1
-8.231,140.183,8.1
-7.979,141.704,22.6
-8.133,140.605,11.5
-8.062,140.982,7.9
-8.064,140.968,7.8
-8.106,140.706,22.8
-8.059,140.976,11.1
-8.020,141.152,11.8
-8.150,140.311,75.8
-8.010,141.150,10.0
-8.140,140.310,270.2
-8.098,140.517,9.0
-8.178,140.002,7.2
-8.050,140.484,7.1
-7.875,141.496,62.5
-7.878,141.481,87.2
-7.872,141.504,16.4
-7.875,141.489,87.3
-7.866,141.472,69.0
-7.915,141.156,17.8
-7.922,141.044,20.9
-7.955,140.762,14.2
-7.832,141.467,34.6
-7.947,140.747,94.9
-7.949,140.734,165.2
-7.939,140.732,12.9
-7.810,141.463,37.4
-7.984,140.378,11.0
-8.020,140.149,10.7
-7.899,140.847,26.1
-7.980,140.339,43.4
-8.010,140.148,38.7
-8.012,140.136,14.8
-8.074,139.747,7.3
-8.321,138.150,5.2
-7.924,140.624,12.1
-7.926,140.612,8.5
-7.934,140.561,103.6
-7.936,140.548,65.7
-7.893,140.854,35.2
-7.929,140.619,24.9
-7.937,140.569,10.3
-7.939,140.556,109.8
-7.985,140.187,23.6
-7.992,140.139,9.0
-7.829,140.981,12.2
-7.885,140.626,27.7
-7.887,140.613,46.6
-8.261,138.182,6.8
-8.262,138.173,6.2
-8.268,138.136,7.1
-8.319,137.797,4.2
-7.810,141.034,17.7
-7.875,140.624,41.1
-7.877,140.611,49.0
-8.248,138.209,4.7
-8.249,138.199,12.3
-7.799,141.032,23.6
-7.963,139.932,19.1
-7.978,139.772,7.4
-7.823,140.681,13.3
52.731,59.216,32.9
-7.784,140.884,24.9
50.096,58.055,68.7
-8.243,137.862,5.6
-7.792,140.763,12.3
50.095,58.047,54.8
-7.896,140.093,12.4
48.428,42.788,8.3
-8.103,138.737,7.4
-7.802,140.632,16.6
46.775,48.126,41.5
-7.804,140.619,13.5
-24.165,149.565,26.6
46.477,30.319,11.0
-7.994,139.388,11.9
41.979,44.278,11.6
-8.094,138.736,7.8
-23.640,134.578,33.1
-7.689,141.282,9.4
-7.821,140.440,88.8
-23.190,133.317,378.2
-7.823,140.428,16.4
-23.192,133.295,959.4
-7.929,139.746,15.7
-8.084,138.734,25.5
-23.194,133.274,64.0
-8.086,138.724,9.0
-23.190,133.310,715.5
-7.780,140.498,11.9
-23.192,133.289,630.6
-7.902,139.730,12.1
-7.637,141.318,9.0
-23.071,133.333,61.2
-7.752,140.610,9.0
-22.552,131.296,833.8
-7.834,140.095,13.9
-22.554,131.267,102.7
-7.839,140.060,40.5
-22.534,131.324,206.6
-7.919,139.552,7.7
-22.537,131.295,2764.2
-7.946,139.380,14.8
-7.948,139.370,14.2
-22.540,131.265,217.0
-7.950,139.359,11.6
-22.422,131.536,565.8
-22.425,131.508,258.8
-8.011,138.967,5.2
-7.799,140.248,10.5
-19.574,147.112,21.1
-7.910,139.551,24.8
-19.569,147.106,14.4
-7.952,139.284,8.3
-7.947,139.288,6.5
-20.737,139.475,11.3
-7.761,140.374,8.7
-20.565,129.627,176.7
-7.782,140.240,9.6
-7.836,139.887,8.8
-20.568,129.590,140.2
-7.962,139.058,5.5
-20.539,129.733,415.4
-7.721,140.561,8.7
-20.543,129.697,924.0
-7.822,139.909,9.6
-7.953,139.056,6.4
-20.546,129.661,1101.4
-7.586,141.349,22.2
-20.551,129.694,341.2
-7.589,141.334,45.6
-20.554,129.658,186.9
-7.794,140.023,6.6
-7.657,140.831,15.3
-20.558,129.622,232.8
-7.944,138.992,12.9
-20.561,129.585,113.0
-7.934,138.991,19.2
-20.528,129.764,459.3
-7.963,138.800,9.1
-20.532,129.728,510.6
-7.965,138.790,11.0
-20.535,129.692,843.7
-7.954,138.799,20.3
-7.956,138.789,15.0
-20.538,129.656,710.7
-7.572,141.155,26.1
-7.575,141.140,124.0
-20.545,129.584,55.2
-7.593,141.029,9.7
-20.549,129.547,66.8
-7.665,140.578,18.9
-20.529,129.582,106.0
-7.919,138.967,11.3
-20.470,129.502,68.0
-7.554,141.195,28.0
-7.619,140.797,11.0
-20.452,129.604,121.8
-7.879,139.160,7.5
-20.456,129.567,228.6
-7.570,141.147,70.6
-20.459,129.531,65.0
-7.657,140.583,32.4
-20.440,129.566,127.8
-7.923,138.828,9.2
-20.394,129.707,59.8
-7.925,138.818,10.0
-20.386,129.702,57.3
-7.550,141.203,25.5
-7.708,140.111,7.5
-7.810,139.445,5.9
-7.812,139.434,7.6
-7.843,139.169,15.6
-17.153,135.279,31.6
-7.844,139.159,28.6
-7.460,141.412,63.4
-17.155,135.267,56.4
-7.681,140.022,8.4
-17.156,135.255,32.0
-7.982,138.063,10.4
-15.586,144.806,26.3
-7.984,138.054,9.8
-14.737,144.524,99.6
-7.455,141.305,83.2
-14.740,144.505,51.7
-7.764,139.361,17.9
-14.721,144.541,13.9
-7.443,141.304,37.2
-16.023,136.088,8.2
-7.712,139.631,6.5
-7.791,139.129,6.0
-15.438,136.186,11.9
-7.453,141.314,39.8
-16.110,130.021,89.8
-7.455,141.300,39.1
-16.109,130.014,123.3
-7.711,139.625,6.8
-15.518,134.181,10.3
-15.520,134.168,10.6
-7.953,138.015,7.0
-15.513,134.175,15.0
-7.770,139.173,11.2
-15.110,135.572,24.7
-7.453,141.167,10.9
-15.104,135.549,22.8
-7.741,139.297,6.3
-13.465,143.112,25.0
-7.802,138.896,15.8
-13.456,143.094,41.6
-7.500,140.793,20.7
-13.448,143.087,33.0
-7.923,138.030,16.3
-13.408,142.904,45.6
-7.568,140.293,12.9
-13.411,142.889,9.4
-7.570,140.281,15.5
-14.053,136.735,9.9
-7.689,139.509,6.3
-12.904,143.007,17.3
-7.679,139.507,12.7
-12.866,142.340,16.6
-7.681,139.497,33.1
-7.776,138.881,18.4
-12.594,142.046,13.5
-13.189,136.195,11.9
-7.777,138.871,8.3
-13.191,136.185,6.2
-7.670,139.506,24.4
-12.031,142.630,12.1
-7.671,139.495,48.7
-13.028,136.223,10.8
-7.860,138.268,26.1
-12.100,142.079,11.2
-7.861,138.259,17.3
-12.102,142.065,16.2
-7.662,139.494,10.8
-11.963,142.628,10.8
-7.851,138.267,17.4
-11.952,142.626,12.6
-7.852,138.257,29.8
-12.913,136.056,11.4
-7.861,138.201,11.7
-12.914,136.047,15.3
-11.875,142.527,25.9
-7.852,138.199,10.3
-11.878,142.512,48.4
-7.853,138.190,22.4
-11.877,142.522,32.8
-7.443,140.743,21.9
-12.641,136.610,12.8
-7.686,139.213,11.0
-13.052,131.379,44.4
-7.446,140.750,17.9
-12.376,136.401,5.5
-7.839,138.095,12.6
-12.277,136.885,4.3
-7.848,138.030,17.8
-12.353,136.363,14.7
-7.850,138.021,59.1
-11.406,142.150,18.7
-7.851,138.012,15.8
-11.409,142.135,13.3
-7.593,139.656,6.6
-11.368,142.173,10.9
-7.595,139.645,6.7
-11.368,142.167,10.7
-7.642,139.340,14.9
-11.986,135.704,14.2
-7.841,138.020,44.2
-11.977,135.702,16.1
-7.262,141.712,19.3
-11.953,135.739,5.7
-7.282,141.587,31.3
-11.942,135.687,15.8
-7.404,140.743,8.4
-12.307,133.006,18.7
-7.427,140.599,8.0
-7.598,139.499,23.9
-11.862,135.857,11.7
-7.629,139.295,11.4
-12.056,134.268,34.1
-7.642,139.210,12.6
-11.783,135.894,10.0
-7.813,138.082,11.3
-12.074,133.455,89.0
-7.416,140.598,20.6
-12.062,133.467,24.0
-7.563,139.595,7.4
-12.051,133.466,32.4
-12.011,133.527,19.3
-7.252,141.488,11.2
-7.308,141.136,79.3
-12.013,133.514,18.3
-7.279,141.250,53.0
-12.016,133.521,26.9
-11.307,132.496,7.4
-7.362,140.669,36.7
-7.364,140.656,35.3
-11.140,132.538,12.8
-7.279,141.244,23.6
-9.049,142.439,17.3
-9.037,142.437,15.9
-7.368,140.664,31.0
-9.100,141.987,24.7
-7.286,141.127,22.5
-7.358,140.663,24.0
-9.102,141.972,23.6
-7.445,140.027,9.0
-9.152,141.673,14.9
-7.459,139.933,13.2
-7.613,138.926,7.2
-7.737,138.102,9.6
-9.101,141.980,44.4
-7.738,138.093,9.8
-7.320,140.697,11.6
-9.148,141.681,13.4
-7.578,139.025,9.9
-9.081,141.961,9.0
-7.309,140.695,134.7
-7.311,140.682,56.7
-9.091,141.823,23.2
-7.592,138.809,7.1
-9.094,141.808,26.6
-7.594,138.799,17.1
-9.120,141.646,13.4
-7.239,140.759,21.1
-7.241,140.746,26.8
-9.037,142.017,13.2
-7.485,139.152,12.8
-9.093,141.597,17.9
-7.492,139.110,17.1
-9.100,141.554,10.8
-7.493,139.100,9.6
-8.938,142.397,11.9
-7.488,139.068,116.3
-9.137,141.191,10.0
-7.490,139.057,84.1
-8.962,142.183,43.0
-7.147,141.201,14.0
-8.965,142.167,94.3
-7.479,139.066,76.3
-9.098,141.366,11.8
-7.481,139.056,67.0
-9.107,141.311,13.8
-7.412,139.314,7.6
-9.132,141.198,9.9
-7.409,139.270,13.5
-7.362,139.505,10.4
-8.933,142.390,13.2
-7.204,140.532,8.3
-8.966,142.178,43.6
-7.384,139.348,25.2
-7.336,139.598,11.1
-8.969,142.162,18.1
-7.337,139.587,12.1
-9.096,141.360,8.0
-7.359,139.443,17.0
-9.102,141.319,10.1
-7.374,139.346,33.8
-9.104,141.305,7.8
-7.376,139.335,12.4
-8.955,142.176,88.2
-7.350,139.442,36.5
-7.364,139.345,12.6
-8.957,142.160,102.7
-9.011,141.682,28.4
-9.096,141.151,7.0
-7.366,139.334,59.4
-7.320,139.505,7.3
-8.859,142.395,31.5
-7.273,139.680,41.0
-8.845,142.410,81.6
-7.275,139.668,9.7
-7.263,139.678,11.9
-8.835,142.418,93.6
-7.409,138.738,6.4
-8.838,142.401,44.6
-7.437,138.551,5.3
-7.395,138.766,9.5
-7.396,138.756,8.4
-8.859,142.120,17.7
-7.422,138.588,16.7
-8.861,142.104,36.3
-7.424,138.579,14.9
-8.896,141.886,23.1
-7.287,139.399,8.2
-8.847,142.118,23.9
-7.435,138.385,16.4
-7.422,138.412,8.5
-8.850,142.102,173.1
-6.996,141.061,60.7
-8.921,141.660,11.4
-7.191,139.671,8.1
-7.202,139.604,15.3
-8.869,141.913,47.6
-6.958,141.084,16.8
-8.871,141.898,11.5
-7.125,140.030,34.5
-7.297,138.920,8.3
-9.010,141.035,7.5
-7.280,138.907,5.3
-8.770,142.373,14.7
-7.082,140.054,77.7
-7.105,139.900,9.8
-8.810,142.128,12.0
-7.268,138.827,13.4
-8.813,142.112,20.1
-7.075,140.029,21.5
-7.166,139.434,5.8
-8.755,142.387,20.2
-7.251,138.876,6.3
-8.758,142.371,86.5
-7.166,139.367,6.4
-6.905,140.983,8.9
-8.791,142.174,15.1
-7.188,139.034,5.8
-6.882,140.922,31.3
-8.996,140.860,19.3
-6.884,140.908,16.7
-6.820,141.079,13.8
-8.998,140.847,44.0
-6.829,140.949,22.5
-8.761,142.383,55.9
-6.807,140.875,16.4
-6.809,140.861,26.6
-8.764,142.366,40.2
-6.816,140.680,8.5
-6.926,139.925,13.9
-9.001,140.855,32.4
-6.928,139.920,12.1
-8.785,142.086,15.1
-6.874,140.133,43.0
-6.905,139.868,10.9
-8.885,141.457,8.1
-7.061,138.720,6.3
-8.887,141.442,7.6
-6.690,140.893,15.6
-6.706,140.796,18.4
-8.976,140.877,9.8
-6.871,139.755,14.0
-8.978,140.864,9.3
-6.926,139.406,7.0
-6.958,139.201,11.0
-8.793,141.959,15.8
-6.687,140.886,12.8
-8.782,141.957,57.6
-6.689,140.661,10.9
-8.785,141.941,54.3
-6.893,139.339,40.3
-8.744,142.047,22.6
-6.894,139.328,7.4
-8.924,140.935,10.4
-6.998,138.643,6.5
-8.926,140.922,13.9
-8.732,142.045,27.5
-6.659,140.712,10.6
-8.735,142.029,29.6
-8.897,141.038,11.8
-6.661,140.698,8.8
-6.648,140.710,12.2
-8.916,140.920,8.7
-8.607,142.687,13.8
-6.661,140.629,12.3
-6.817,139.634,14.3
-8.686,142.194,12.2
-8.704,142.082,18.6
-6.657,140.588,9.4
-6.807,139.633,20.1
-8.900,140.767,62.1
-8.888,140.778,25.8
-6.809,139.621,8.6
-6.842,139.342,10.0
-8.890,140.765,23.3
-8.571,142.681,20.0
-6.833,139.341,76.3
-8.574,142.664,81.7
-6.834,139.330,27.2
-8.624,142.285,13.0
-6.838,139.308,12.1
-8.782,141.303,34.3
-6.840,139.297,28.6
-8.798,141.138,20.3
-6.830,139.345,17.9
-8.822,140.992,22.8
-6.831,139.335,34.1
-8.867,140.709,7.5
-8.779,141.190,7.7
-6.836,139.302,26.4
-8.781,141.177,12.6
-8.822,140.925,12.7
-8.704,141.582,9.1
-6.833,139.191,14.8
-8.746,141.255,14.7
-6.835,139.181,23.2
-8.742,141.263,12.6
-8.761,141.071,17.0
-6.795,139.374,12.8
-8.645,141.733,20.5
-8.740,141.136,9.8
-6.797,139.363,19.2
-8.750,141.069,29.9
-6.786,139.372,60.2
-8.752,141.056,15.4
-8.413,142.705,38.7
-6.787,139.361,81.5
-8.704,140.953,11.1
-6.783,139.194,8.6
-6.769,139.225,8.4
-6.713,139.433,31.2
-6.715,139.422,26.8
-6.728,139.334,9.7
-6.730,139.323,6.9
-6.707,139.410,17.6
-6.696,139.351,20.6
-6.697,139.341,38.0
-6.457,140.822,11.1
-6.648,139.595,7.6
-6.662,139.505,7.1
-6.729,139.070,8.3
-6.731,139.060,6.0
-6.664,139.426,66.1
-6.628,139.465,90.3
-6.696,139.033,38.0
-6.697,139.023,16.5
-6.626,139.471,28.8
-6.628,139.460,57.7
-6.644,139.349,29.9
-6.691,139.037,13.2
-6.693,139.027,38.1
-6.678,139.057,11.5
-6.361,141.064,9.4
-6.699,138.858,8.0
-6.700,138.847,16.7
-6.353,140.900,14.3
-6.355,140.886,77.6
-6.580,139.441,12.1
-6.647,139.009,19.1
-6.648,138.998,47.9
-6.449,140.219,31.0
-6.571,139.439,30.0
-6.596,139.274,49.2
-6.580,139.316,55.1
-6.641,138.859,6.1
-6.541,139.435,14.7
-6.631,138.858,34.5
-6.633,138.847,73.2
-6.626,138.850,11.0
-6.503,139.537,62.3
-6.585,138.929,7.7
-6.483,139.534,39.0
-6.485,139.523,46.6
-6.524,139.267,7.3
-6.468,139.566,10.5
-6.470,139.555,10.3
-6.473,139.532,11.0
-6.475,139.521,23.9
-6.430,139.549,30.5
-6.432,139.537,26.7
-6.430,139.543,32.5
-6.413,139.587,12.8
-6.417,139.564,48.1
-6.467,139.231,11.7
-6.409,139.551,14.8
-6.105,141.085,9.5
-6.349,139.542,19.5
-6.351,139.531,15.4
-6.357,139.497,7.0
-6.381,139.340,15.9
-6.383,139.329,21.9
-6.401,139.209,14.0
-6.104,141.078,17.0
-6.313,139.635,17.5
-6.397,139.081,32.3
-6.322,139.508,7.0
-6.366,139.087,6.5
-6.355,139.096,6.7
-6.357,139.086,28.4
-6.276,139.547,8.3
-6.339,139.138,5.7
-6.338,139.083,6.9
-6.240,139.648,7.0
-6.238,139.524,13.2
-6.262,139.366,8.2
-6.310,139.051,10.4
-6.341,138.715,6.4
-6.175,139.608,11.5
-6.176,139.597,11.6
-6.261,138.758,40.3
-6.262,138.748,17.1
-6.186,138.992,9.1
-6.101,139.484,11.8
-6.102,139.473,7.9
-6.104,139.461,18.2
-6.159,138.913,5.5
-6.207,138.568,7.7
-6.057,139.437,13.0
-6.058,139.426,32.6
-6.060,139.414,16.2
-6.050,139.413,30.4
-6.046,139.241,7.1
-5.908,139.535,7.5
-5.910,139.524,17.8
-5.845,139.615,7.5
-5.840,139.579,7.9
-5.824,139.552,8.6
-5.805,139.609,10.0
-5.808,139.586,6.4
-5.810,139.574,6.3
-5.701,139.610,16.9
-5.646,139.245,29.3
-5.643,139.249,8.8
-5.599,139.474,6.5
-5.571,139.388,8.3
-5.463,139.495,8.2
-4.112,144.454,60.3
-4.070,143.953,21.1
-4.070,143.948,26.4
-3.992,144.250,69.4
-4.061,136.082,6.6
-4.028,136.059,8.2
-4.020,136.058,6.5
-3.964,136.115,12.2
-3.965,136.107,7.5
-3.961,135.136,8.5
-3.748,135.006,6.5
-3.722,135.002,6.7
-3.714,134.295,5.2
-3.406,135.447,11.3
-3.408,135.430,28.1
-3.412,135.403,5.7
-3.631,133.082,6.5
-3.621,133.081,7.4
-3.297,134.808,3.4
-3.484,133.027,11.3
-3.292,133.956,31.2
-3.263,133.964,32.5
-3.264,133.955,28.0
-3.360,132.970,7.8
-3.119,134.514,5.0
-2.943,133.627,6.1
-2.995,133.210,10.8
-2.996,133.200,7.8
-3.025,133.005,21.1
-3.026,132.994,23.0
-2.876,133.958,8.9
-2.966,133.340,5.2
-2.987,133.199,5.9
-2.991,133.105,44.0
-2.992,133.095,25.6
-2.835,134.114,9.5
-2.919,133.535,7.8
-2.889,133.610,9.1
-2.891,133.600,8.7
-2.892,133.590,8.0
-2.951,133.183,8.2
-2.872,133.611,9.4
-2.888,133.179,17.2
-2.844,133.418,6.9
-2.834,133.112,12.5
-2.836,133.102,29.1
-2.759,133.297,7.8
-3.546,126.856,58.3
-3.546,126.881,34.9
-3.551,126.850,53.0
-2.636,133.008,29.4
-2.637,132.998,34.1
-3.025,129.765,13.8
-2.441,133.144,6.5
-2.442,133.134,10.1
-1.922,133.164,8.3
-1.833,132.518,15.0
-1.823,132.517,37.7
-1.132,131.926,9.9
1.072,128.245,22.1
1.455,124.794,31.2
-1.476,37.105,67.6
-1.484,37.099,59.6
11.660,40.041,30.9
-1.418,29.207,77.8
38.021,45.941,14.2
8.419,36.717,19.7
-1.419,29.217,6.6
38.779,36.543,4.3
6.532,38.062,19.7
-2.883,35.763,60.5
38.074,40.543,9.1
3.264,33.581,19.6
-14.696,25.349,6.0
-5.713,33.689,14.9
38.126,39.807,7.2
2.914,33.688,26.6
-6.882,34.032,55.4
38.072,40.125,9.7
-14.983,27.450,14.4
-6.885,34.056,42.8
37.783,40.067,5.9
-14.960,27.210,6.9
-6.631,30.934,8.2
37.754,39.472,19.6
-15.437,30.734,26.2
37.752,39.484,12.8
-8.049,34.371,85.4
-15.442,30.728,19.6
37.745,39.469,16.5
-8.052,34.365,78.0
-14.594,24.132,11.8
37.743,39.482,12.1
-8.231,31.057,13.8
67.549,83.205,139.6
-14.596,24.142,5.3
38.710,32.056,7.0
-9.617,25.190,10.0
-14.616,24.280,4.6
37.142,42.611,9.1
-9.625,25.180,7.0
-15.001,26.416,8.0
38.684,31.882,8.9
-9.626,25.189,21.5
-10.990,33.454,34.2
-14.673,24.038,5.0
37.016,42.033,14.8
-10.993,33.478,28.3
37.451,39.107,7.2
-14.947,25.424,7.4
-10.608,29.756,29.5
-15.070,26.313,14.3
-10.321,27.211,8.5
36.809,42.395,15.2
-11.172,31.942,19.0
-15.145,26.878,7.2
-11.074,31.058,19.8
36.798,42.391,18.3
-11.084,31.067,10.0
-14.797,24.193,12.6
-10.647,27.579,5.0
-15.055,25.216,5.6
37.521,38.006,6.4
-15.356,27.205,8.4
-14.901,23.832,7.8
36.874,41.108,11.4
-10.653,27.617,3.5
-15.052,24.302,7.1
-11.193,31.672,27.2
36.871,41.123,10.3
-15.180,25.192,7.8
-11.088,30.539,20.0
-15.355,26.446,6.4
36.875,40.986,12.6
-11.319,32.075,70.0
-15.856,30.043,10.3
36.575,42.091,11.8
-15.953,29.992,16.2
-11.319,32.069,33.2
36.954,39.578,13.2
-11.322,32.088,31.7
-15.955,30.009,24.6
36.699,40.925,9.3
-11.475,31.869,19.4
-15.303,24.683,4.2
-11.089,28.672,7.0
36.697,40.939,8.6
-15.263,24.344,4.3
36.784,39.913,9.3
-15.358,25.008,12.8
-15.347,24.354,79.3
-11.398,30.913,44.4
36.625,40.704,8.2
-15.348,24.363,44.1
-11.400,30.928,42.8
37.356,36.004,6.2
-15.356,24.352,8.3
-10.924,26.190,9.1
-15.357,24.361,6.3
37.265,35.728,9.6
-15.110,22.650,7.1
-11.116,27.231,5.0
36.503,40.276,11.3
-15.111,22.660,14.8
35.889,43.501,23.2
-11.381,27.625,25.6
-16.136,29.704,13.8
35.779,43.857,22.2
-11.382,27.635,25.2
36.695,38.547,8.4
-16.135,29.697,8.8
-11.390,27.624,15.8
36.686,38.545,5.0
-16.186,29.644,11.6
-11.391,27.634,31.3
-16.187,29.659,15.2
35.682,43.869,49.9
-11.441,28.003,6.5
-16.017,28.030,6.7
35.678,43.891,33.0
-11.944,31.627,20.1
36.815,37.470,12.8
-15.972,27.434,9.1
-11.639,28.811,8.9
35.625,44.019,43.7
-15.839,26.282,6.8
-12.505,34.931,41.0
35.530,44.338,37.5
-16.257,29.566,11.0
35.624,44.013,49.8
-11.708,27.183,3.2
-15.956,26.943,5.5
-11.970,28.855,6.0
35.532,44.332,26.3
-11.972,28.866,12.3
-15.874,26.267,13.9
-11.942,27.622,4.8
35.527,44.356,28.6
-16.167,28.417,6.8
-12.104,28.548,42.4
35.487,44.167,24.2
-16.288,28.321,14.0
-12.155,28.389,10.2
35.487,44.161,33.1
-16.548,29.618,13.2
-12.077,26.392,8.9
35.241,44.436,32.4
-16.256,26.721,9.3
-12.078,26.401,14.5
35.243,44.431,31.4
-15.259,19.845,11.6
-12.265,26.819,5.3
-16.412,27.689,36.2
36.753,35.068,5.0
-12.267,26.828,12.5
-16.413,27.700,25.0
-12.376,27.619,53.3
-12.576,28.649,6.1
36.751,35.079,3.5
-12.578,28.660,7.6
-15.931,23.681,11.1
-12.615,28.545,5.3
35.021,43.500,27.4
-16.005,24.191,4.8
-12.960,31.065,28.3
-12.727,27.996,6.3
34.895,43.793,53.4
-16.381,26.543,6.1
-12.729,28.007,4.7
-12.733,27.347,6.6
-16.124,24.373,6.7
34.890,43.816,71.9
-13.145,28.785,9.8
34.860,44.021,19.3
-12.807,26.146,5.8
-17.387,34.064,34.0
34.890,43.809,73.6
-13.353,29.784,10.6
34.534,43.653,18.9
-13.059,27.364,5.8
-16.626,26.593,4.5
34.530,43.675,24.3
-13.060,27.374,4.8
35.638,36.908,8.8
-17.480,33.443,24.5
-13.209,28.487,10.9
34.173,43.721,21.5
-17.476,33.436,24.7
-12.304,22.030,8.8
32.349,47.714,74.5
-17.141,29.603,12.6
-12.306,22.042,20.0
-16.754,25.904,7.4
-12.314,22.035,12.3
32.348,47.706,77.6
-16.832,26.480,7.3
32.120,47.424,79.3
-13.508,29.073,7.3
-16.323,22.542,7.7
-12.732,23.410,15.4
-16.866,26.048,6.2
32.117,47.418,98.4
-13.631,28.988,15.9
31.760,46.045,45.9
-13.639,28.812,12.7
-15.103,14.663,62.6
32.258,43.533,38.2
-13.640,28.824,12.3
-16.829,24.979,8.1
31.028,47.278,114.5
31.027,47.273,110.4
-15.106,14.655,60.5
-13.836,30.170,9.1
31.016,47.319,63.2
-16.837,24.969,9.0
-13.500,27.293,16.9
23.338,31.606,53.6
-16.838,24.978,16.9
-13.501,27.303,5.7
23.329,31.605,12.8
23.312,31.664,12.9
-12.939,23.303,29.7
-17.485,30.122,20.6
-17.487,30.139,12.8
-12.940,23.314,5.5
23.305,31.652,20.8
-13.680,28.581,7.7
-17.497,30.120,14.8
23.303,31.662,30.1
-17.661,31.272,22.0
-13.293,25.671,7.1
23.294,31.661,14.5
-16.223,20.365,60.9
-13.728,28.096,19.4
22.739,31.045,9.1
-16.225,20.379,19.8
22.599,31.002,149.0
22.538,30.976,28.5
-16.169,19.764,10.9
-13.823,28.190,6.7
22.497,31.075,11.7
-16.171,19.779,8.5
-16.924,24.492,5.9
-13.885,28.502,8.7
-17.183,24.231,14.8
-13.970,28.933,12.5
-17.447,26.131,17.1
-13.982,29.034,14.3
-13.984,29.047,13.2
-17.476,26.279,16.3
-13.871,27.714,10.8
-13.842,27.458,6.9
-16.572,19.898,8.0
-14.192,29.814,19.3
-17.403,25.403,10.0
-13.961,27.771,6.4
-13.632,25.331,7.2
-17.531,26.143,7.2
-14.201,29.407,9.4
-16.627,20.016,26.5
-13.391,23.428,28.4
-16.630,20.031,29.7
-13.392,23.437,7.5
-14.073,28.071,10.0
-18.046,30.253,16.2
-17.172,23.342,5.2
-14.074,28.082,9.3
-16.694,20.150,8.1
-14.400,29.537,15.4
-17.608,26.092,6.7
-17.015,21.831,6.5
-14.175,27.049,10.0
-17.016,21.842,6.9
-17.015,21.580,37.9
-13.365,21.138,10.2
-17.017,21.591,7.0
-17.897,27.737,45.6
-14.254,27.150,15.4
-17.898,27.749,11.7
-14.262,27.153,7.8
-16.547,18.173,22.5
-14.173,25.500,5.1
-16.995,20.872,66.2
-14.321,25.704,6.2
-17.005,20.871,13.4
-17.732,25.783,7.4
-14.330,25.703,6.9
-14.549,27.239,7.2
-17.926,26.277,8.7
-14.393,25.622,10.6
-14.407,25.657,7.0
-17.396,22.439,5.5
-14.434,25.647,18.5
-17.398,22.449,12.4
-14.442,25.637,13.0
-17.946,26.285,9.3
-14.443,25.646,9.2
-14.854,28.507,14.9
-16.927,18.774,20.9
-14.939,28.872,9.9
-17.482,22.209,13.0
-17.508,22.194,12.1
-14.517,25.388,8.2
-14.518,25.397,14.4
-17.513,22.186,5.5
-14.358,23.847,5.3
-17.530,22.173,6.4
-14.837,26.904,10.2
-14.985,27.864,17.7
-18.823,32.537,24.0
-17.558,22.104,5.9
-16.834,17.625,34.0
-17.721,23.119,6.8
-17.722,23.129,13.4
-16.847,17.623,65.0
-16.851,17.644,25.5
-16.845,17.618,45.8
-16.849,17.639,60.7
-17.597,22.070,18.0
-17.605,22.058,7.6
-17.606,22.068,16.6
-17.989,24.453,7.8
-17.998,24.451,93.8
-18.254,26.316,5.4
-17.703,22.217,9.2
-17.680,21.765,7.1
-17.707,21.871,29.9
-17.708,21.882,24.6
-17.763,22.238,25.6
-17.765,22.249,23.2
-16.997,17.424,25.6
-17.001,17.446,26.7
-17.736,21.838,7.4
-17.737,21.849,6.8
-17.744,21.826,16.5
-18.406,26.075,17.4
-18.415,26.074,7.9
-18.416,26.084,12.5
-18.412,25.983,8.1
-18.073,23.253,10.0
-18.075,23.262,13.2
-18.144,23.731,12.6
-18.145,23.740,17.5
-18.152,23.729,8.3
-18.144,23.607,5.9
-18.558,26.605,12.5
-18.563,26.572,9.7
-18.112,23.266,6.6
-18.119,23.255,24.0
-18.121,23.265,8.8
-18.594,26.589,22.0
-18.599,26.583,7.9
-18.606,26.560,28.4
-18.607,26.571,13.8
-18.609,26.581,29.4
-17.261,17.730,26.6
-17.265,17.751,25.9
-19.211,30.928,33.0
-17.605,19.238,14.7
-19.209,30.921,34.4
-18.310,23.606,7.3
-18.335,23.593,5.4
-18.337,23.602,22.4
-17.668,19.194,15.9
-18.699,25.516,15.5
-18.700,25.526,17.3
-18.709,25.524,4.8
-18.318,20.991,12.4
-18.328,20.990,9.1
-19.360,28.048,10.2
-19.367,28.021,45.8
-19.371,28.047,36.6
-18.004,18.587,13.3
-19.772,30.591,24.6
-19.803,30.756,22.4
-19.805,30.777,55.4
-19.818,30.776,67.2
-19.804,30.772,57.0
-19.817,30.770,63.4
-19.802,29.304,18.3
-19.113,23.802,6.2
-19.087,22.560,54.0
-19.088,22.570,143.0
-19.096,22.559,8.5
-19.097,22.568,19.4
-19.975,29.222,41.3
-19.797,27.117,10.0
-20.053,29.207,11.4
-20.648,33.219,41.5
-19.005,19.788,9.8
-20.800,34.371,33.6
-19.015,19.786,12.1
-19.265,21.073,12.7
-20.791,31.534,44.1
-20.783,31.530,30.3
-21.152,34.070,34.5
-20.476,26.916,12.8
-20.431,25.880,5.2
-20.448,25.881,50.5
-20.448,25.807,7.6
-20.561,25.827,11.5
-20.570,25.826,82.6
-20.588,25.813,28.4
-20.595,25.801,39.1
-20.597,25.812,85.9
-20.605,25.800,74.3
-20.606,25.810,17.5
-20.611,25.793,50.8
-20.612,25.803,38.6
-20.619,25.781,11.1
-20.620,25.791,47.3
-20.628,25.780,80.7
-20.629,25.790,14.7
-20.637,25.778,11.0
-19.693,17.983,16.7
-19.696,18.000,11.0
-19.701,17.993,15.3
-23.328,31.176,47.7
-23.405,29.017,17.4
-24.634,31.675,10.1
-27.693,30.426,15.5
-28.419,29.216,11.1
-28.581,29.733,9.0
-28.583,29.757,10.9
-28.580,29.286,7.0
-28.582,29.310,7.5
-28.891,28.284,8.0
-29.927,30.994,15.2
50.692,23.183,6.3
50.698,23.100,14.9
51.686,15.981,9.2
52.152,10.396,8.3
47.655,31.444,21.2
47.381,30.300,24.0
47.376,30.290,19.3
47.245,30.089,21.3
47.988,21.748,8.1
49.350,6.753,12.8
46.095,27.483,14.4
47.289,20.879,6.5
48.274,14.333,7.2
48.273,14.347,5.2
47.086,21.213,6.4
46.878,21.107,15.6
46.871,21.084,8.0
46.712,21.045,8.8
43.552,23.045,7.3
43.616,21.005,10.9
42.806,10.942,7.0
41.081,15.604,4.3
40.525,18.068,8.7
40.532,17.699,10.8
40.630,15.171,4.9
37.660,14.153,8.5
37.658,14.165,6.6
36.744,9.271,10.0
4.254,-54.558,8.1
-12.129,-65.373,8.2
10.064,-64.867,36.0
3.940,-58.407,7.3
38.968,117.513,19.6
-12.132,-65.357,7.1
9.738,-63.465,56.3
1.872,-55.981,5.0
-12.141,-65.375,106.5
38.970,117.505,16.7
9.736,-63.471,58.1
2.189,-59.188,4.3
-12.144,-65.359,63.6
9.733,-63.443,25.1
1.660,-55.939,23.5
42.250,119.130,9.8
-12.152,-65.377,116.5
9.654,-63.537,27.6
1.659,-55.930,7.7
-12.155,-65.361,59.4
42.246,119.127,6.5
9.650,-63.624,140.5
-1.043,-53.568,11.8
-12.895,-61.713,6.2
9.643,-63.567,76.8
-1.045,-53.555,18.4
41.054,113.137,14.3
-12.974,-64.834,14.3
9.659,-63.572,19.1
-1.116,-57.275,15.3
-14.507,-65.814,12.2
9.656,-63.544,35.6
-14.509,-65.798,9.4
-2.054,-56.866,6.1
9.652,-63.517,19.6
-15.422,-60.506,9.8
-2.063,-56.868,7.8
9.652,-63.631,102.4
-15.957,-60.692,47.8
9.648,-63.603,56.0
-3.204,-51.029,26.0
-15.965,-60.703,5.5
9.645,-63.575,52.6
-3.198,-51.035,32.6
-15.559,-63.531,7.4
9.641,-63.547,49.2
-2.671,-56.456,7.9
-15.619,-63.426,9.1
-3.009,-54.207,9.8
9.633,-63.720,27.5
-15.628,-63.428,9.1
-3.227,-54.319,10.5
9.618,-63.722,150.9
-15.646,-63.376,10.2
-2.931,-56.578,4.5
9.618,-63.727,130.8
-15.965,-61.676,5.8
-2.932,-56.569,5.5
9.614,-63.699,45.1
-15.961,-61.875,13.7
-3.825,-55.904,3.5
-15.962,-61.865,9.0
8.733,-62.902,18.1
-3.834,-55.905,15.1
-16.005,-61.825,33.3
8.659,-62.767,50.5
-16.006,-61.816,6.1
-3.857,-55.815,4.5
8.646,-62.769,31.2
-16.014,-61.826,6.2
-3.859,-55.805,4.0
8.654,-62.776,62.1
-16.055,-61.688,10.2
-3.947,-56.089,6.5
8.650,-62.753,23.2
-16.287,-61.503,5.3
-4.290,-55.255,4.4
-16.663,-59.665,11.2
-4.488,-54.954,17.9
-4.489,-54.942,32.6
-16.423,-63.215,11.6
-4.488,-54.948,33.4
-16.537,-63.146,7.9
-4.489,-54.937,9.1
-16.538,-63.136,8.1
-4.498,-54.950,14.8
-17.088,-60.101,4.8
-4.500,-54.938,7.3
-17.089,-60.092,18.3
-4.545,-54.981,7.8
-17.283,-60.028,6.7
-4.560,-54.947,8.4
-17.354,-60.434,5.0
-3.965,-59.343,8.4
-17.249,-61.375,8.7
-4.971,-56.149,15.8
-17.258,-61.377,9.0
-4.980,-56.151,5.0
-5.160,-56.007,5.0
-17.417,-60.435,18.9
-5.162,-55.997,5.0
-17.418,-60.426,25.4
-5.167,-56.003,9.3
-17.426,-60.436,10.1
-6.092,-57.626,8.0
-17.427,-60.427,18.3
-6.070,-57.833,4.9
-17.552,-60.088,9.2
-6.071,-57.824,9.4
-6.074,-57.807,4.1
-17.553,-60.079,14.8
-7.277,-55.571,8.2
-17.658,-60.111,9.0
-6.638,-59.950,5.9
-17.660,-60.102,9.1
-6.639,-59.941,7.8
-17.679,-60.168,7.2
-7.689,-54.754,6.8
-8.037,-54.895,27.4
-17.680,-60.159,12.3
-8.039,-54.882,14.7
-17.912,-61.508,8.1
-10.019,-50.123,44.5
-17.970,-62.625,15.1
-10.251,-59.124,4.4
-17.972,-62.616,54.4
-11.271,-54.434,13.4
-11.280,-54.440,15.0
-19.396,-59.829,32.7
-11.806,-50.494,44.0
-20.248,-58.431,16.7
-11.763,-50.989,34.6
-20.298,-58.363,11.1
-11.774,-50.997,52.8
-11.930,-50.481,142.0
-20.700,-61.218,5.9
-11.939,-50.486,128.5
-21.617,-61.940,10.2
-10.817,-60.738,6.9
-22.165,-58.837,15.8
-10.818,-60.729,8.9
-23.722,-56.985,16.7
-23.830,-58.746,20.0
-23.840,-58.747,10.0
-23.836,-58.753,20.2
-23.879,-58.827,20.5
-23.897,-58.856,46.6
-23.898,-58.843,50.6
-23.905,-58.790,19.6
-23.959,-58.924,19.6
-23.646,-61.454,6.0
-24.594,-60.801,10.3
-24.611,-60.815,8.4
-25.408,-60.206,57.9
-25.409,-60.195,18.7
-25.753,-61.211,9.1
-25.762,-61.213,17.4
-25.501,-63.460,5.6
-26.034,-60.916,8.2
-26.056,-60.947,10.7
-26.057,-60.936,10.8
-26.272,-61.062,6.7
-27.320,-62.464,6.1
-28.502,-62.512,6.1
-29.003,-65.144,14.6
46.480,-48.477,12.5
-31.177,116.016,5.7
-20.743,120.032,145.4
-20.746,120.017,52.6
-20.448,119.995,12.0
-8.468,117.602,40.8
-8.456,117.600,34.1
-3.367,115.332,9.6
-8.459,117.612,31.8
-3.279,114.749,11.3
-8.461,117.596,41.8
-3.279,114.755,14.1
-8.389,114.052,16.6
-2.895,116.025,67.3
-8.380,114.050,11.9
-2.894,116.034,21.0
-8.148,115.325,7.2
-3.449,111.983,76.8
-8.328,113.727,10.9
-3.366,112.480,5.0
-8.064,114.192,18.5
-3.440,111.981,40.2
-8.065,114.183,43.4
-3.441,111.972,13.6
-8.067,114.173,15.4
-3.444,111.837,7.5
-8.289,112.503,8.6
-3.404,111.907,4.2
-8.019,114.237,39.9
-8.002,114.224,14.1
-3.406,111.898,5.2
-7.738,113.841,6.3
-3.381,112.003,4.5
-7.883,112.625,5.2
-7.726,112.744,7.3
-3.283,112.480,7.8
-7.782,110.921,11.3
-7.783,110.912,6.0
-3.274,112.479,50.9
-7.456,112.385,8.1
-7.458,112.376,4.4
-3.275,112.470,34.3
-7.669,110.678,8.9
-3.367,111.856,13.4
-7.249,112.594,5.9
-7.251,112.586,15.5
-3.358,111.854,38.6
-7.369,111.785,6.0
-3.349,111.853,182.7
-7.264,112.316,5.5
-3.350,111.844,37.5
-7.350,111.728,3.6
-3.198,112.423,9.6
-7.275,111.408,5.0
-3.189,112.422,16.5
-7.265,111.416,8.1
-3.191,112.413,9.6
-7.085,112.214,6.9
-2.857,114.554,18.9
-6.996,111.240,8.0
-2.849,114.547,8.0
-6.909,111.383,8.1
-3.240,111.888,28.1
-3.242,111.879,27.7
-6.911,111.374,6.8
-3.109,112.719,10.1
-2.766,114.969,19.3
-6.900,111.382,10.2
-3.207,111.992,93.3
-3.181,112.043,12.0
-6.902,111.373,9.9
-3.183,112.034,16.9
-7.239,108.981,7.0
-3.171,111.987,6.7
-3.041,112.738,8.8
-6.928,108.874,8.5
-3.065,112.578,12.5
-3.818,116.167,16.6
-3.030,112.746,8.1
-3.805,116.181,44.4
-3.096,112.052,27.5
-3.807,116.166,67.1
-3.056,112.259,12.5
-3.793,116.179,73.3
-3.058,112.249,6.6
-3.026,112.404,25.7
-3.796,116.164,77.5
-3.027,112.395,25.6
-3.806,116.174,63.5
-2.767,114.063,18.6
-3.794,116.172,135.2
-2.406,116.195,41.9
-3.797,116.157,17.6
-2.897,112.840,8.8
-3.751,116.150,31.8
-2.924,112.468,5.9
-3.712,116.255,42.5
-2.883,112.239,17.0
-3.714,116.239,45.9
-2.752,112.812,13.3
-2.176,116.450,19.9
-3.704,116.248,48.8
-2.164,116.448,17.0
-2.942,110.977,6.7
-3.720,115.545,7.9
-2.898,110.946,5.0
-3.628,115.017,14.9
-2.178,115.581,11.7
-2.832,110.895,55.9
-3.415,116.239,16.0
-2.833,110.887,93.4
-2.834,110.878,9.8
-3.417,116.232,16.6
16.734,107.081,8.9
-2.838,110.852,9.7
-3.647,114.625,7.9
17.100,107.054,6.9
-2.778,111.199,188.7
-2.779,111.190,19.4
17.144,106.911,4.7
-3.596,114.753,10.5
18.608,105.428,7.8
-2.824,110.885,79.3
19.090,105.496,9.9
-3.549,114.740,11.1
-2.825,110.877,40.2
19.203,105.575,26.4
-2.836,110.807,30.8
19.455,105.580,5.3
-2.837,110.798,9.5
19.497,105.620,7.4
-2.818,110.804,8.5
19.457,105.280,8.3
-2.901,110.182,3.9
19.467,105.287,5.4
-2.902,110.173,6.3
19.542,105.729,8.5
-2.808,110.750,17.6
19.541,105.720,3.9
-2.810,110.741,38.6
19.796,105.384,11.1
-2.032,115.863,13.3
19.794,105.375,14.4
-2.035,115.847,17.2
19.791,105.290,8.9
-2.800,110.748,12.3
19.789,105.280,5.2
-2.801,110.740,7.8
19.975,105.284,7.3
-1.958,116.113,14.4
21.016,105.267,4.5
-2.444,112.957,9.6
-1.949,116.274,12.1
19.781,96.340,30.5
-2.436,112.959,10.0
21.532,105.805,5.6
-1.937,115.954,17.1
21.662,106.065,5.5
-1.940,115.938,42.2
21.667,105.978,15.6
-2.640,111.198,9.9
21.656,104.953,4.7
-1.861,116.295,22.4
21.715,105.288,5.6
-1.849,116.293,99.6
21.954,106.889,6.8
-1.852,116.276,27.7
22.171,108.217,18.7
-1.856,116.289,42.2
-1.844,116.287,85.2
22.169,108.206,29.4
-1.754,116.239,21.6
21.863,105.990,4.8
-2.461,111.605,5.0
21.861,105.981,6.2
-1.759,116.233,33.8
22.175,108.209,31.6
-2.446,111.264,17.3
21.845,105.033,3.9
-2.437,111.263,6.9
21.965,105.034,5.7
-1.662,115.798,42.1
-2.272,111.495,10.0
22.181,105.301,14.8
-2.273,111.486,10.2
22.254,105.235,10.2
-2.329,111.047,18.3
22.484,106.183,8.6
-2.638,108.051,6.7
22.482,106.173,16.5
-2.603,107.928,25.4
22.322,104.706,26.3
-2.605,107.917,50.3
22.606,105.683,7.3
22.512,104.921,4.2
-2.595,107.916,13.1
43.678,95.012,7.2
22.748,104.034,5.6
-2.105,111.064,5.2
22.602,102.659,7.0
-2.003,111.320,30.3
22.566,101.405,12.2
-1.229,116.138,26.7
24.124,105.766,6.5
-1.234,116.132,47.7
24.122,105.757,25.2
-1.821,112.044,57.6
24.453,104.973,5.8
-1.932,111.107,5.5
24.559,104.493,22.1
-1.934,111.098,11.6
24.557,104.483,19.2
-1.884,111.251,11.3
25.674,107.205,16.8
-1.885,111.242,11.8
24.270,98.451,11.7
-1.696,112.453,6.4
25.460,104.892,3.8
-1.687,112.452,9.5
25.458,104.882,6.3
-1.896,111.048,7.2
25.905,106.026,3.6
-1.867,111.047,15.1
25.907,105.375,6.4
-1.820,111.308,9.9
26.213,105.393,5.8
-1.821,111.299,5.8
26.763,107.242,6.0
-1.607,112.434,5.7
26.762,107.230,7.4
-1.595,112.452,46.4
26.850,105.578,4.8
-1.583,112.473,16.2
26.114,97.669,7.6
-1.123,115.317,22.4
-1.519,112.337,16.9
27.720,102.218,8.3
-1.666,110.853,4.3
27.718,102.208,29.6
-1.667,110.845,4.4
27.727,102.206,12.7
-1.349,112.860,19.9
28.227,99.106,6.4
-1.343,112.853,12.9
27.749,94.019,18.1
-1.663,110.669,19.3
29.332,101.453,5.3
-1.664,110.660,27.3
-1.605,110.758,5.0
-1.552,110.798,6.3
-1.210,112.616,61.7
-1.202,112.362,4.7
-1.203,112.353,15.8
-1.085,112.725,5.2
-0.645,114.736,20.6
-0.381,116.054,33.9
-0.379,115.746,15.6
-0.435,114.761,11.3
-1.060,110.129,46.1
-0.033,116.724,45.6
-0.330,114.593,32.2
0.004,116.792,28.1
-0.058,116.369,14.6
0.030,116.789,76.3
45.754,115.722,11.9
-0.036,116.347,55.4
-0.072,115.577,33.9
46.384,113.990,12.2
-0.681,111.445,11.0
0.052,115.870,26.6
62.834,125.826,25.7
0.201,116.792,38.0
0.405,115.976,29.4
0.398,115.970,21.4
0.724,117.135,30.6
0.955,117.180,21.4
0.768,111.123,24.5
0.767,111.114,16.4
5.823,114.334,25.5
10.964,107.021,96.9
13.294,109.187,8.6
49.654,81.122,30.5
49.655,80.800,25.4
64.722,75.128,11.2
66.657,80.464,12.4
66.662,80.453,8.3
66.699,80.434,8.4
67.279,83.045,14.5
67.275,83.023,10.8
64.196,118.128,10.1
64.193,118.105,10.5
64.202,118.100,14.2
67.546,83.213,103.1
68.516,79.962,101.5
68.516,79.962,106.4
66.199,70.976,15.1
66.194,70.975,17.5
-17.440,177.799,10.7
-16.699,178.744,14.3
56.629,161.317,54.6
56.641,161.333,30.3
56.639,161.310,54.6
50.885,6.594,11.1
36.662,-5.119,29.0
36.658,-5.098,140.7
36.650,-5.122,47.2
36.645,-5.102,412.2
6.760,81.064,12.1
7.543,80.938,12.6
7.588,81.034,25.7
7.572,80.934,8.7
20.789,85.250,10.0
7.702,81.026,5.1
7.898,80.189,21.0
8.076,81.054,18.3
20.962,86.016,18.0
8.063,80.967,27.1
20.960,86.001,18.5
8.170,81.000,10.6
20.964,85.185,9.1
8.843,80.972,9.2
11.821,78.749,13.0
20.963,85.171,17.9
13.092,77.972,11.0
21.745,83.841,8.7
18.278,83.617,5.3
21.754,83.839,7.7
22.037,83.731,10.4
22.039,83.725,8.8
21.883,74.945,7.8
31.410,75.073,9.5
31.561,74.762,8.2
31.721,74.916,16.5
31.812,74.603,7.2
-31.164,147.044,16.5
-31.171,147.040,20.1
-30.673,147.721,12.4
-29.930,149.181,29.8
-29.932,149.168,23.4
-29.920,149.180,24.6
-29.922,149.166,18.8
-29.637,149.540,7.8
41.066,68.810,19.8
41.065,68.803,14.1
46.820,74.929,7.7
50.033,73.013,4.0
50.308,72.396,43.4
50.306,72.382,10.0
50.805,73.422,19.6
50.804,73.408,99.3
50.901,69.383,21.1
50.899,69.369,33.9
50.910,69.379,17.3
48.374,57.426,42.6
48.379,57.415,45.7
51.160,66.029,4.4
52.040,68.814,5.3
52.037,68.800,4.6
52.145,69.049,3.9
50.015,58.891,54.3
50.016,58.884,50.5
51.765,66.032,5.3
51.826,65.858,10.3
51.213,61.969,5.5
53.662,74.935,69.2
53.672,74.933,25.6
50.340,57.131,23.2
53.725,73.642,7.2
51.348,60.325,69.5
51.340,60.294,21.3
52.716,65.734,4.1
52.729,65.747,4.9
52.725,65.729,38.6
53.032,67.140,8.1
53.385,66.280,12.6
53.397,66.292,14.5
53.550,66.959,7.5
53.547,66.943,19.7
54.070,67.587,8.1
54.081,67.598,6.1
54.079,67.583,23.6
55.107,74.867,8.4
55.117,74.864,8.4
51.916,57.641,18.7
54.585,70.153,9.0
54.583,69.944,4.4
54.603,70.014,9.9
54.872,71.862,9.4
54.655,70.243,9.1
54.033,66.421,8.2
54.021,66.302,4.8
54.260,65.592,8.1
53.637,62.509,19.5
54.227,65.082,11.7
54.224,65.064,7.3
52.199,56.423,19.2
54.954,68.637,13.0
51.827,54.896,23.6
53.361,59.342,468.7
31.602,-95.906,9.6
30.795,-100.490,5.2
28.061,-97.439,5.0
28.384,-100.888,5.6
28.382,-100.878,13.6
20.526,-100.925,7.7
18.212,-94.003,30.9
18.010,-93.458,32.7
18.004,-93.427,24.2
18.014,-93.464,25.1
18.008,-93.433,46.6
18.510,-96.139,81.3
17.910,-93.186,51.9
17.843,-93.096,68.1
17.900,-93.193,51.5
17.849,-93.100,62.2
-9.279,147.156,4.0
-27.856,148.747,8.9
-8.815,146.775,40.1
43.325,46.266,9.6
-8.816,146.766,28.1
-27.858,148.734,26.5
-8.804,146.783,20.8
43.323,46.252,8.6
-27.348,152.207,4.3
-8.806,146.774,244.7
43.517,47.174,12.1
-27.340,152.205,10.0
-8.807,146.764,179.4
-26.343,150.469,24.4
-8.796,146.773,166.9
44.484,44.077,8.8
-26.334,150.468,17.1
-8.798,146.763,142.9
46.776,48.123,10.3
-26.060,149.783,9.1
-8.787,146.775,6.3
46.303,40.852,33.8
-25.435,149.120,6.1
-8.789,146.765,6.3
48.168,43.656,7.2
-24.932,152.431,5.6
-8.577,142.684,9.8
-19.284,147.007,23.1
47.781,40.126,21.2
-8.443,140.961,32.5
-15.585,144.801,21.1
47.776,40.103,67.2
-15.587,144.785,13.4
-8.290,141.911,16.2
47.787,40.098,68.7
-14.738,144.522,8.6
-8.368,140.545,19.5
47.782,40.074,17.4
-13.632,141.821,16.3
-8.225,141.486,58.3
50.352,57.123,17.2
-13.467,143.114,10.7
-8.212,141.484,38.5
48.750,43.996,14.3
-13.455,143.112,11.7
-8.246,141.203,20.7
49.693,43.154,10.1
-12.867,142.341,19.3
-8.249,141.181,14.1
-9.804,149.307,18.7
49.386,40.724,20.3
-9.806,149.297,23.6
-8.204,141.441,28.3
-9.807,149.288,14.5
49.392,40.736,11.0
-9.808,149.279,12.8
-8.209,141.398,23.9
49.388,40.716,10.2
-9.796,149.305,14.2
-8.309,140.435,38.8
-9.797,149.296,24.2
50.754,47.990,8.2
-9.799,149.278,20.2
-8.312,140.409,48.9
-9.782,149.276,7.8
50.752,47.976,6.9
-9.776,148.715,5.0
-8.268,140.660,52.2
-9.767,148.714,3.6
50.505,46.026,5.8
-8.229,141.262,14.9
-9.410,148.765,11.0
-9.401,148.764,8.6
50.806,47.836,16.7
-8.320,140.429,33.9
-8.278,140.654,15.9
-9.392,148.762,7.8
50.815,47.833,41.9
-8.306,140.428,25.5
-9.389,148.717,6.3
50.832,47.827,18.5
-8.264,140.652,20.6
-9.279,148.977,7.8
51.560,52.756,8.3
-7.969,142.902,13.4
-9.267,149.002,6.0
51.598,52.929,22.0
-9.270,148.975,8.9
-8.218,140.672,29.9
-8.221,140.647,50.2
51.625,48.645,3.3
-8.214,140.666,19.7
52.949,49.146,18.1
-7.933,142.467,23.3
-8.134,140.375,28.9
52.947,49.130,152.1
-8.095,140.768,18.3
-8.131,140.368,31.2
52.945,49.114,15.6
-7.670,143.367,7.6
-7.871,141.503,17.4
52.958,49.143,12.6
-7.873,141.482,48.0
-7.860,141.480,26.2
52.956,49.127,55.1
-7.951,140.745,55.1
-7.937,140.743,99.6
52.954,49.111,165.7
-7.940,140.719,33.3
-7.929,140.569,26.2
-7.932,140.544,32.3
-7.811,141.453,62.0
-7.982,140.338,19.9
-7.939,140.564,32.8
-7.813,141.446,47.2
-7.878,140.705,120.6
-7.862,140.727,17.3
-7.864,140.703,406.6
-7.873,140.630,30.7
-7.876,140.606,55.5
-7.653,140.591,19.1
-7.565,141.137,13.1
-7.451,141.405,28.1
-7.451,141.419,23.4
-7.454,141.398,24.4
-7.441,141.290,130.5
-7.427,141.288,88.7
-7.467,140.506,20.6
-7.462,140.500,27.7
-7.422,140.594,20.6
-7.428,140.546,19.8
-7.314,141.138,36.1
-7.301,141.136,14.2
-7.366,140.587,17.7
-7.305,141.130,42.9
-7.361,140.580,20.6
-7.304,140.694,67.9
-7.307,140.670,25.5
-7.495,139.111,21.8
-7.234,141.182,15.3
-7.500,139.106,20.2
-5.732,150.217,8.8
-5.723,150.217,6.2
-5.825,149.489,4.2
-6.954,141.018,22.3
-5.700,150.171,4.3
-5.771,149.472,6.2
-5.739,149.441,6.6
-6.270,145.574,41.7
-6.272,145.564,62.2
-5.703,149.564,5.9
-5.695,149.553,4.8
-5.637,149.896,5.2
-5.689,149.463,4.2
-5.534,150.345,7.2
-5.530,150.349,6.2
-5.714,148.565,5.2
-5.609,149.121,3.0
-5.576,148.826,5.3
-5.616,148.338,6.8
-5.617,148.329,4.9
-5.607,148.337,8.5
-5.526,148.462,6.4
-6.619,139.473,45.3
-6.622,139.444,111.5
-6.620,139.466,85.4
-6.624,139.437,74.2
-6.432,140.255,22.4
-6.519,139.540,28.4
-6.520,139.535,35.0
-5.266,147.009,4.0
-5.148,142.288,18.8
-4.436,144.485,8.3
-4.393,144.417,7.5
-4.394,144.406,14.4
-3.289,151.827,11.9
-3.291,151.813,11.5
-3.288,151.821,19.6
-4.280,144.418,24.5
-4.282,144.407,10.3
-4.312,144.030,11.8
-4.383,143.414,12.9
-4.385,143.401,68.9
-4.387,143.388,6.3
-4.288,144.062,7.9
-4.289,144.050,11.3
-4.373,143.412,40.3
-4.374,143.400,242.0
-4.364,143.398,15.0
-4.368,143.406,29.5
-4.369,143.393,24.5
-4.301,143.817,6.6
-4.336,143.402,15.9
-4.147,144.428,12.9
-4.135,144.431,23.1
-4.125,144.430,20.6
-4.110,144.461,9.9
-4.028,144.467,14.5
-4.029,144.456,50.5
-4.105,143.900,5.4
-4.115,143.828,10.0
-4.025,144.411,5.4
-4.027,144.400,10.3
-3.987,144.327,6.0
-3.988,144.316,9.6
-4.096,143.500,30.7
-4.098,143.488,119.9
-4.100,143.475,9.8
-4.086,143.499,14.3
-4.087,143.486,15.1
-2.721,150.817,11.5
24.857,53.707,15.1
25.156,52.868,81.3
25.529,53.151,23.4
25.527,53.140,11.6
27.364,57.238,18.6
27.485,52.968,8.5
27.516,52.594,9.0
27.527,52.603,34.4
27.525,52.592,28.8
28.589,57.738,18.6
28.349,52.455,10.8
28.310,49.524,32.4
28.307,49.508,25.9
28.364,49.638,13.2
28.361,49.623,53.9
28.493,49.710,39.7
28.489,49.721,19.5
28.486,49.706,27.5
29.299,51.911,16.5
29.992,55.850,19.3
30.391,50.614,11.8
30.746,48.284,132.6
30.743,48.267,79.8
31.126,49.328,19.8
31.123,49.314,21.1
31.133,49.320,29.5
30.823,47.327,22.7
31.075,47.628,22.2
31.026,47.280,149.3
32.242,51.429,20.8
32.240,51.418,14.1
31.960,48.963,20.1
31.757,46.037,28.5
32.100,47.548,26.2
31.637,45.279,42.9
31.633,45.274,37.0
32.118,47.404,73.7
32.177,47.520,22.1
32.174,47.516,18.1
32.352,47.700,32.2
32.974,48.616,36.1
34.217,46.592,18.2
34.213,46.572,23.1
34.455,47.612,11.0
34.406,45.242,51.8
34.888,43.813,31.9
34.895,43.804,52.6
35.238,44.427,49.0
35.528,44.340,25.7
35.484,44.140,37.0
35.627,43.998,35.9
35.684,43.888,36.8
35.678,43.862,49.9
37.419,49.870,14.6
37.417,49.858,6.7
36.473,43.735,19.3
36.825,42.286,33.8
38.335,47.696,8.1
36.962,40.960,96.3
37.263,42.260,27.2
36.967,40.995,49.7
36.958,40.958,90.3
38.190,44.767,12.0
37.941,41.021,103.4
39.482,47.089,8.7
39.479,47.075,20.7
39.491,47.086,11.1
39.489,47.073,58.0
38.184,40.592,47.4
38.181,40.589,42.0
39.985,48.552,13.2
39.883,47.400,10.2
39.083,42.730,28.2
40.777,47.219,4.2
40.416,44.765,11.3
40.495,43.734,26.5
41.340,47.688,11.9
-11.068,-52.479,39.4
-12.429,-44.149,17.4
0.516,-50.796,110.3
-11.766,-51.002,16.3
0.514,-50.781,44.0
-11.773,-51.025,25.4
0.319,-51.429,24.4
-12.991,-42.218,60.1
-0.513,-49.131,54.8
-11.875,-50.511,14.8
-0.514,-49.120,23.2
-11.876,-50.501,51.2
-12.992,-42.224,46.9
-0.523,-49.132,46.8
-12.995,-42.205,27.9
-0.524,-49.121,13.6
-11.897,-50.494,10.4
-1.104,-47.947,6.6
-11.926,-50.488,19.6
-1.105,-47.937,11.5
-11.928,-50.478,15.6
-1.249,-49.066,17.3
-11.936,-50.489,12.6
-2.982,-44.281,8.3
-11.937,-50.479,7.9
-2.991,-44.282,12.4
-11.935,-50.625,11.6
-3.676,-42.724,11.9
-11.936,-50.614,14.5
-3.417,-50.426,11.0
-11.941,-50.622,22.5
-3.426,-50.440,8.4
-11.991,-50.290,19.9
-3.427,-50.427,14.6
-11.964,-50.531,49.6
-4.561,-44.082,12.4
-11.966,-50.521,24.1
-5.428,-43.444,11.5
-12.021,-50.602,15.7
-5.736,-43.280,14.1
-12.022,-50.592,8.5
-5.736,-45.018,11.4
-12.112,-50.294,50.9
-5.269,-48.373,12.3
-5.740,-45.059,9.0
-12.119,-50.305,25.3
-5.278,-48.374,13.6
-12.121,-50.295,26.3
-5.737,-48.328,16.7
-6.943,-41.606,14.7
-12.126,-50.326,29.5
-6.840,-43.513,74.8
-6.841,-43.500,29.0
-12.133,-50.337,12.2
-6.842,-43.576,27.1
-12.135,-50.327,72.0
-6.843,-43.563,20.1
-6.850,-43.514,105.8
-12.235,-50.400,68.4
-6.852,-43.502,44.1
-6.870,-45.549,9.1
-12.237,-50.390,52.5
-7.370,-42.128,142.8
-12.244,-50.401,16.0
-7.372,-42.112,147.5
-12.246,-50.391,16.2
-7.374,-42.096,33.0
-12.267,-50.299,8.7
-7.272,-43.318,29.6
-12.223,-50.715,33.2
-7.295,-43.307,21.6
-12.224,-50.705,37.8
-6.778,-48.658,7.2
-12.284,-50.373,7.8
-6.576,-51.092,7.9
-12.286,-50.363,6.9
-8.102,-43.996,12.7
-13.645,-41.530,70.4
-7.994,-45.021,10.6
-13.658,-41.531,42.3
-7.995,-45.011,16.6
-13.918,-42.104,49.2
-8.082,-44.836,9.9
-13.917,-42.110,29.4
-8.346,-44.156,15.3
-13.919,-42.089,35.0
-8.353,-44.181,26.8
-14.117,-46.337,14.3
-8.355,-44.169,108.5
-14.119,-46.327,25.8
-8.356,-44.157,153.7
-14.120,-46.316,10.2
-8.358,-44.146,25.7
-14.122,-46.306,5.3
-14.127,-46.339,100.4
-8.365,-44.171,241.8
-14.128,-46.328,51.8
-8.366,-44.159,1167.6
-13.885,-49.034,23.9
-8.368,-44.147,91.4
-13.889,-49.127,6.3
-8.369,-44.135,19.8
-8.371,-44.123,9.3
-14.644,-45.095,12.5
-8.234,-45.424,6.7
-14.641,-45.100,11.4
-8.243,-45.424,9.3
-14.724,-45.578,14.6
-8.280,-45.415,8.8
-14.797,-45.957,43.8
-14.807,-45.959,21.1
-8.349,-45.441,10.5
-14.502,-48.331,6.3
-8.351,-45.431,9.0
-14.530,-48.325,7.9
-8.249,-49.962,14.9
-14.531,-48.316,6.2
-9.154,-45.616,6.1
-15.637,-43.253,15.4
-9.315,-47.632,10.7
-15.476,-46.154,13.3
-9.788,-44.830,14.9
-15.748,-47.030,5.5
-9.844,-44.946,10.3
-16.042,-44.923,11.6
-10.011,-50.140,96.5
-16.048,-44.916,10.0
-10.020,-50.141,10.9
-16.678,-49.617,4.5
-11.430,-47.425,9.4
-17.912,-42.691,27.9
-10.764,-52.132,21.1
-17.788,-47.158,9.1
-11.051,-51.325,15.0
-19.976,-44.155,30.4
-11.053,-51.314,13.3
-19.981,-44.162,13.0
-20.198,-46.204,27.3
-20.200,-46.191,35.1
-20.493,-46.208,10.4
-22.376,-48.781,4.6
-22.804,-46.285,8.0
-23.323,-52.309,4.8
-23.334,-52.239,4.4
-24.550,-56.972,18.3
-25.066,-55.194,8.0
-25.068,-55.181,9.7
-26.980,-52.181,4.9
52.638,54.211,18.4
52.782,53.527,29.9
57.418,78.693,20.4
53.652,51.664,27.5
54.810,54.704,12.2
54.810,54.696,10.7
-30.336,-58.130,7.3
59.198,71.368,6.5
59.413,71.622,6.2
57.941,60.041,7.0
59.889,71.733,16.5
60.713,72.521,7.6
60.858,71.283,14.5
60.724,69.898,5.0
60.730,69.889,5.8
61.947,68.481,4.3
61.945,68.462,9.4
61.753,66.959,6.5
62.394,68.523,7.6
66.196,70.993,59.4
66.193,70.963,16.5
-20.872,127.557,10.8
-20.534,129.738,8.2
-20.861,127.565,4.6
-20.867,127.526,11.1
-20.858,127.524,10.4
-20.859,127.515,14.8
-20.861,127.505,7.3
-20.842,127.572,7.1
-20.525,129.599,9.3
-20.531,129.563,12.7
-20.533,129.551,15.4
-20.799,127.489,8.5
-20.448,129.567,6.5
-20.450,129.555,18.6
-20.456,129.519,11.4
-20.457,129.507,11.6
-20.745,127.540,7.2
-20.747,127.530,10.9
-20.748,127.520,12.5
-20.750,127.510,9.9
-20.377,129.691,7.3
-20.381,129.598,7.1
-20.471,126.479,5.3
-20.441,126.570,6.5
-20.442,126.561,7.8
-20.452,126.486,16.3
-20.454,126.476,16.9
-20.455,126.467,14.6
-20.444,126.484,12.2
-20.445,126.475,25.8
-20.446,126.466,15.3
-20.427,126.405,5.1
-20.408,126.412,10.3
-20.397,126.414,7.4
-20.378,126.420,11.2
-20.287,127.003,9.9
-20.370,126.419,13.8
-20.253,126.269,3.6
-20.731,120.024,15.3
-17.220,135.187,315.5
-17.227,135.153,232.4
-17.198,135.218,128.1
-17.228,135.182,175.5
-17.206,135.213,118.8
-17.212,135.179,228.7
-18.412,127.854,6.8
-15.857,134.194,27.6
-15.862,134.163,130.8
-15.927,133.807,53.2
-15.907,133.833,40.2
-15.913,133.805,26.1
-15.908,133.828,49.5
-16.533,129.862,13.0
-16.523,129.860,16.7
-16.116,125.674,4.6
-15.630,124.448,5.2
-15.621,124.447,13.5
-15.599,124.466,4.3
-15.574,124.453,15.2
-15.565,124.451,20.9
-15.556,124.450,10.8
-15.546,124.458,4.7
-15.547,124.449,13.3
-14.222,132.683,18.7
-14.054,131.723,23.0
-14.057,131.718,18.5
-13.069,131.393,26.7
-13.073,131.372,65.3
-13.072,131.387,49.7
-13.075,131.366,39.7
-13.010,131.354,12.5
-10.153,120.290,10.3
-9.482,123.997,8.2
-8.732,125.793,6.7
-8.280,123.511,6.6
-8.281,123.502,4.4
-8.268,123.512,9.2
-8.269,123.504,22.7
-5.213,122.353,7.9
-4.859,121.964,4.8
-4.890,120.092,40.8
-4.891,120.081,33.8
-4.671,121.594,5.8
-4.861,119.994,5.5
-4.862,119.983,11.0
-4.566,122.024,6.2
-4.567,122.015,7.7
-4.611,121.626,7.8
-4.394,122.606,9.6
-4.369,122.522,12.9
-4.476,121.675,6.2
-4.477,121.666,7.3
-23.638,134.577,37.0
-22.559,131.365,45.7
-22.562,131.350,10.7
-22.561,131.290,23.4
-3.541,126.881,11.1
-3.542,126.868,24.7
-3.609,126.398,10.7
-3.532,126.866,6.9
-3.598,126.396,9.8
-3.586,126.408,9.6
-3.588,126.395,22.5
-3.313,126.724,12.2
-3.315,126.710,9.8
-3.902,122.420,6.9
-3.259,126.918,17.4
-3.248,126.917,11.5
-3.275,126.726,12.5
-3.127,126.810,9.2
-3.769,122.127,9.1
-1.822,132.520,81.3
-1.821,132.514,83.5
-3.790,116.170,17.5
-3.754,116.145,34.1
-3.741,116.143,37.9
-3.740,116.158,32.5
-3.743,116.138,38.1
-2.945,121.416,21.7
-2.946,121.407,8.2
-2.830,122.171,7.5
-2.624,116.367,16.0
-2.344,116.429,37.5
-2.338,116.440,26.3
-2.341,116.422,18.6
-2.277,116.245,18.6
-2.275,116.240,12.7
-2.028,115.855,12.6
-1.098,121.966,6.1
-1.099,121.957,6.0
-1.851,116.289,14.4
-1.044,121.905,4.8
-1.042,121.851,10.1
-1.729,116.229,18.2
-1.697,115.786,12.5
-0.644,123.258,5.2
0.649,127.965,38.9
0.652,127.978,17.7
0.649,127.960,25.9
-0.742,115.870,18.8
-0.390,116.459,10.9
-0.392,116.442,20.8
-0.396,116.454,18.3
-0.394,116.298,22.0
-0.372,116.189,22.6
-0.378,115.757,14.6
-0.230,116.373,17.7
-0.236,116.369,18.9
-0.059,116.719,11.4
-0.002,116.791,10.5
-0.047,116.370,10.7
1.094,124.620,7.7
-0.051,116.382,8.4
0.034,116.811,125.2
0.032,116.796,150.4
0.046,116.810,189.5
0.044,116.794,134.7
0.057,116.808,37.5
0.055,116.793,28.5
0.588,120.358,13.3
0.018,115.868,12.7
0.176,116.832,14.4
0.174,116.817,20.6
0.208,116.812,212.2
0.206,116.797,72.5
0.208,116.822,31.6
0.206,116.807,86.1
0.204,116.791,13.9
0.220,116.820,33.7
0.202,116.617,14.3
0.297,116.548,9.8
0.332,116.720,9.2
0.330,116.704,103.1
0.328,116.689,31.1
0.342,116.703,19.9
0.753,117.180,9.1
0.959,117.180,7.4
1.328,118.509,5.5
1.521,118.208,16.1
1.804,117.811,7.1
1.851,117.217,9.4
2.053,117.339,13.0
2.244,117.611,5.9
2.310,117.995,7.2
2.279,117.707,11.6
2.430,117.827,38.0
2.428,117.815,12.9
2.594,117.755,28.7
2.592,117.743,60.2
2.605,117.692,5.6
2.631,117.443,6.2
2.728,117.625,14.6
2.726,117.613,35.7
7.384,115.847,9.3
23.373,111.163,10.9
-4.099,-63.286,13.0
11.737,-70.187,7.4
10.246,-63.917,8.3
-9.045,-66.044,25.8
10.050,-64.858,16.8
-9.050,-66.104,45.5
-11.056,-68.446,10.1
10.210,-67.334,4.3
-11.333,-66.436,12.8
9.559,-63.636,12.9
-12.162,-65.371,77.5
9.556,-63.621,10.7
3.780,-71.759,12.4
-12.584,-65.003,22.5
-12.587,-64.976,28.1
3.779,-71.749,19.9
-14.504,-65.819,31.8
-14.507,-65.794,25.4
-14.519,-65.821,36.6
-14.509,-65.827,31.1
-14.512,-65.802,39.7
-15.269,-73.067,14.3
-15.972,-69.630,19.6
57.564,105.932,11.5
57.561,105.916,11.2
57.590,105.913,9.1
57.875,105.880,17.2
58.094,106.557,18.0
59.808,109.431,20.5
-19.511,-66.103,32.8
59.806,109.410,12.4
61.345,112.807,39.0
-29.102,-70.896,12.0
60.451,97.160,14.3
-32.550,-66.182,19.1
60.447,97.140,20.1
-32.554,-66.188,27.0
60.433,96.254,13.3
-32.887,-65.464,19.1
-34.074,-70.738,8.1
-34.450,-70.872,12.9
-34.452,-70.851,12.4
-34.453,-70.856,10.7
37.658,-119.618,78.5
37.649,-119.621,190.0
37.647,-119.609,105.1
37.640,-119.623,27.6
37.638,-119.611,28.2
37.631,-119.626,44.0
37.629,-119.614,12.8
-25.053,45.024,7.3
-24.740,46.421,13.3
31.116,31.465,10.4
-24.719,46.474,13.7
-24.722,46.460,12.7
31.114,31.454,17.8
-24.716,46.430,14.4
31.131,31.222,6.9
-24.388,47.219,43.3
-24.677,44.874,11.2
31.186,31.285,6.0
-25.950,32.087,41.3
39.427,34.900,27.7
-24.150,46.021,12.7
39.428,34.892,17.1
-24.152,46.008,18.8
40.407,19.533,34.2
-24.381,44.487,11.5
40.403,19.512,63.6
-23.859,46.434,14.7
44.054,27.712,5.5
-24.161,44.067,8.8
44.170,24.746,9.7
44.821,27.951,4.7
44.531,24.010,6.2
45.456,29.582,13.7
45.454,29.566,102.2
45.453,29.549,13.2
43.773,16.601,24.5
46.000,29.835,6.7
44.989,21.248,10.2
45.003,19.929,7.0
45.149,20.639,21.7
45.013,19.926,8.7
45.197,20.732,13.1
45.205,20.666,22.0
45.202,20.651,20.0
45.008,19.424,36.6
45.028,19.305,84.8
45.024,19.288,16.3
45.051,19.314,55.8
45.047,19.309,35.9
45.493,20.698,22.6
45.490,20.683,30.7
46.851,30.012,11.3
45.447,20.056,6.9
45.448,20.005,8.0
45.894,20.942,12.6
46.594,24.223,6.1
46.592,24.210,9.7
46.227,16.107,16.8
21.396,30.993,6.6
-23.679,44.424,7.7
28.594,30.752,7.8
28.592,30.742,8.5
-23.186,47.002,15.9
-23.189,46.986,22.4
-23.101,46.960,12.8
-23.463,44.102,17.8
-22.819,46.982,12.7
-23.217,44.233,28.1
-23.219,44.222,7.5
-22.745,46.874,11.1
-22.563,47.044,12.5
-23.052,44.110,9.9
-23.054,44.099,13.3
-24.332,34.319,25.1
-24.412,32.098,33.7
-24.370,32.087,69.9
-24.345,32.080,38.1
-22.889,43.642,8.2
-22.891,43.632,6.2
-22.361,46.628,15.7
-22.350,46.626,16.3
-22.771,43.917,9.4
-22.767,43.883,12.0
-22.768,43.872,10.3
-23.995,34.059,21.0
-22.329,45.974,18.3
-22.332,45.960,12.5
-22.391,45.629,7.4
-22.393,45.615,14.8
-22.326,45.968,28.9
-22.386,45.622,29.6
-22.388,45.609,7.3
-22.678,43.806,5.9
-22.652,43.845,10.1
-22.654,43.834,10.5
-23.965,33.579,25.1
-22.441,44.995,11.0
-23.891,34.191,315.4
-23.894,34.167,33.4
-23.878,34.189,31.7
-23.880,34.207,27.1
-23.883,34.183,83.6
-22.534,43.882,8.8
-22.376,44.652,20.9
-22.373,44.658,16.7
-22.375,44.646,9.9
-23.624,33.992,53.9
-23.627,33.967,50.9
-22.182,44.512,18.6
-22.184,44.500,26.1
-23.434,34.082,47.2
-23.421,34.081,37.3
-23.424,34.100,23.6
-23.427,34.076,60.0
-23.369,34.239,18.3
-23.393,33.425,49.0
-23.389,33.418,32.0
-23.290,34.246,85.1
-23.150,35.325,16.3
-23.087,35.452,38.2
-23.083,35.447,30.7
-23.205,33.788,74.1
-21.801,43.772,10.2
-23.038,33.783,56.0
-23.023,33.653,26.8
-22.974,33.877,81.4
-23.014,33.671,42.3
-21.462,44.992,11.9
-22.980,33.870,65.8
-21.589,43.933,14.8
-21.591,43.922,27.4
-21.567,43.951,10.6
-21.502,44.083,46.1
-21.504,44.072,17.4
-21.309,45.168,16.5
-21.492,44.081,8.1
-22.768,34.522,31.2
-22.770,34.500,33.8
-21.505,43.889,63.5
-21.506,43.878,30.8
-21.470,43.887,27.8
-21.375,44.287,24.2
-22.699,34.551,19.8
-21.357,44.272,17.7
-22.634,34.800,39.4
-22.631,34.815,20.0
-22.634,34.795,24.7
-21.127,45.269,12.9
-22.570,34.787,23.5
-22.676,33.486,35.3
-22.685,33.479,25.5
-22.671,33.478,27.7
-22.488,34.197,27.0
-22.478,34.191,29.8
-22.458,34.000,26.2
-22.316,34.610,34.1
-22.264,34.975,23.3
-22.277,34.731,22.2
-22.295,34.564,95.2
-22.297,34.543,46.3
-22.264,34.730,32.2
-22.497,32.155,57.1
-22.500,32.123,39.3
-22.296,34.559,87.2
-22.264,34.725,37.9
-22.501,32.151,54.6
-22.231,34.679,19.0
-22.233,34.658,23.0
-22.196,34.758,25.2
-22.470,31.982,58.2
-22.161,34.733,32.5
-22.474,31.975,52.1
-20.600,45.696,28.6
-22.160,34.726,40.1
-22.112,34.924,24.4
-22.086,34.696,54.3
-22.271,32.829,37.1
-22.086,34.691,56.6
-20.715,44.484,46.0
-20.717,44.472,493.2
-22.270,32.824,41.5
-20.707,44.470,70.7
-20.709,44.458,128.3
-20.699,44.456,32.3
-20.701,44.444,31.8
-22.232,32.761,37.2
-22.008,33.864,18.6
-20.545,44.328,16.8
-21.868,34.776,24.3
-21.871,34.755,23.3
-20.428,44.658,13.1
-20.430,44.645,20.9
-20.429,44.651,21.0
-20.421,44.637,32.3
-21.959,32.914,63.5
-20.329,44.749,13.9
-21.710,34.810,17.7
-20.292,44.900,12.5
-21.697,34.808,36.1
-20.294,44.908,11.8
-21.708,34.804,40.7
-21.617,34.833,46.4
-21.604,34.831,52.9
-21.702,33.888,28.2
-21.612,34.845,18.4
-21.614,34.826,72.2
-21.601,34.824,18.2
-21.703,33.904,20.6
-21.706,33.881,22.4
-21.621,33.918,29.1
-21.623,33.895,32.0
-21.607,33.916,57.3
-21.610,33.893,117.5
-21.612,33.912,131.8
-21.614,33.889,109.5
-20.026,44.784,8.9
-19.714,45.675,11.8
-19.862,44.595,11.3
-19.650,45.700,12.6
-19.653,45.685,12.3
-19.787,44.914,12.4
-21.294,33.947,21.5
-21.185,34.243,39.6
-21.194,34.044,30.8
-19.682,44.861,15.3
-21.180,34.043,28.0
-21.183,34.020,31.2
-21.167,34.041,43.8
-19.655,44.897,33.9
-19.657,44.884,19.6
-19.645,44.895,14.6
-21.186,33.598,34.1
-19.648,44.889,28.2
-21.170,34.034,55.5
-21.191,33.592,20.8
-21.110,33.844,38.9
-21.112,33.821,38.9
-21.019,34.573,98.4
-21.021,34.553,54.2
-19.577,44.807,8.8
-21.013,34.511,40.0
-21.015,34.491,55.9
-19.567,44.805,97.9
-19.569,44.792,26.1
-19.569,44.813,29.6
-19.571,44.800,51.1
-21.018,34.568,92.9
-21.020,34.548,22.6
-19.559,44.811,14.0
-19.561,44.798,29.5
-21.012,34.506,52.3
-21.015,34.486,29.6
-19.544,44.714,105.1
-19.546,44.701,17.7
-19.514,44.761,8.4
-19.504,44.759,9.4
-19.506,44.746,7.5
-19.513,44.707,148.7
-19.515,44.695,69.7
-19.503,44.705,75.8
-19.505,44.693,46.6
-21.053,33.247,71.8
-21.116,32.598,73.4
-21.119,32.569,89.6
-21.058,33.266,26.9
-21.061,33.241,41.3
-19.459,44.785,13.0
-21.115,32.591,110.7
-21.118,32.562,40.6
-20.919,33.195,74.2
-20.681,34.446,16.8
-20.676,33.901,17.3
-19.207,44.389,6.9
-19.193,44.347,23.9
-19.195,44.335,11.4
-20.596,34.156,126.5
-20.598,34.135,91.7
-19.151,44.534,10.1
-19.153,44.528,14.4
-20.597,34.149,179.6
-20.599,34.128,26.8
-19.133,44.524,16.8
-20.584,34.148,23.2
-19.018,44.757,39.3
-20.507,34.008,19.1
-19.022,44.766,9.4
-19.011,44.764,20.3
-19.013,44.750,26.2
-20.466,34.042,17.3
-18.484,47.329,46.0
-20.545,33.023,31.5
-18.975,44.475,9.1
-18.484,47.321,31.1
-20.540,33.016,27.3
-20.344,34.542,27.8
-20.335,34.399,16.9
-18.886,44.638,8.7
-18.888,44.625,37.7
-20.409,33.596,34.6
-18.878,44.623,28.5
-20.430,33.258,27.0
-20.463,32.930,34.0
-20.466,32.904,37.3
-20.474,32.926,40.7
-20.477,32.899,28.4
-20.424,33.252,37.5
-20.315,33.626,23.7
-20.317,33.603,23.5
-18.803,44.523,14.7
-20.390,32.758,37.5
-18.804,44.457,17.4
-20.202,33.240,37.6
-20.073,33.193,23.5
-20.076,33.168,64.8
-20.067,33.187,31.6
-20.070,33.162,35.6
-19.843,34.607,42.0
-19.866,34.167,25.2
-19.810,34.564,30.8
-19.819,34.558,16.8
-19.864,34.180,22.1
-19.866,33.565,105.4
-18.370,44.277,8.0
-19.874,33.231,52.3
-19.876,33.209,168.6
-19.855,33.278,57.3
-19.884,33.204,30.3
-19.767,34.122,8.6
-19.862,33.274,30.3
-19.867,33.226,81.1
-19.870,33.205,117.5
-19.848,33.274,27.7
-19.812,33.484,27.5
-20.015,31.197,41.3
-17.601,47.804,37.9
-19.571,34.592,14.1
-19.659,33.800,58.5
-19.725,33.185,117.1
-19.682,33.462,19.1
-19.711,33.183,38.7
-19.687,33.458,24.7
-19.718,33.179,87.9
-19.631,33.474,23.5
-19.452,34.835,41.9
-19.454,34.817,35.9
-19.484,34.557,46.1
-19.552,33.827,23.5
-19.586,33.514,26.2
-19.618,33.212,46.9
-19.628,33.116,62.4
-19.873,30.412,133.1
-19.486,34.199,20.5
-19.580,33.305,45.7
-19.856,30.411,91.8
-19.587,33.531,29.9
-19.621,33.109,50.4
-19.586,33.299,36.1
-19.885,30.406,126.0
-19.868,30.404,135.8
-19.521,33.637,20.7
-19.540,33.342,20.1
-19.536,33.246,35.3
-19.544,33.174,62.5
-19.785,30.751,127.4
-19.310,34.955,71.9
-19.523,32.974,32.5
-19.483,33.650,18.3
-19.538,33.168,53.7
-19.314,34.968,26.4
-19.316,34.951,55.5
-19.779,30.747,87.2
-19.529,32.995,21.5
-19.532,32.970,30.9
-17.261,47.840,23.6
-19.200,35.129,19.8
-19.447,33.155,32.8
-19.203,35.122,23.4
-19.343,33.355,25.4
-19.161,34.870,41.0
-19.163,34.852,25.4
-19.129,35.043,29.2
-17.225,47.464,20.7
-19.129,34.938,13.5
-19.134,35.039,31.4
-19.156,34.865,26.3
-17.230,47.459,19.0
-19.121,34.949,12.2
-19.068,35.100,119.6
-19.070,35.083,22.4
-19.314,32.907,81.8
-19.285,33.053,27.1
-17.030,48.003,45.8
-17.747,44.067,72.3
-17.750,44.055,40.9
-19.254,32.949,27.2
-17.743,44.098,19.2
-19.278,33.045,21.2
-17.739,44.058,10.3
-17.037,47.998,41.6
-17.042,47.973,22.3
-17.046,47.949,24.9
-18.994,35.236,37.7
-19.022,34.805,20.8
-19.029,34.751,99.5
-17.529,45.047,13.3
-17.518,45.044,14.2
-18.895,35.581,56.1
-18.951,35.008,15.1
-19.027,33.985,29.5
-19.164,32.751,42.6
-19.059,33.581,43.1
-19.298,30.791,45.3
-19.007,33.700,23.1
-19.307,30.784,40.8
-18.966,33.716,19.8
-18.973,33.651,22.8
-18.975,33.630,21.1
-19.322,30.281,58.6
-18.741,35.437,57.1
-18.954,33.582,92.3
-18.696,35.620,11.1
-18.752,35.040,37.9
-18.754,35.023,26.2
-18.882,33.876,38.7
-18.885,33.855,53.4
-18.960,33.443,23.8
-18.757,35.035,54.3
-18.883,33.871,61.5
-18.886,33.851,29.3
-18.866,33.911,16.7
-18.892,33.680,69.7
-18.895,33.658,65.6
-17.212,45.342,14.8
-18.741,34.769,41.3
-18.677,35.211,25.3
-18.679,35.194,82.2
-18.959,32.560,27.5
-19.062,31.542,31.1
-16.561,48.506,36.6
-18.712,34.599,131.6
-18.714,34.581,64.0
-18.803,33.776,24.1
-18.939,32.474,123.0
-19.118,30.607,92.4
-18.955,32.552,43.4
-18.707,34.592,216.2
-18.803,33.770,25.7
-16.559,48.498,58.2
-18.743,34.175,15.4
-18.935,32.466,112.8
-18.528,35.860,22.1
-18.749,34.015,25.6
-18.778,33.767,44.6
-18.853,33.094,33.9
-18.935,32.330,44.5
-19.111,30.599,40.6
-18.587,35.291,17.1
-18.755,33.849,51.5
-18.758,33.828,23.8
-18.723,33.908,45.0
-18.725,33.887,44.2
-18.807,33.136,22.1
-18.710,33.907,50.9
-18.712,33.886,47.3
-18.726,33.760,50.4
-18.728,33.738,18.1
-18.754,33.501,27.9
-18.741,33.499,231.9
-18.743,33.477,94.9
-18.723,33.903,46.5
-18.726,33.882,26.5
-18.710,33.902,73.6
-18.713,33.881,25.0
-18.728,33.755,67.0
-18.758,33.496,20.5
-18.744,33.495,297.4
-18.747,33.472,33.9
-18.856,32.370,28.6
-18.665,33.959,83.4
-18.670,33.918,18.3
-18.841,32.368,99.4
-18.662,33.875,110.0
-18.664,33.854,21.8
-18.698,33.555,55.3
-18.330,36.542,15.4
-18.506,35.008,37.6
-18.667,33.595,55.0
-18.630,33.808,28.3
-18.654,33.594,24.1
-18.344,36.127,14.6
-18.346,36.113,24.7
-18.630,33.801,39.1
-18.655,33.587,41.9
-18.498,34.807,13.5
-16.792,46.219,13.0
-18.463,34.996,27.0
-18.576,34.043,42.2
-18.579,34.023,22.2
-18.688,33.062,18.0
-18.402,35.400,18.9
-17.094,44.340,20.8
-16.626,46.919,24.1
-18.585,33.623,17.9
-18.364,35.427,53.3
-18.420,34.957,20.7
-18.244,36.322,11.0
-18.353,35.425,23.0
-18.725,32.037,35.4
-18.503,34.015,36.9
-18.516,33.892,87.9
-18.354,35.420,28.9
-18.347,35.388,24.1
-18.500,34.032,19.4
-18.502,34.010,25.4
-18.514,33.907,23.0
-18.517,33.887,69.4
-18.504,33.885,109.8
-18.506,33.864,21.1
-18.592,33.117,26.5
-18.195,36.323,25.7
-18.578,33.115,20.0
-16.181,48.789,95.4
-18.540,33.087,31.0
-18.231,35.682,17.6
-18.409,34.159,36.5
-18.411,34.141,47.5
-18.503,33.177,42.8
-16.182,48.782,75.0
-16.651,46.180,20.9
-18.230,35.675,14.7
-18.545,33.081,26.6
-18.406,34.153,63.5
-18.217,35.597,11.7
-18.475,33.214,32.0
-18.475,33.097,27.1
-16.158,48.424,81.1
-18.178,35.546,16.0
-18.461,33.095,23.0
-18.428,33.278,85.8
-18.430,33.256,31.1
-18.433,33.232,38.9
-18.613,31.497,67.4
-18.414,33.277,109.0
-18.102,35.895,23.6
-18.399,33.297,35.8
-18.421,33.089,21.6
-16.158,48.419,77.4
-18.098,35.904,44.4
-18.100,35.889,23.9
-18.118,35.745,16.4
-18.311,34.191,16.1
-18.419,33.273,137.5
-18.613,31.525,38.0
-18.617,31.493,51.2
-18.403,33.293,70.6
-18.379,33.267,21.3
-18.159,34.954,45.1
-18.347,33.309,109.5
-18.350,33.287,51.5
-18.200,34.498,35.6
-18.324,33.397,23.4
-18.311,33.396,41.3
-17.964,36.279,61.6
-18.312,33.259,26.3
-17.967,36.286,31.4
-17.969,36.273,29.1
-18.458,32.244,31.1
-18.563,31.285,36.2
-18.311,33.411,61.8
-18.314,33.389,31.7
-16.425,46.200,63.6
-17.884,36.683,13.0
-18.300,33.274,22.6
-16.413,46.198,14.3
-18.029,35.452,28.1
-18.031,35.437,15.6
-18.492,31.212,42.3
-18.495,31.179,87.7
-18.265,33.223,41.7
-18.273,33.156,40.6
-18.480,31.177,42.3
-16.073,47.823,48.3
-16.579,45.052,15.9
-18.183,33.722,26.8
-18.233,33.265,32.1
-16.348,46.205,28.7
-17.929,35.815,15.6
-18.379,32.147,28.4
-18.482,31.206,85.4
-18.485,31.173,100.9
-17.925,35.824,10.3
-18.238,33.261,47.6
-16.346,46.199,36.5
-18.014,35.024,15.9
-18.230,33.214,21.4
-17.851,36.058,13.7
-17.853,36.044,11.1
-17.899,35.673,14.6
-18.182,33.278,34.1
-18.197,33.143,32.7
-17.770,36.532,13.9
-17.772,36.519,21.3
-17.844,35.857,13.3
-17.916,35.257,23.2
-17.918,35.241,16.3
-17.971,34.692,15.0
-17.917,35.250,24.0
-17.824,35.804,10.6
-18.124,33.217,24.4
-16.293,45.827,15.8
-16.296,45.809,17.2
-16.282,45.753,20.8
-17.761,35.868,17.0
-17.594,37.026,13.1
-17.692,36.249,155.2
-17.694,36.236,86.0
-17.855,34.895,13.2
-17.552,37.332,9.1
-17.594,37.020,13.6
-17.696,36.258,11.8
-17.697,36.245,139.5
-17.529,37.432,13.3
-17.584,37.019,19.2
-17.687,36.243,22.1
-17.778,35.539,16.9
-17.661,36.360,17.5
-17.606,36.626,12.2
-17.692,35.954,10.1
-17.722,35.712,53.4
-17.724,35.697,49.0
-17.683,35.938,11.6
-18.001,33.266,27.8
-17.614,36.314,17.3
-17.977,33.241,115.9
-16.245,45.310,11.0
-16.248,45.293,29.6
-17.717,35.393,17.5
-17.719,35.377,19.7
-16.247,45.303,28.8
-17.537,36.761,10.7
-17.716,35.385,24.2
-17.978,33.257,28.3
-17.981,33.234,69.0
-17.380,37.846,13.6
-17.550,36.586,32.3
-17.565,36.472,10.9
-17.662,35.727,23.9
-17.965,33.255,35.3
-17.377,37.726,14.9
-17.378,37.715,11.1
-17.490,36.877,8.4
-17.595,36.073,16.7
-15.734,47.889,61.0
-17.411,37.328,9.7
-17.542,36.324,37.2
-17.543,36.311,20.8
-17.618,35.721,14.9
-17.887,33.469,50.5
-17.889,33.448,128.2
-15.706,47.884,57.5
-17.524,36.214,16.9
-17.601,35.585,17.3
-17.784,34.036,25.9
-17.446,36.748,42.4
-17.448,36.736,25.6
-17.462,36.624,24.9
-17.448,36.742,39.0
-17.462,36.631,17.4
-17.464,36.619,12.0
-17.600,35.580,18.2
-17.404,36.993,7.1
-17.434,36.765,25.6
-17.469,36.505,17.6
-17.496,36.299,10.1
-17.551,35.880,13.1
-17.782,34.031,19.7
-16.006,45.957,14.7
-17.342,37.232,7.5
-17.506,35.972,13.8
-17.517,35.889,17.0
-17.813,33.434,79.3
-17.816,33.413,171.1
-15.946,46.155,54.3
-17.525,35.732,9.8
-17.527,35.718,17.0
-17.468,36.106,14.8
-17.469,36.092,48.4
-17.269,37.561,8.6
-17.282,37.463,7.1
-17.472,35.982,15.4
-17.511,35.672,25.2
-17.242,37.690,6.9
-17.443,36.130,29.9
-17.773,33.318,57.4
-17.298,37.191,10.5
-17.753,33.382,157.0
-17.232,37.649,10.5
-17.234,37.638,8.6
-17.289,37.229,18.6
-17.436,36.136,23.4
-17.280,37.228,20.2
-17.281,37.216,12.9
-17.437,36.040,14.2
-17.753,33.506,37.4
-17.204,37.710,7.1
-17.216,37.624,10.9
-17.276,37.181,17.1
-17.278,37.169,9.3
-17.362,36.535,20.3
-17.752,33.398,78.8
-17.755,33.375,41.8
-17.260,37.225,11.8
-17.380,36.316,21.8
-17.739,33.396,53.8
-17.742,33.374,43.1
-17.184,37.718,7.0
-17.087,38.354,8.0
-17.162,37.812,7.4
-17.204,37.501,8.7
-17.205,37.490,9.2
-17.211,37.446,31.6
-17.253,37.131,11.5
-17.731,33.238,105.8
-17.201,37.444,17.6
-17.379,36.073,110.5
-17.381,36.060,31.6
-17.360,36.057,38.9
-17.017,38.595,10.1
-17.144,37.658,9.0
-17.133,37.705,10.2
-17.176,37.390,7.1
-17.355,36.051,11.9
-17.042,38.291,13.7
-17.109,37.810,10.1
-17.310,36.314,12.0
-17.033,38.290,11.3
-17.034,38.280,9.8
-17.081,37.944,17.9
-17.152,37.421,10.2
-17.570,34.166,15.8
-17.073,37.932,7.9
-17.146,37.397,10.4
-17.012,38.307,7.0
-17.028,38.187,47.0
-17.030,38.177,29.3
-16.925,38.861,5.9
-17.002,38.306,5.9
-17.018,38.195,18.1
-17.019,38.185,70.4
-17.020,38.175,33.9
-17.073,37.794,12.4
-17.311,35.976,35.3
-17.374,35.478,15.6
-17.321,35.809,24.7
-17.606,33.419,94.3
-17.593,33.417,346.4
-17.025,37.936,11.6
-17.112,37.279,22.7
-17.182,36.742,15.2
-17.334,35.532,19.5
-15.499,47.291,18.3
-17.323,35.531,30.5
-17.324,35.516,34.4
-17.332,35.525,53.2
-17.595,33.410,179.4
-17.040,37.565,9.9
-17.275,35.795,12.0
-15.487,47.305,50.8
-16.953,38.127,86.9
-17.259,35.836,14.8
-16.815,39.050,9.7
-16.816,39.040,7.5
-16.855,38.765,5.2
-16.856,38.756,7.3
-16.938,38.166,12.9
-17.560,33.252,43.6
-17.563,33.230,46.6
-17.568,33.187,46.3
-17.570,33.164,61.3
-17.213,36.025,11.0
-17.214,36.011,15.7
-17.244,35.777,9.8
-17.424,34.308,29.1
-15.121,49.010,88.7
-15.127,48.980,45.9
-16.813,38.934,6.4
-16.788,38.978,5.6
-16.907,38.121,11.5
-16.908,38.110,23.4
-17.156,36.220,42.6
-17.158,36.207,76.4
-17.198,35.884,11.9
-17.200,35.870,24.0
-17.226,35.659,15.9
-17.231,35.616,13.2
-16.914,37.997,6.4
-17.139,36.270,10.7
-17.172,36.005,26.0
-17.174,35.992,15.1
-17.194,35.878,20.5
-17.168,35.999,23.3
-17.228,35.536,16.1
-16.788,38.720,9.1
-16.858,38.221,8.0
-16.933,37.675,59.4
-16.935,37.664,13.9
-17.121,36.276,17.5
-17.123,36.263,17.7
-17.152,36.038,11.3
-17.228,35.445,15.3
-17.493,33.283,36.3
-17.111,36.274,14.4
-17.112,36.262,23.5
-17.152,35.956,21.3
-17.154,35.942,43.8
-17.161,35.887,13.2
-17.162,35.874,10.8
-17.391,34.034,30.2
-16.742,38.917,8.8
-16.743,38.908,9.2
-16.734,38.906,18.6
-16.940,37.411,28.3
-17.010,36.888,26.9
-17.453,33.278,43.5
-17.075,36.309,30.9
-17.148,35.643,14.2
-16.819,38.092,4.9
-16.826,38.041,6.2
-16.828,38.031,7.3
-16.849,37.876,14.8
-16.850,37.866,13.6
-16.863,37.772,14.0
-16.706,38.844,5.4
-16.708,38.834,9.0
-16.733,38.653,17.2
-16.734,38.643,21.3
-16.841,37.865,12.3
-16.897,37.438,65.5
-17.085,35.975,44.9
-17.401,33.271,99.2
-16.891,37.453,35.5
-16.892,37.442,34.8
-16.894,37.431,14.7
-16.618,39.321,7.7
-17.078,35.981,16.6
-17.080,35.967,17.4
-17.099,35.816,15.8
-16.679,38.833,9.7
-16.813,37.875,18.2
-16.968,36.731,14.5
-16.991,36.560,16.0
-17.400,33.286,49.5
-17.403,33.264,53.4
-16.756,38.219,9.2
-16.783,38.028,8.5
-16.981,36.559,12.5
-17.685,30.577,45.9
-16.984,36.458,15.7
-17.043,36.003,17.9
-17.044,35.990,17.6
-17.071,35.784,20.4
-16.988,36.342,47.4
-16.990,36.330,86.3
-15.184,47.480,21.6
-16.840,37.175,34.7
-16.841,37.163,61.5
-14.969,48.864,41.0
-16.838,37.169,54.2
-16.537,39.189,13.1
-16.538,39.180,11.4
-16.871,36.772,12.7
-17.021,35.628,15.1
-16.923,36.302,49.2
-16.985,35.824,38.5
-16.987,35.810,50.5
-17.025,35.510,18.6
-17.027,35.495,11.3
-17.031,35.466,24.9
-16.492,39.371,6.3
-16.494,39.362,6.8
-16.531,39.102,48.5
-16.532,39.093,19.1
-16.758,37.473,48.4
-16.759,37.462,25.7
-16.910,36.326,11.0
-16.975,35.822,22.0
-16.976,35.808,17.7
-16.482,39.379,7.5
-16.748,37.471,14.3
-16.749,37.460,113.1
-16.980,35.695,24.6
-16.982,35.680,68.3
-16.636,38.226,11.3
-16.750,37.383,33.7
-16.781,37.149,11.7
-16.454,39.450,29.6
-16.455,39.441,18.7
-16.626,38.225,11.0
-16.904,36.128,9.1
-16.939,35.846,32.8
-16.411,39.686,7.3
-16.442,39.467,26.1
-16.724,37.434,5.4
-16.725,37.424,34.3
-16.851,36.459,13.4
-16.893,36.126,27.8
-16.918,35.926,18.9
-16.920,35.912,21.8
-16.751,37.156,11.6
-16.883,36.125,12.4
-16.639,37.942,25.4
-16.747,37.160,6.0
-16.819,36.549,8.6
-16.930,35.622,13.9
-16.702,37.268,12.5
-16.704,37.257,12.6
-16.919,35.621,11.4
-16.414,39.267,5.6
-16.425,39.194,5.1
-16.838,36.166,27.5
-16.689,37.221,18.2
-16.691,37.210,8.2
-16.712,37.052,17.4
-16.791,36.445,8.9
-16.819,36.229,76.0
-17.116,33.823,65.2
-16.678,37.230,12.4
-16.679,37.219,20.5
-17.103,33.822,129.0
-16.763,36.504,9.2
-16.764,36.415,86.6
-16.541,38.031,13.0
-16.780,36.210,18.9
-16.755,36.421,21.3
-16.757,36.409,23.9
-16.562,37.767,17.2
-16.748,36.395,31.4
-16.750,36.382,54.4
-16.617,37.295,6.8
-16.620,37.273,17.7
-16.738,36.393,17.7
-16.740,36.381,29.3
-16.304,39.395,6.5
-16.305,39.386,6.7
-16.626,37.080,45.9
-16.628,37.069,12.8
-16.690,36.599,8.8
-16.692,36.587,9.8
-16.713,36.428,15.0
-16.951,34.540,16.9
-16.652,36.813,45.7
-16.653,36.801,12.8
-17.079,33.359,52.8
-16.570,37.356,18.4
-16.586,37.234,20.3
-16.717,36.236,10.1
-16.970,34.183,39.4
-16.276,39.400,5.6
-16.605,37.019,11.9
-16.614,36.950,11.7
-16.615,36.939,9.0
-16.697,36.311,14.9
-16.698,36.298,13.3
-16.762,35.794,13.4
-16.574,37.176,20.7
-16.673,36.410,15.5
-16.603,36.878,21.1
-16.673,36.333,15.4
-16.600,36.883,29.3
-16.675,36.327,22.0
-16.443,37.953,7.3
-16.564,37.076,10.9
-16.566,37.065,12.8
-16.508,37.418,6.5
-16.509,37.407,10.8
-16.535,37.141,32.9
-16.537,37.130,11.2
-16.518,37.195,11.0
-16.626,36.384,9.3
-16.559,36.818,7.1
-16.560,36.806,20.2
-16.484,37.304,8.4
-16.535,36.766,9.5
-16.146,39.461,10.0
-16.146,39.339,6.4
-16.375,37.717,8.2
-16.444,37.213,10.4
-16.445,37.202,9.9
-16.120,39.457,23.8
-16.121,39.448,6.1
-16.363,37.736,8.0
-16.454,37.066,11.9
-16.579,36.126,18.0
-16.516,36.526,19.9
-16.518,36.514,18.4
-16.501,36.561,14.7
-17.133,31.230,42.1
-17.136,31.200,48.3
-16.486,36.521,38.8
-16.487,36.509,26.4
-16.460,36.641,8.9
-16.493,36.384,37.7
-16.324,37.603,18.1
-16.406,36.978,13.1
-16.215,38.333,15.3
-16.218,38.313,8.7
-16.317,37.606,13.0
-16.318,37.595,12.9
-16.337,37.457,11.7
-16.388,37.016,8.7
-16.399,36.936,14.6
-16.077,39.172,8.1
-16.345,37.260,8.7
-16.395,36.889,11.2
-16.397,36.877,9.1
-16.552,35.706,32.5
-16.568,35.580,11.5
-16.195,38.280,15.6
-16.556,35.592,10.2
-16.275,37.632,15.4
-16.423,36.531,50.4
-16.424,36.519,22.5
-16.437,36.421,20.8
-16.439,36.408,15.1
-16.449,36.334,8.1
-16.156,38.423,44.5
-16.157,38.413,41.5
-16.429,36.407,11.6
-16.437,36.345,12.8
-16.541,35.533,11.8
-16.148,38.412,17.3
-16.419,36.406,62.7
-17.085,30.653,53.6
-15.927,39.894,5.3
-16.277,37.405,9.1
-16.278,37.394,51.0
-17.174,29.583,112.5
-15.876,40.118,8.2
-16.011,39.190,9.0
-16.041,38.977,11.8
-15.921,39.739,7.9
-16.179,37.937,15.5
-17.093,30.650,47.8
-15.879,39.964,6.1
-15.913,39.728,7.9
-16.319,36.849,18.6
-15.920,39.618,7.0
-16.085,38.476,15.2
-16.086,38.466,7.1
-17.172,29.579,102.5
-16.067,38.532,5.9
-16.368,36.330,25.1
-16.370,36.317,29.3
-16.445,35.571,12.6
-16.337,36.249,10.4
-15.824,39.909,10.0
-16.194,37.266,11.3
-16.420,35.512,10.1
-16.421,35.497,18.7
-15.794,40.053,5.2
-16.416,35.505,29.3
-15.753,40.188,13.9
-15.754,40.179,22.2
-16.001,38.476,6.8
-16.002,38.466,15.3
-15.814,39.651,7.4
-16.275,36.260,20.9
-16.305,36.030,26.7
-15.718,40.182,6.5
-15.719,40.173,11.4
-16.359,35.524,23.5
-16.361,35.510,8.4
-15.764,39.809,3.8
-15.971,38.363,7.3
-16.205,36.636,19.0
-16.175,36.787,33.0
-16.195,36.634,79.8
-16.196,36.623,64.6
-16.160,36.820,30.0
-16.162,36.808,26.2
-16.043,37.628,25.1
-16.065,37.471,10.2
-16.142,36.887,43.2
-16.037,37.632,8.9
-16.139,36.893,18.4
-16.141,36.882,21.8
-16.137,36.834,29.4
-16.135,36.705,40.7
-15.774,39.229,10.7
-15.776,39.219,6.3
-16.100,36.888,8.0
-16.102,36.876,10.9
-16.125,36.703,39.9
-16.142,36.573,13.7
-16.180,36.282,41.8
-16.590,32.973,92.8
-15.680,39.818,6.5
-15.690,39.746,9.4
-15.955,37.882,34.4
-15.958,37.861,60.4
-15.959,37.851,66.9
-16.089,36.898,12.2
-16.115,36.702,36.4
-16.585,32.904,48.0
-15.676,39.781,7.2
-15.777,39.088,13.7
-15.949,37.860,8.1
-15.950,37.850,45.2
-16.094,36.781,11.2
-15.589,40.249,7.9
-15.936,37.817,7.9
-16.055,36.928,12.6
-16.122,36.411,14.5
-15.953,37.620,13.8
-15.971,37.484,18.8
-15.973,37.474,38.7
-15.603,40.012,9.7
-15.966,37.477,29.6
-15.894,37.928,22.4
-15.911,37.807,13.7
-16.025,36.905,8.7
-16.090,36.424,22.6
-15.527,40.279,12.3
-15.876,37.853,8.3
-16.035,36.684,22.0
-15.801,38.325,8.4
-15.888,37.699,5.9
-16.025,36.682,58.9
-16.026,36.671,61.6
-16.053,36.468,18.1
-15.550,40.004,6.1
-15.553,39.986,36.4
-15.554,39.977,95.3
-15.862,37.820,8.7
-15.493,40.329,6.3
-15.545,39.975,12.0
-16.005,36.679,26.6
-15.595,39.576,22.9
-15.596,39.567,9.7
-16.771,29.847,66.7
-15.837,37.675,8.9
-15.499,39.972,6.4
-15.500,39.962,5.5
-15.486,39.997,6.4
-15.844,37.486,11.7
-16.767,29.843,62.8
-15.487,39.933,12.1
-15.577,39.316,6.8
-15.578,39.307,24.9
-15.478,39.931,22.5
-15.479,39.922,27.0
-15.597,39.114,9.1
-15.500,39.722,12.1
-15.379,40.473,8.2
-15.553,39.294,8.0
-15.555,39.285,17.3
-15.813,37.438,13.4
-15.468,39.818,7.4
-15.544,39.293,33.1
-15.546,39.283,15.1
-15.625,38.730,8.0
-15.815,37.352,9.4
-15.409,40.152,9.5
-15.397,40.152,4.4
-15.424,39.971,6.2
-15.425,39.962,22.9
-15.495,39.427,9.8
-15.496,39.418,13.2
-15.336,40.319,25.0
-16.164,34.242,19.3
-15.766,37.239,7.7
-16.146,34.186,40.1
-15.294,40.424,9.4
-15.295,40.415,60.8
-15.296,40.406,14.0
-15.286,40.414,18.3
-15.343,40.032,7.8
-15.334,40.031,9.4
-15.276,40.351,14.7
-15.277,40.342,7.6
-15.414,39.418,7.2
-15.285,40.231,8.5
-15.286,40.222,17.3
-15.355,39.696,41.4
-16.020,34.857,20.0
-15.342,39.721,19.3
-15.344,39.712,16.4
-15.696,37.224,7.5
-16.265,32.630,45.8
-16.268,32.606,25.0
-15.319,39.755,9.0
-15.461,38.778,14.5
-16.187,33.185,25.0
-15.652,37.338,15.1
-15.554,37.981,6.8
-15.617,37.526,16.0
-15.634,37.400,7.6
-16.056,34.079,149.3
-16.058,34.061,112.4
-15.286,39.740,6.8
-15.613,37.408,6.2
-15.464,38.426,6.3
-16.051,34.072,159.9
-16.053,34.054,20.3
-15.591,37.452,8.1
-15.273,39.621,13.4
-15.285,39.539,4.2
-15.223,39.899,6.5
-15.534,37.727,26.5
-15.544,37.655,9.5
-15.999,34.192,27.2
-16.001,34.174,27.0
-15.166,40.224,9.8
-15.167,40.215,10.8
-15.535,37.654,7.7
-15.314,39.154,8.2
-15.264,39.434,10.7
-15.286,39.159,33.1
-15.095,40.399,5.7
-15.146,40.054,17.9
-15.427,38.041,12.9
-15.428,38.031,7.9
-15.203,39.530,6.8
-15.205,39.521,10.0
-15.128,39.980,8.5
-15.076,40.027,17.2
-15.078,40.018,14.9
-15.098,39.883,13.0
-15.088,39.891,9.9
-15.089,39.882,21.7
-15.210,39.048,9.9
-15.082,39.871,9.4
-15.083,39.862,8.5
-15.470,37.102,15.0
-15.271,38.482,10.8
-15.465,37.106,16.3
-15.189,38.926,8.3
-15.180,38.925,25.1
-15.046,39.545,11.4
-15.018,39.415,5.8
-14.837,40.574,18.4
-15.101,38.775,8.0
-15.137,38.456,16.0
-14.951,39.626,15.8
-14.807,40.531,6.4
-15.172,38.011,12.3
-15.336,36.801,6.8
-15.193,37.792,10.2
-14.730,40.787,17.9
-14.719,40.794,7.3
-14.721,40.785,20.8
-14.767,40.480,5.7
-14.792,40.251,6.7
-14.932,39.302,9.4
-15.175,37.524,9.6
-14.740,40.420,5.3
-15.664,33.423,30.9
-15.330,35.998,20.8
-15.663,33.418,39.5
-14.802,39.627,10.4
-15.602,33.704,19.3
-15.609,33.648,51.9
-14.863,39.147,7.2
-14.689,40.266,10.8
-14.858,39.118,8.3
-14.679,40.273,5.2
-14.680,40.264,6.3
-15.947,29.975,71.3
-14.787,39.277,6.2
-15.531,33.840,26.2
-15.957,29.967,96.4
-14.736,39.444,7.1
-14.737,39.435,8.8
-14.599,40.244,14.2
-14.601,40.235,27.9
-14.697,39.585,6.7
-14.672,39.692,11.7
-14.701,39.438,5.4
-15.245,35.456,9.6
-14.566,40.094,18.4
-14.618,39.742,5.3
-14.826,38.307,5.2
-14.827,38.298,4.0
-14.494,40.334,5.5
-14.602,39.611,9.9
-14.603,39.602,13.6
-14.580,39.635,3.8
-14.722,38.654,10.0
-14.566,39.605,5.1
-14.598,39.309,7.0
-14.627,39.110,22.2
-14.628,39.101,9.8
-14.783,37.961,8.0
-14.559,39.450,11.4
-14.560,39.441,9.3
-14.617,38.988,11.5
-14.524,39.564,18.6
-14.609,38.986,19.1
-14.360,40.607,6.4
-14.542,39.383,9.1
-14.574,39.166,6.2
-14.655,38.600,31.5
-14.646,38.598,31.1
-14.648,38.589,27.3
-14.649,38.580,30.4
-14.540,39.152,30.1
-14.541,39.143,17.1
-14.458,39.576,8.1
-14.459,39.567,7.0
-14.449,39.574,9.8
-14.450,39.565,9.0
-14.730,37.615,5.7
-14.528,38.781,39.0
-14.369,39.755,15.8
-14.461,39.124,11.4
-14.721,37.270,16.8
-14.909,35.850,55.7
-14.910,35.837,13.5
-14.659,37.655,34.4
-14.444,39.032,10.3
-14.259,40.165,6.9
-14.261,40.156,10.6
-14.241,40.228,5.6
-14.329,39.576,15.9
-14.330,39.567,33.4
-14.802,36.194,11.1
-14.241,40.107,7.9
-14.276,39.872,6.4
-14.320,39.575,7.4
-14.187,40.213,10.6
-14.210,39.939,4.8
-14.191,40.010,8.2
-14.163,40.135,6.5
-14.335,38.907,11.4
-14.139,40.112,10.2
-14.184,39.695,8.0
-14.199,39.507,5.8
-14.167,39.667,8.1
-14.147,39.554,9.8
-14.149,39.545,15.3
-14.150,39.536,45.6
-15.062,32.546,43.1
-15.065,32.523,32.1
-14.471,37.139,23.8
-14.432,37.355,12.8
-15.054,32.540,43.5
-14.287,37.816,7.5
-14.475,35.733,14.5
-13.910,39.725,13.5
-14.086,38.194,26.5
-13.867,39.639,22.1
-15.076,29.822,59.5
-13.860,39.381,12.1
-13.743,40.092,15.9
-14.139,37.360,8.5
-14.412,35.381,12.5
-15.069,29.814,51.2
-14.085,37.476,7.9
-14.152,36.851,8.8
-13.688,40.037,16.1
-14.223,36.245,32.2
-14.089,37.176,10.2
-14.060,37.134,9.7
-13.532,40.522,7.8
-14.160,36.110,13.3
-14.042,36.917,5.6
-14.123,36.237,8.1
-14.144,35.997,11.3
-14.143,36.003,13.8
-13.959,37.197,7.8
-13.469,40.505,4.8
-13.964,37.018,7.0
-14.035,36.429,14.1
-13.942,36.973,7.1
-14.299,34.230,24.8
-13.915,37.096,12.2
-14.007,36.413,26.2
-14.041,36.159,14.1
-13.453,40.248,11.8
-13.609,39.203,8.6
-13.765,38.117,14.0
-14.006,36.344,21.9
-13.755,38.120,28.5
-13.756,38.110,31.9
-14.004,36.350,9.2
-14.006,36.338,21.6
-13.994,36.348,8.1
-13.989,36.312,18.4
-13.991,36.301,11.0
-13.896,36.917,12.9
-13.396,40.261,12.2
-13.397,40.252,11.4
-13.847,36.921,8.1
-13.979,35.851,9.9
-13.900,36.432,10.9
-13.981,35.845,11.3
-13.788,37.170,17.0
-13.789,37.160,43.6
-13.790,37.150,18.1
-13.773,37.137,5.8
-13.842,36.639,12.1
-13.288,40.416,25.6
-13.290,40.407,20.8
-13.737,37.329,12.1
-13.774,37.064,8.1
-13.775,37.054,18.4
-13.942,35.827,11.7
-13.341,39.948,6.3
-13.775,36.915,8.6
-13.776,36.904,19.8
-13.831,36.502,9.2
-13.671,37.602,16.4
-13.767,36.903,14.4
-13.839,36.366,12.3
-13.842,36.343,20.1
-13.844,36.331,46.9
-13.857,36.157,9.3
-13.859,36.145,11.2
-13.900,35.834,16.5
-13.326,39.862,10.0
-13.826,36.317,35.9
-13.871,35.977,21.0
-13.819,36.357,21.8
-13.825,36.311,19.9
-13.870,35.984,19.4
-13.872,35.972,11.5
-13.892,35.827,12.5
-13.960,35.330,13.4
-13.809,36.356,77.7
-13.811,36.344,51.0
-13.814,36.321,35.9
-13.816,36.310,15.1
-13.702,37.059,9.6
-13.719,36.934,13.6
-13.772,36.556,9.3
-13.773,36.545,10.4
-14.615,29.837,49.8
-13.719,36.869,8.8
-13.780,36.421,9.0
-13.868,35.773,17.1
-13.888,35.623,13.2
-13.711,36.857,12.4
-13.712,36.847,20.4
-13.805,36.011,10.5
-13.837,35.693,9.9
-13.794,35.862,34.8
-13.796,35.850,19.4
-13.603,37.236,12.6
-13.795,35.856,30.1
-13.715,36.370,8.6
-13.705,36.369,12.9
-13.706,36.357,9.7
-13.797,35.693,8.2
-13.730,36.114,16.2
-13.731,36.103,8.1
-13.773,35.791,9.0
-13.718,36.125,27.8
-13.720,36.113,19.9
-13.498,37.654,13.6
-13.129,40.125,9.3
-13.700,36.110,14.2
-13.748,35.750,18.6
-13.116,40.151,7.4
-13.226,39.357,7.0
-13.227,39.348,27.3
-13.228,39.339,6.3
-13.722,35.784,34.8
-13.558,36.908,10.0
-13.713,35.790,11.3
-13.061,40.268,7.1
-13.063,40.258,9.1
-13.542,36.949,14.6
-13.544,36.939,9.2
-13.670,36.029,12.6
-13.695,35.849,27.7
-13.684,35.773,10.0
-13.559,36.547,70.3
-13.561,36.536,12.1
-13.564,36.514,12.0
-13.643,35.928,7.1
-13.644,35.916,41.8
-13.661,35.795,15.0
-13.633,35.926,48.9
-13.634,35.914,175.3
-13.641,35.866,33.5
-13.620,35.949,10.7
-13.627,35.889,10.7
-13.629,35.877,36.8
-13.631,35.865,27.2
-13.650,35.718,17.9
-13.532,36.532,15.0
-13.533,36.521,12.4
-13.548,36.410,7.3
-13.638,35.729,30.8
-13.641,35.705,10.7
-13.480,36.843,11.7
-13.607,35.886,16.3
-13.609,35.874,22.7
-13.474,36.846,15.9
-13.566,36.185,20.7
-13.568,36.174,7.8
-13.608,35.880,25.6
-13.519,36.455,7.7
-13.608,35.805,9.4
-13.635,35.608,9.8
-13.643,35.545,14.0
-13.478,36.606,65.4
-13.608,35.655,16.2
-13.102,39.189,18.8
-13.607,35.578,11.6
-13.094,39.178,19.2
-12.912,40.341,9.3
-12.913,40.332,16.1
-13.604,35.448,10.6
-13.647,35.114,19.2
-13.544,35.821,14.0
-13.558,35.711,9.7
-13.521,35.916,52.1
-13.523,35.904,52.9
-13.571,35.534,22.0
-13.573,35.521,31.9
-13.445,36.411,87.3
-13.447,36.400,51.8
-13.325,37.248,8.3
-13.442,36.416,20.6
-13.444,36.405,89.9
-13.565,35.528,33.4
-13.059,39.039,16.3
-13.051,39.029,8.5
-13.494,35.894,11.8
-13.267,37.463,7.6
-13.268,37.453,12.4
-13.409,36.445,12.6
-13.465,36.035,34.3
-13.466,36.023,17.6
-13.341,36.864,12.9
-13.384,36.554,13.5
-13.385,36.543,11.2
-13.458,36.010,10.0
-13.460,35.998,21.2
-12.996,39.221,12.4
-13.420,36.218,25.7
-13.475,35.806,16.1
-13.569,35.098,8.1
-13.408,36.228,23.2
-13.410,36.216,47.7
-13.463,35.816,25.6
-13.465,35.804,36.8
-13.126,38.197,14.7
-13.243,37.368,13.8
-13.314,36.849,7.2
-13.397,36.238,11.8
-13.445,35.875,19.0
-13.447,35.863,51.2
-12.799,40.355,5.4
-13.395,36.179,23.5
-13.437,35.862,28.6
-13.426,35.866,21.0
-13.413,35.889,11.5
-13.414,35.877,15.7
-12.756,40.389,8.4
-13.374,36.099,12.4
-13.169,37.501,18.4
-13.367,36.074,11.8
-13.368,36.063,8.8
-13.376,36.004,12.7
-13.401,35.826,19.9
-13.402,35.814,33.4
-13.495,35.124,20.6
-13.366,36.003,6.9
-13.390,35.824,42.7
-13.392,35.812,59.3
-13.395,35.788,9.9
-13.331,36.187,13.9
-13.333,36.175,11.7
-13.308,36.288,16.9
-13.309,36.276,19.6
-13.322,36.185,21.4
-13.323,36.174,12.1
-13.948,31.154,32.9
-13.245,36.681,8.6
-13.248,36.660,7.7
-13.009,38.305,5.8
-13.010,38.295,8.7
-13.086,37.764,12.1
-13.205,36.901,18.5
-13.332,35.811,18.4
-13.215,36.517,11.3
-13.216,36.506,14.4
-13.268,36.125,13.4
-13.270,36.114,18.0
-13.294,35.939,8.9
-13.295,35.927,41.6
-13.402,35.133,10.3
-13.002,37.967,33.5
-13.003,37.958,20.6
-13.252,36.170,13.5
-12.993,37.966,6.2
-13.249,36.123,27.3
-12.749,39.582,19.6
-12.750,39.573,12.4
-13.251,36.028,13.6
-13.253,36.017,26.8
-12.685,39.950,8.4
-12.970,38.000,7.4
-13.363,35.101,9.2
-13.365,35.087,9.6
-12.633,40.231,7.1
-12.644,40.158,4.7
-13.239,35.968,7.9
-13.275,35.692,25.6
-12.976,37.755,7.4
-13.061,37.160,30.7
-12.973,37.647,43.9
-13.191,36.085,7.9
-13.241,35.718,14.2
-13.098,36.691,7.4
-12.906,37.984,112.9
-13.316,35.004,16.5
-12.899,37.974,97.6
-12.948,37.624,12.4
-13.222,35.628,11.9
-13.320,34.890,20.8
-13.147,36.114,54.2
-13.149,36.102,40.1
-13.309,34.889,31.6
-12.560,40.100,12.4
-12.561,40.091,16.8
-13.115,36.202,7.2
-13.129,36.099,14.1
-12.551,40.099,5.4
-12.553,40.090,17.3
-13.099,36.090,6.4
-13.091,35.924,17.5
-12.915,37.071,7.3
-12.917,37.061,19.3
-13.015,36.342,8.2
-13.061,36.002,13.2
-13.051,36.000,9.9
-13.060,35.931,25.4
-13.200,34.856,15.0
-13.058,35.872,10.1
-12.526,39.574,13.5
-12.527,39.565,13.7
-13.062,35.757,29.6
-13.184,34.861,13.5
-13.036,35.874,30.5
-12.705,38.168,5.3
-12.986,36.091,9.1
-12.988,36.079,10.1
-12.363,40.301,12.3
-12.846,36.971,17.1
-12.847,36.961,18.0
-12.774,37.418,8.8
-12.823,37.071,36.8
-12.812,37.080,11.0
-12.813,37.070,7.0
-12.448,39.552,11.5
-12.559,38.724,8.7
-12.811,36.971,23.0
-12.813,36.960,28.7
-12.770,36.923,29.3
-12.889,36.060,8.1
-13.026,35.032,16.6
-13.041,34.922,25.6
-13.135,34.200,15.1
-12.760,36.932,11.4
-12.913,35.804,11.6
-12.872,36.034,47.7
-12.874,36.022,53.4
-12.901,35.741,39.2
-12.968,35.147,15.2
-12.973,35.141,14.3
-12.739,36.690,5.7
-12.740,36.679,29.4
-12.894,35.570,11.9
-12.900,35.521,22.8
-12.752,36.386,8.1
-12.742,36.385,7.0
-12.724,36.449,11.8
-12.922,34.956,8.8
-12.177,40.127,11.8
-12.696,36.483,7.8
-12.319,39.040,8.7
-12.668,36.610,9.2
-12.815,35.554,18.9
-12.816,35.541,19.3
-12.717,36.047,10.8
-12.622,36.667,14.1
-12.979,33.894,14.7
-12.627,36.484,11.9
-12.600,36.611,7.5
-12.632,36.375,7.0
-12.647,36.168,7.9
-12.572,36.632,13.0
-12.595,36.473,35.9
-12.596,36.462,30.4
-12.729,35.268,8.6
-12.751,35.111,52.4
-12.752,35.097,13.9
-12.552,36.499,9.8
-12.562,36.358,8.5
-12.563,36.347,12.4
-12.756,34.905,8.7
-12.583,36.125,8.8
-12.483,36.789,34.0
-12.485,36.779,8.1
-12.536,36.399,10.2
-12.559,36.156,9.3
-12.556,36.162,7.0
-12.521,36.347,12.3
-12.679,35.121,9.2
-12.681,35.109,16.4
-12.523,36.190,8.8
-12.610,35.550,14.4
-12.612,35.538,11.2
-12.501,36.277,12.2
-12.642,35.237,10.2
-12.644,35.224,21.0
-12.470,36.428,6.5
-12.475,36.396,12.4
-12.637,35.115,24.0
-12.464,36.328,13.9
-12.470,36.217,23.3
-12.471,36.206,9.8
-12.576,35.419,12.5
-12.768,33.921,32.1
-12.771,33.905,50.6
-12.428,36.455,9.3
-12.454,36.259,8.7
-12.475,36.105,8.3
-12.546,35.565,7.7
-12.618,35.018,39.3
-12.628,34.937,48.1
-12.422,36.458,13.8
-12.451,36.252,7.8
-12.629,34.971,22.4
-12.771,33.915,53.2
-12.039,39.060,5.9
-12.612,35.010,30.4
-12.622,34.942,28.8
-12.624,34.928,26.5
-12.627,34.900,15.0
-12.452,36.107,14.6
-12.582,35.154,9.3
-12.757,33.846,31.5
-12.408,36.279,7.9
-12.409,36.268,13.3
-12.723,33.924,17.3
-12.554,35.123,11.2
-12.556,35.110,10.2
-12.407,36.144,7.2
-12.408,36.133,12.6
-12.445,35.859,10.1
-13.034,31.190,37.5
-12.435,35.858,9.0
-12.365,36.307,11.0
-12.497,35.313,10.8
-12.458,35.534,15.7
-12.305,36.292,7.1
-12.361,35.877,11.3
-11.819,39.622,22.5
-12.204,36.949,10.6
-12.206,36.939,11.6
-12.619,33.839,41.4
-12.959,31.065,67.3
-11.810,39.621,8.7
-12.195,36.948,26.2
-12.196,36.938,24.1
-12.340,35.886,12.1
-12.391,35.507,10.1
-12.381,35.505,8.4
-12.382,35.493,39.4
-12.278,36.170,8.2
-12.319,35.877,8.2
-12.957,31.057,65.4
-12.274,36.056,13.5
-12.300,35.874,44.3
-12.301,35.862,54.2
-12.423,34.971,8.3
-11.683,40.087,18.5
-11.684,40.078,8.2
-12.288,35.884,9.0
-12.290,35.872,26.1
-11.673,40.095,7.6
-11.674,40.086,15.5
-12.383,34.869,12.5
-12.397,34.759,12.4
-12.302,35.400,16.5
-12.229,35.870,8.9
-12.290,35.199,26.6
-11.980,37.236,28.1
-12.177,35.575,14.1
-11.953,37.166,8.5
-11.980,36.979,7.3
-12.176,35.581,12.5
-12.250,34.893,32.8
-12.037,36.367,45.8
-12.025,36.387,15.7
-12.193,35.074,8.8
-11.549,39.570,12.2
-12.183,35.072,14.3
-11.985,36.392,15.9
-11.968,36.416,20.0
-11.969,36.406,62.8
-11.852,37.165,598.3
-11.853,37.156,120.8
-12.027,35.922,8.0
-12.618,31.466,29.5
-11.841,37.174,205.1
-11.843,37.164,401.9
-11.928,36.561,34.5
-12.057,35.631,12.2
-11.832,37.172,380.0
-11.834,37.163,154.1
-11.942,36.391,28.6
-12.006,35.931,9.3
-11.822,37.181,86.4
-11.823,37.171,110.2
-11.925,36.443,12.9
-12.037,35.628,34.7
-11.666,38.020,29.2
-11.776,37.243,45.5
-11.777,37.233,93.8
-11.657,38.018,14.5
-11.914,36.167,13.6
-11.911,36.160,17.1
-11.889,36.179,19.8
-11.890,36.168,30.7
-11.879,36.177,16.1
-11.910,35.956,34.8
-11.900,35.955,80.1
-11.883,36.009,51.2
-11.884,35.998,16.2
-11.402,39.315,6.8
-11.252,40.250,5.2
-11.978,35.071,19.7
-11.726,36.868,28.5
-11.343,39.456,18.4
-11.344,39.447,10.2
-11.376,39.233,12.3
-11.719,36.872,11.3
-12.292,32.388,24.4
-11.286,39.594,39.9
-11.288,39.585,20.7
-11.133,40.487,35.5
-11.122,40.495,17.6
-11.124,40.485,16.3
-11.891,35.119,13.5
-11.200,39.787,10.5
-11.271,39.128,7.4
-11.222,39.403,9.8
-11.248,39.106,14.5
-11.064,40.151,6.3
-11.065,40.142,9.8
-11.738,35.352,69.3
-11.740,35.340,73.9
-11.550,36.629,10.5
-11.726,35.363,64.3
-11.728,35.351,67.9
-11.729,35.339,15.1
-11.540,36.627,17.0
-11.341,37.712,14.6
-11.342,37.703,27.8
-11.390,37.299,13.3
-11.580,35.914,15.1
-11.582,35.903,54.8
-11.583,35.892,225.4
-11.585,35.880,15.6
-11.578,35.907,27.4
-11.580,35.896,113.1
-11.581,35.885,50.0
-11.621,35.598,6.9
-11.407,37.049,13.4
-11.611,35.596,51.8
-11.613,35.585,53.1
-11.557,35.916,10.6
-11.626,35.342,43.3
-11.544,35.868,11.3
-11.337,37.275,12.1
-11.612,35.291,15.2
-11.530,35.750,11.5
-11.533,35.275,8.8
-11.522,35.285,8.7
-11.388,36.122,11.8
-11.445,35.697,12.4
-11.453,35.640,13.5
-11.455,35.628,11.9
-11.468,35.450,10.5
-11.341,36.322,8.7
-11.059,38.244,18.8
-11.397,35.743,8.1
-11.398,35.731,9.3
-11.452,35.270,8.6
-11.453,35.258,19.9
-11.455,35.246,9.8
-11.622,33.838,20.8
-10.723,40.139,8.3
-11.265,36.412,9.1
-11.275,36.338,6.7
-10.989,38.289,10.0
-11.254,36.421,16.8
-11.580,33.894,59.4
-11.235,36.418,30.6
-11.402,35.176,27.5
-11.404,35.164,15.2
-11.229,36.422,13.3
-11.231,36.412,15.5
-11.405,35.171,23.3
-11.580,33.904,19.4
-11.582,33.889,41.9
-11.395,35.170,34.7
-11.555,33.916,16.7
-11.312,35.620,15.9
-11.314,35.608,15.3
-11.209,36.291,7.0
-11.326,35.443,13.5
-11.826,31.622,40.1
-11.200,36.290,9.8
-11.279,35.639,9.9
-11.308,35.428,8.9
-11.337,35.211,11.0
-10.635,40.053,7.0
-11.176,36.319,5.0
-11.249,35.716,7.5
-10.905,38.115,18.8
-10.538,40.505,25.9
-10.539,40.496,9.8
-11.156,36.147,8.6
-11.157,36.136,12.6
-11.221,35.682,8.6
-11.194,35.805,8.3
-11.195,35.794,25.0
-11.286,35.135,11.9
-11.191,35.678,8.0
-11.193,35.667,6.9
-11.223,35.446,6.6
-11.179,35.547,10.3
-11.140,35.763,10.2
-11.641,31.827,85.3
-11.137,35.769,12.2
-11.139,35.758,7.0
-11.161,35.598,8.7
-10.793,38.104,7.2
-11.643,31.846,34.8
-11.630,31.844,30.1
-11.633,31.821,63.0
-11.086,35.853,10.4
-11.146,35.418,22.3
-11.160,35.310,8.3
-11.167,35.262,12.0
-11.454,33.114,34.8
-11.118,35.545,8.2
-11.147,35.332,30.5
-11.149,35.320,8.5
-11.620,31.706,52.0
-10.480,39.662,4.7
-10.548,39.203,8.3
-10.549,39.195,4.2
-11.021,35.939,6.4
-11.578,31.741,83.6
-11.047,35.386,11.4
-11.052,35.276,10.6
-11.054,35.264,40.2
-11.007,35.535,9.6
-11.008,35.524,34.3
-11.019,35.442,19.3
-10.998,35.522,12.4
-10.486,39.076,4.2
-10.920,36.025,7.1
-10.936,35.904,12.0
-10.938,35.893,7.5
-10.935,35.899,17.9
-10.757,37.079,10.2
-10.950,35.719,22.0
-10.952,35.708,17.3
-10.985,35.468,13.4
-10.874,36.122,9.0
-10.954,35.475,11.9
-11.330,32.652,51.1
-10.660,37.497,9.1
-10.929,35.578,7.3
-10.945,35.462,13.5
-11.318,32.651,56.1
-11.320,32.631,16.8
-11.580,30.539,47.5
-11.584,30.510,47.3
-10.875,35.902,9.7
-10.898,35.735,7.4
-10.291,39.880,11.9
-10.334,39.597,7.0
-10.488,38.564,8.1
-10.819,36.168,18.9
-10.820,36.158,11.3
-10.303,39.685,5.3
-10.333,39.486,7.7
-10.352,39.360,12.3
-10.856,35.820,6.8
-10.854,35.813,10.7
-10.674,36.943,10.0
-10.686,36.726,7.0
-10.867,35.433,16.5
-11.131,33.470,10.6
-10.233,39.770,6.1
-10.813,35.750,8.5
-10.299,39.208,9.2
-10.790,35.770,9.9
-10.813,35.602,16.1
-10.291,39.207,6.3
-10.610,36.933,8.1
-10.474,37.820,15.3
-10.151,39.950,5.2
-10.751,35.827,28.2
-10.731,35.893,11.2
-10.833,35.166,137.2
-10.834,35.154,26.1
-10.239,39.120,9.6
-10.710,35.687,20.0
-10.668,35.849,28.0
-11.145,32.154,34.9
-10.370,37.899,8.9
-10.371,37.890,4.3
-10.664,35.853,27.4
-10.666,35.842,18.2
-10.675,35.776,7.8
-10.514,36.838,25.7
-10.515,36.828,8.9
-10.604,36.204,15.8
-10.656,35.841,13.3
-10.733,35.220,14.4
-10.734,35.208,28.6
-11.144,32.168,26.1
-11.125,32.208,24.2
-10.738,35.034,14.6
-10.162,39.010,7.5
-11.025,32.691,36.6
-11.118,31.952,37.7
-10.530,36.321,17.9
-10.593,35.866,10.9
-10.595,35.855,5.9
-11.012,32.689,35.8
-11.015,32.670,32.9
-10.275,38.059,4.9
-10.675,35.187,44.3
-10.735,34.738,63.5
-11.000,32.687,49.9
-10.602,35.653,11.8
-10.725,34.736,13.5
-10.997,32.610,64.8
-10.602,35.647,18.7
-10.728,34.745,32.3
-10.730,34.731,33.7
-10.521,36.144,22.6
-10.523,36.133,18.1
-10.535,36.049,6.4
-10.576,35.757,8.7
-10.995,32.701,34.0
-10.998,32.682,40.0
-10.504,36.195,20.9
-10.995,32.605,50.3
-11.068,32.048,30.0
-10.115,38.826,10.1
-10.472,36.359,8.5
-10.473,36.349,13.9
-10.489,36.235,14.9
-10.507,36.110,13.8
-10.547,35.820,7.0
-10.588,35.529,6.7
-10.983,32.604,19.5
-10.055,39.170,13.7
-10.057,39.161,5.3
-10.112,38.789,43.3
-10.475,36.265,9.9
-10.517,35.970,16.0
-10.523,35.927,17.3
-10.605,35.330,4.5
-10.659,34.941,14.2
-10.661,34.928,24.4
-10.102,38.797,11.7
-10.103,38.788,30.9
-10.503,36.000,6.8
-10.507,35.968,50.8
-10.549,35.593,7.5
-10.554,35.559,19.6
-10.076,38.847,28.7
-10.544,35.558,12.3
-10.964,32.347,50.9
-10.068,38.846,9.7
-10.438,36.259,15.7
-10.467,36.050,14.0
-10.468,36.039,14.4
-10.481,35.943,25.9
-10.554,35.406,16.4
-10.568,35.228,10.7
-10.483,35.827,10.8
-10.521,35.559,10.2
-10.637,34.738,14.6
-10.472,35.837,11.3
-10.474,35.825,9.0
-10.404,36.248,7.7
-10.533,35.180,17.9
-10.535,35.168,11.8
-9.947,39.211,22.0
-10.292,36.842,8.8
-10.443,35.765,15.2
-10.392,35.989,21.6
-10.528,34.991,11.9
-10.541,34.892,14.7
-10.410,35.783,17.2
-10.418,35.727,14.0
-10.420,35.716,16.8
-10.458,35.357,11.4
-10.490,35.057,14.9
-9.871,39.285,10.3
-9.873,39.276,11.1
-9.957,38.645,8.8
-10.371,35.760,13.6
-10.373,35.749,7.2
-10.435,35.306,14.5
-10.829,32.376,35.3
-10.855,32.177,21.8
-10.858,32.157,17.0
-10.407,35.432,24.7
-10.409,35.420,12.0
-10.388,35.499,7.4
-10.333,35.755,6.4
-10.316,35.808,25.2
-10.349,35.563,14.1
-10.350,35.552,29.3
-10.364,35.449,10.8
-9.844,38.603,11.8
-9.668,39.720,8.3
-9.784,38.946,7.0
-9.785,38.937,6.3
-10.326,35.125,8.3
-9.669,39.654,7.1
-10.217,35.854,8.0
-9.760,38.988,8.2
-10.237,35.477,16.7
-10.239,35.465,32.9
-10.162,35.873,10.9
-10.101,36.165,15.1
-10.168,35.684,20.8
-10.170,35.673,6.5
-10.092,36.163,59.0
-10.466,33.291,36.5
-9.568,39.459,4.8
-9.869,37.219,29.9
-9.870,37.210,48.5
-9.872,37.201,30.5
-9.873,37.191,25.2
-9.860,37.218,28.3
-9.861,37.209,27.4
-10.436,32.801,18.9
-10.433,32.795,22.5
-9.464,39.539,7.2
-9.979,35.997,10.7
-9.979,35.933,15.5
-10.437,32.481,27.0
-9.958,35.941,52.7
-9.414,39.448,13.8
-10.019,35.202,10.3
-10.479,31.861,117.9
-10.481,31.840,110.7
-10.310,32.646,25.0
-9.309,39.456,11.7
-9.428,38.654,13.4
-9.508,37.925,7.5
-9.274,39.451,15.9
-9.203,39.545,7.4
-9.829,35.238,23.0
-9.819,35.237,22.8
-9.272,38.958,20.6
-10.166,32.542,31.3
-10.097,32.878,36.6
-10.134,32.594,21.7
-10.085,32.876,17.1
-9.166,39.307,11.9
-9.373,37.844,36.2
-9.375,37.835,11.2
-9.848,34.420,13.9
-9.364,37.837,8.3
-9.366,37.819,30.1
-9.745,34.820,60.5
-9.746,34.808,95.7
-9.049,39.342,7.1
-9.609,35.208,14.4
-9.798,32.876,19.5
-9.550,34.669,14.2
-8.891,39.238,8.2
-9.541,34.674,11.1
-9.029,38.166,13.0
-8.976,38.221,8.6
-8.966,38.228,8.5
-9.422,34.790,10.8
-8.737,39.211,5.3
-9.357,34.730,27.5
-9.359,34.718,32.4
-9.632,32.552,18.5
-9.634,32.534,28.9
-9.640,32.546,34.6
-8.626,39.270,9.3
-9.365,33.985,23.6
-8.621,39.116,4.7
-8.633,38.854,6.6
-8.992,36.322,8.1
-8.584,38.819,15.6
-8.989,35.753,6.1
-8.939,35.767,7.8
-9.145,34.220,19.6
-8.842,36.011,8.1
-8.681,37.012,14.9
-8.682,37.002,55.2
-8.997,34.149,9.6
-8.309,38.922,7.2
-8.350,38.647,21.8
-8.341,38.645,8.5
-8.943,34.189,8.1
-8.945,34.176,16.6
-8.210,39.029,4.9
-8.211,39.020,10.6
-8.889,34.032,7.6
-8.464,36.970,9.6
-8.536,36.143,6.7
-8.538,36.133,26.5
-8.082,39.076,4.6
-8.645,35.076,50.7
-8.646,35.065,21.2
-8.117,38.648,5.8
-8.119,38.639,15.0
-8.635,35.075,101.2
-8.636,35.063,50.3
-7.994,39.298,11.4
-8.036,38.954,5.0
-8.037,38.945,9.3
-8.298,36.523,30.2
-8.293,36.493,9.5
-7.912,39.038,6.0
-8.024,38.285,4.5
-8.363,35.754,10.7
-8.218,36.631,8.1
-8.484,34.692,18.0
-8.474,34.690,14.9
-8.135,36.894,19.9
-8.287,35.817,9.0
-8.124,36.902,6.8
-8.332,35.427,19.3
-8.167,36.276,15.1
-8.169,36.266,9.7
-8.158,36.274,32.8
-8.160,36.265,19.4
-7.723,39.191,6.7
-7.724,39.182,11.9
-7.740,39.073,7.3
-7.715,38.990,4.7
-8.193,35.239,16.4
-8.149,35.248,19.0
-7.631,38.751,7.7
-7.632,38.742,13.3
-8.071,35.381,17.9
-7.956,36.081,19.2
-7.958,36.071,22.1
-7.702,37.523,54.4
-7.600,37.889,8.4
-7.490,38.329,8.0
-8.071,34.117,18.3
-8.073,34.105,40.8
-7.960,34.779,33.7
-7.959,34.785,23.7
-7.961,34.774,14.6
-7.956,34.291,76.1
-7.957,34.279,126.1
-7.440,37.868,7.1
-7.145,39.224,6.7
-7.658,35.255,28.6
-7.659,35.244,49.2
-7.190,38.365,9.1
-7.192,38.356,20.2
-7.096,38.877,6.1
-7.354,36.920,7.2
-6.936,38.712,5.9
-6.937,38.703,4.3
-6.968,37.865,5.8
-7.441,34.322,65.9
-7.443,34.310,30.9
-7.425,34.357,18.0
-7.429,34.333,29.3
-7.603,33.079,17.4
-7.415,34.356,12.0
-7.184,35.542,14.3
-6.834,37.015,6.8
-7.288,33.793,21.9
-6.894,36.270,94.1
-6.896,36.261,25.5
-6.400,39.566,5.3
-6.885,36.269,24.6
-6.924,35.669,24.6
-6.362,39.444,8.1
-6.792,36.533,13.1
-6.781,36.544,13.1
-6.308,39.440,4.5
-7.001,34.682,11.6
-6.771,36.169,47.7
-6.680,36.218,9.9
-6.682,36.209,12.4
-6.684,36.190,38.0
-6.972,33.655,40.6
-6.868,34.014,53.4
-6.858,34.033,21.8
-6.184,38.597,5.3
-6.606,35.578,12.5
-6.608,35.568,30.8
-6.651,35.196,23.9
-5.987,39.366,4.8
-6.606,35.141,16.2
-6.608,35.131,29.3
-6.546,35.012,11.5
-6.543,35.005,7.2
-6.714,33.361,31.0
-6.369,34.010,39.3
-5.641,38.090,3.8
-6.308,32.214,23.7
-6.197,31.584,54.8
-6.196,31.579,77.6
-5.717,34.565,40.8
-5.719,34.553,36.4
-6.051,31.685,15.6
-5.648,34.398,170.8
-5.650,34.387,14.0
-5.638,34.397,53.7
-5.461,34.861,6.8
-5.612,33.776,15.5
-5.616,33.770,17.7
-5.473,34.680,118.5
-5.476,34.454,17.1
-5.466,34.453,95.0
-5.468,34.441,15.9
-5.456,34.451,240.2
-5.458,34.440,70.7
-5.840,31.700,63.3
-5.446,34.450,95.0
-5.448,34.439,160.9
-5.374,34.023,13.6
-5.395,33.878,14.1
-5.318,34.338,10.9
-5.307,34.348,20.1
-5.308,34.336,332.5
-5.259,34.329,13.6
-5.259,34.324,16.1
-5.021,35.368,19.0
-5.022,35.358,16.3
-5.005,35.093,14.6
-5.007,35.083,29.9
-5.367,32.154,13.1
-4.294,36.244,43.4
-4.285,36.243,12.8
-4.286,36.234,14.6
-4.287,36.225,62.0
-4.289,36.216,174.3
-4.290,36.207,64.7
-4.277,36.233,56.9
-4.279,36.224,195.1
-4.280,36.215,564.3
-4.281,36.206,162.7
-4.272,36.204,11.9
-3.913,35.757,7.5
-4.451,30.473,23.3
-4.245,31.683,66.1
-4.252,31.677,31.7
-3.406,37.071,10.1
-3.408,37.063,10.1
-4.222,31.365,83.0
-4.219,31.360,53.6
-3.019,37.370,20.9
-3.029,37.247,50.2
-3.034,37.213,27.2
-3.016,37.272,29.2
-3.019,37.255,74.7
-3.020,37.246,67.0
-3.022,37.229,25.6
-3.024,37.220,106.6
-3.012,37.236,59.9
-3.014,37.228,80.3
-2.966,37.348,20.3
-3.088,35.828,7.2
-3.090,35.819,6.5
-3.028,35.674,9.2
-3.030,35.664,12.0
-2.886,35.758,7.3
-2.452,35.323,11.0
-2.453,35.314,33.2
-2.403,35.271,39.5
-2.405,35.262,24.2
-2.384,35.278,29.7
-2.376,35.267,13.8
-2.303,35.327,14.6
-1.945,36.057,16.9
-1.935,36.065,16.1
-1.937,36.056,41.4
-1.938,36.047,11.5
-1.926,36.064,13.6
-1.928,36.055,74.7
-1.929,36.046,28.0
-1.919,36.054,35.1
-1.920,36.045,15.9
-1.909,35.178,5.5
-1.885,35.149,8.8
-1.885,34.837,10.3
-1.842,35.065,12.9
-1.843,35.056,21.1
-1.845,35.046,14.4
-1.846,35.037,17.5
-1.172,36.289,4.3
-1.030,35.935,14.3
-0.960,36.290,9.3
-0.926,36.338,5.8
-1.002,35.823,4.7
-0.856,36.313,7.6
-0.857,36.304,6.5
-0.907,35.965,8.7
-0.847,36.312,10.9
-0.848,36.303,5.9
-0.416,38.472,27.0
-0.418,38.463,17.0
-0.394,38.067,7.2
-0.608,36.408,19.0
-0.609,36.400,11.1
-0.598,36.416,34.5
-0.599,36.407,24.4
-0.601,36.398,13.8
-0.590,36.414,21.6
-0.591,36.406,16.4
-0.394,36.875,43.0
-0.395,36.867,56.0
-0.191,36.667,32.4
-0.193,36.658,12.6
0.228,32.240,23.2
1.205,35.920,5.3
1.497,34.396,11.2
1.496,34.387,9.3
1.858,36.774,24.3
1.487,34.204,17.4
1.568,34.376,22.4
1.567,34.367,10.5
1.845,34.253,8.3
1.831,34.158,18.6
1.829,34.148,6.2
1.840,34.156,11.0
1.888,34.352,8.3
1.887,34.343,11.3
1.878,34.286,7.1
1.877,34.277,13.2
1.939,34.262,8.8
1.937,34.253,7.6
2.312,35.043,14.6
2.311,33.908,8.1
2.452,34.534,10.5
2.574,33.680,10.7
2.801,33.903,146.1
2.613,32.420,7.2
2.735,32.744,8.8
2.970,33.856,8.2
2.969,33.846,5.9
3.326,34.396,65.4
3.325,34.387,21.4
3.335,34.395,10.9
3.222,32.776,30.6
3.242,32.580,7.8
3.620,34.188,3.5
3.629,34.187,8.2
3.499,33.259,13.5
3.498,33.249,24.8
3.546,33.314,27.8
3.544,33.304,77.4
3.509,32.966,8.7
3.715,34.261,8.5
3.578,33.354,84.7
3.576,33.344,49.6
3.555,33.203,7.6
3.553,33.193,10.2
3.612,33.266,35.8
3.607,33.164,7.5
3.605,33.153,19.1
3.617,33.135,7.1
3.616,33.125,18.5
3.832,33.328,22.3
3.995,34.040,11.6
3.994,34.031,24.0
4.113,33.840,43.5
4.112,33.831,140.1
4.181,32.874,14.6
4.436,32.448,9.8
4.560,32.123,45.8
4.558,32.112,9.6
4.755,33.258,8.2
4.731,33.037,6.8
4.730,33.027,8.8
4.793,33.130,9.2
4.901,32.747,8.8
5.199,34.353,10.4
4.924,32.542,31.7
4.986,32.499,10.5
5.176,33.279,12.8
5.174,33.269,35.9
5.173,33.260,32.6
5.182,33.258,98.6
5.181,33.248,195.0
5.179,33.239,106.3
5.191,33.257,30.1
5.190,33.247,27.9
5.188,33.237,9.9
5.468,33.740,16.6
5.466,33.731,10.4
5.704,35.203,20.8
5.703,35.194,18.1
5.530,33.853,8.5
5.188,31.526,25.5
6.046,35.652,10.4
6.422,37.292,26.7
6.220,35.694,24.5
6.218,35.685,17.9
6.246,35.690,10.7
6.138,34.957,8.8
5.643,31.160,16.5
6.557,35.670,47.8
6.555,35.661,27.3
6.326,30.521,23.2
6.336,30.519,22.9
6.670,31.023,18.4
6.765,31.436,26.6
6.763,31.424,119.9
7.125,30.972,49.9
7.123,30.959,7.5
7.135,30.970,16.4
7.180,30.458,10.8
7.447,32.110,23.6
7.186,30.465,12.0
7.457,32.109,11.9
8.683,29.726,15.0
8.680,29.711,10.1
-3.030,105.597,48.3
-3.028,105.591,60.2
-1.187,104.241,24.4
20.970,85.174,14.5
22.800,86.204,15.2
23.761,86.398,11.5
23.780,86.388,8.6
32.407,-90.385,15.0
32.405,-90.374,35.0
31.183,-83.556,9.1
47.578,20.357,8.9
32.098,-91.205,10.6
47.575,20.343,7.8
31.432,-89.309,6.4
48.674,82.984,8.3
48.218,13.024,14.6
31.207,-89.072,5.8
50.004,17.443,16.0
30.428,-84.075,7.6
48.959,12.104,39.6
30.728,-91.453,4.7
48.951,12.073,20.8
30.727,-91.440,19.3
48.954,12.100,29.0
30.000,-90.402,5.0
49.066,12.142,14.7
19.449,-92.088,9.7
49.058,12.110,17.8
49.061,12.140,22.8
19.396,-92.043,11.9
49.053,12.109,18.6
19.364,-92.009,12.3
50.208,15.024,11.3
19.240,-92.254,5.9
49.768,11.737,15.3
17.909,-93.526,7.6
49.760,11.706,22.6
17.908,-93.515,9.2
50.568,14.804,9.5
50.023,11.967,14.8
50.398,11.411,13.4
50.882,13.209,13.8
51.683,15.977,13.0
51.339,13.360,11.7
51.520,13.878,75.6
51.592,14.146,35.4
51.525,13.848,26.5
51.541,13.865,192.2
51.592,14.139,51.9
51.576,14.019,11.4
51.545,13.882,136.6
51.540,13.859,234.5
51.587,14.013,16.8
51.561,13.740,8.8
51.240,12.211,24.8
51.152,11.903,17.7
51.249,12.234,18.3
51.242,12.206,42.2
51.629,13.560,9.9
51.724,13.928,69.9
51.719,13.905,128.3
51.560,13.100,12.8
51.037,10.949,18.3
51.030,10.918,13.9
51.573,13.170,36.9
51.567,13.088,12.4
51.793,12.079,11.0
51.483,10.730,22.6
52.528,14.277,119.5
52.344,12.815,12.3
52.326,12.650,15.9
52.331,12.618,10.2
52.641,13.701,24.4
52.636,13.679,17.8
52.519,12.945,21.8
52.706,13.125,17.2
52.700,13.101,9.2
52.769,13.352,17.1
52.574,11.895,38.2
52.568,11.869,32.5
52.525,11.418,14.4
53.227,13.651,9.5
53.352,13.795,11.0
53.347,13.774,7.7
52.993,12.171,45.3
53.510,13.686,13.9
53.387,13.024,31.7
53.382,13.001,15.2
53.229,12.329,17.0
53.226,12.327,18.4
53.220,12.302,78.6
53.214,12.277,11.2
53.225,12.270,65.9
53.256,12.133,15.9
53.599,13.317,9.9
53.594,13.295,6.7
53.600,13.214,13.0
53.333,12.044,10.9
53.431,12.412,9.8
53.408,12.256,86.9
53.402,12.232,37.5
53.404,12.254,13.6
53.409,12.222,18.9
53.532,12.645,19.7
53.758,12.621,8.8
53.753,12.597,7.7
53.788,12.484,8.6
53.551,11.420,9.7
53.795,12.253,11.9
53.789,12.229,16.1
53.892,12.355,8.9
54.077,12.685,9.9
54.163,12.205,20.5
54.333,12.684,12.6
54.369,12.686,10.2
54.281,10.949,29.8
55.318,12.019,22.9
55.239,11.355,23.3
55.244,11.322,45.3
55.238,11.348,22.5
55.424,11.466,16.3
55.418,11.442,46.2
55.525,11.581,10.9
56.163,12.586,11.5
56.214,9.908,23.2
57.296,10.403,8.2
57.290,10.379,33.2
52.666,67.879,75.2
52.758,66.700,62.3
48.282,-78.883,8.8
52.750,66.700,89.5
57.431,78.697,14.8
42.802,-80.104,6.6
60.865,71.281,14.1
41.463,-81.681,13.4
66.114,77.067,9.9
41.461,-81.667,14.8
66.246,76.833,11.9
66.243,76.811,19.6
41.564,-84.049,5.5
66.254,76.826,9.3
41.631,-87.134,9.0
66.251,76.805,13.4
40.756,-81.437,6.8
66.317,76.801,9.3
41.638,-87.408,4.6
66.411,77.478,21.7
41.609,-87.324,4.4
66.408,77.455,10.3
41.117,-85.354,4.0
66.201,70.980,20.0
38.000,-86.141,5.5
66.953,75.544,9.0
35.980,-83.958,4.8
66.962,75.537,8.2
34.454,-82.692,6.8
34.451,-82.677,6.1
34.439,-84.912,5.1
35.122,-91.039,24.1
33.457,-89.017,5.1
33.232,-87.510,5.5
32.888,-85.373,21.3
32.878,-85.375,11.2
32.105,-81.216,7.5
32.852,-86.564,7.3
32.851,-86.553,3.7
-18.363,21.007,49.8
-18.366,20.991,40.0
-17.958,21.593,25.4
19.407,-155.289,16.3
-17.936,21.334,23.9
-17.136,24.916,43.1
-18.457,16.821,6.9
-17.554,22.086,23.3
-17.415,21.520,32.4
-17.452,20.049,16.3
-16.996,20.877,18.4
-17.017,20.080,19.8
-17.292,17.243,13.7
-17.283,17.242,31.4
-16.426,22.024,23.0
-17.162,17.601,13.1
-17.046,17.575,13.1
-17.243,16.236,6.1
-17.079,16.823,17.0
-16.963,17.390,43.4
-16.965,17.380,30.8
-16.888,17.525,7.6
-16.877,17.534,8.0
-16.887,17.351,13.3
-17.094,15.992,25.4
-16.931,17.008,17.0
-16.985,16.657,6.9
-16.974,16.607,7.6
-16.965,16.605,9.1
-16.938,16.710,6.3
-16.940,16.700,20.6
-16.581,18.924,7.5
-16.930,16.708,27.0
-16.931,16.699,81.5
-17.051,15.903,6.6
-16.834,17.094,9.3
-16.835,17.084,6.8
-16.971,15.885,14.3
-16.829,16.763,7.7
-16.244,20.338,14.8
-16.920,16.101,7.3
-16.233,20.336,148.3
-16.801,16.826,4.8
-16.220,20.349,256.1
-16.222,20.334,131.4
-16.203,20.378,5.3
-16.208,20.347,137.4
-16.211,20.332,31.1
-16.698,17.316,24.2
-16.699,17.306,64.9
-16.786,16.746,6.2
-16.876,16.038,15.3
-16.877,16.028,15.9
-16.838,16.229,16.8
-16.839,16.220,8.8
-16.715,16.962,37.4
-16.717,16.953,49.7
-16.521,18.150,30.6
-16.522,18.139,13.2
-16.706,16.961,38.3
-16.708,16.951,69.3
-16.511,18.148,91.1
-16.513,18.137,50.1
-16.627,17.410,7.8
-16.826,16.107,19.1
-16.828,16.098,11.4
-15.985,21.233,33.5
-16.500,18.157,11.2
-16.502,18.147,27.1
-16.682,16.761,64.2
-16.683,16.751,60.3
-16.067,20.424,24.7
-16.429,18.292,17.8
-16.433,18.269,17.2
-16.673,16.759,5.5
-16.763,16.172,26.7
-16.764,16.163,12.2
-16.418,18.301,31.8
-16.419,18.290,81.0
-16.416,18.295,34.6
-16.417,18.284,15.3
-16.636,16.816,22.7
-16.638,16.806,11.4
-16.607,16.948,8.7
-16.625,16.833,50.3
-16.626,16.824,20.8
-16.556,16.979,13.1
-16.735,15.806,8.6
-16.547,16.978,15.8
-16.596,16.663,17.9
-16.576,16.663,12.3
-16.577,16.653,18.2
-16.629,16.308,6.9
-16.619,16.316,7.8
-16.589,16.339,6.8
-16.409,17.442,10.4
-16.411,17.432,9.9
-16.412,17.422,16.9
-16.490,16.922,20.1
-16.400,17.441,43.8
-16.401,17.431,132.3
-16.557,16.429,7.1
-16.457,16.956,6.5
-16.293,17.932,15.6
-16.401,17.257,7.5
-16.393,17.260,8.3
-16.486,16.527,23.4
-16.488,16.517,28.2
-16.479,16.516,108.5
-16.480,16.506,23.9
-16.471,16.505,19.4
-16.361,17.103,10.3
-16.483,16.250,11.5
-16.310,17.128,5.8
-15.986,19.108,10.7
-16.318,17.019,7.7
-16.319,17.009,6.2
-16.353,16.788,7.4
-16.343,16.796,8.1
-16.344,16.787,35.1
-16.277,17.042,5.3
-15.972,18.753,11.9
-16.095,18.006,16.8
-16.365,16.227,8.6
-16.450,15.660,6.2
-16.356,16.226,9.1
-16.360,16.198,10.4
-16.202,17.054,9.2
-16.232,16.743,8.4
-16.242,16.676,8.8
-15.834,19.088,15.7
-16.131,16.975,54.7
-16.154,16.762,16.4
-16.114,16.962,23.1
-16.115,16.952,23.1
-16.124,16.776,30.1
-15.980,17.573,5.7
-16.134,16.593,19.3
-16.136,16.584,15.4
-16.068,16.968,122.4
-16.069,16.959,147.7
-16.058,16.967,66.6
-16.060,16.957,52.2
-16.266,15.590,8.6
-16.267,15.581,7.5
-16.043,17.004,8.0
-16.045,16.994,6.4
-16.049,16.965,36.0
-16.051,16.956,37.9
-16.079,16.773,14.4
-16.004,17.199,9.4
-16.006,17.189,12.4
-16.034,17.003,45.2
-16.036,16.993,17.3
-16.040,16.964,34.4
-16.070,16.771,28.5
-16.025,17.001,96.5
-16.027,16.991,14.2
-16.030,16.972,10.2
-16.031,16.962,43.0
-16.015,17.009,16.8
-16.016,17.000,64.1
-16.177,15.949,6.3
-16.223,15.639,10.9
-16.224,15.630,7.2
-16.084,16.502,70.3
-15.899,17.564,14.2
-16.162,15.806,6.1
-16.367,14.193,7.9
-16.113,15.875,9.8
-16.120,15.830,5.5
-16.357,14.134,26.3
-16.351,14.114,32.1
-16.352,14.104,8.9
-16.327,14.158,122.5
-16.328,14.149,66.7
-15.839,17.359,58.5
-16.048,16.005,7.8
-16.100,15.659,14.3
-16.102,15.650,24.8
-16.318,14.157,30.0
-15.883,17.020,20.9
-15.884,17.011,12.4
-16.120,15.388,16.9
-15.810,17.380,5.4
-15.811,17.369,45.2
-15.829,17.197,10.0
-15.821,17.186,32.1
-15.812,17.184,9.2
-14.395,25.168,125.6
-15.482,19.171,7.4
-15.175,20.824,39.1
-15.178,20.807,52.3
-16.146,14.778,57.2
-16.148,14.769,117.8
-16.138,14.777,36.9
-16.139,14.768,75.4
-16.050,15.321,51.4
-16.051,15.312,16.5
-15.836,16.664,11.6
-15.827,16.663,16.9
-15.756,17.067,7.6
-15.798,16.609,7.7
-15.800,16.600,19.7
-15.801,16.590,10.3
-15.843,16.319,15.3
-15.872,16.124,63.5
-15.874,16.115,13.4
-15.864,16.123,134.2
-15.865,16.114,28.8
-16.018,15.087,9.2
-14.813,22.314,18.6
-16.009,15.085,23.2
-16.010,15.076,25.9
-15.789,16.492,27.9
-15.791,16.482,7.9
-15.897,15.781,35.8
-16.020,14.948,9.2
-16.021,14.939,6.2
-15.172,20.179,31.6
-15.888,15.780,48.6
-14.819,22.311,30.8
-15.878,15.773,14.3
-15.173,20.174,17.5
-15.812,16.156,11.3
-14.472,24.058,30.9
-15.672,16.897,34.4
-15.667,16.866,37.8
-15.669,16.857,44.6
-15.655,16.884,10.8
-15.656,16.874,10.2
-15.658,16.865,17.0
-15.659,16.855,26.0
-15.258,19.145,10.5
-15.537,17.456,24.6
-15.538,17.446,26.9
-15.530,17.449,45.4
-15.532,17.438,13.4
-14.670,22.465,30.0
-15.577,17.024,9.0
-15.527,17.230,66.2
-15.528,17.220,19.9
-15.619,16.635,7.2
-15.769,15.581,7.0
-15.697,15.942,8.2
-15.788,15.334,21.3
-15.789,15.325,6.8
-15.779,15.333,19.3
-15.780,15.324,11.6
-15.565,16.685,9.8
-15.797,15.150,13.3
-15.798,15.141,12.3
-15.599,16.404,7.5
-15.841,14.771,9.8
-14.702,21.846,18.8
-15.832,14.770,21.6
-15.834,14.761,12.0
-15.406,17.474,8.1
-15.505,16.836,6.7
-15.496,16.835,7.8
-15.547,16.501,8.9
-15.539,16.499,8.3
-15.658,15.650,28.2
-15.659,15.641,6.9
-15.774,14.798,17.4
-14.987,19.714,52.7
-15.241,18.198,15.8
-15.369,17.405,36.8
-15.763,14.815,8.6
-15.766,14.797,13.4
-14.976,19.712,24.3
-15.363,17.383,20.8
-14.982,19.721,18.4
-14.984,19.707,53.0
-15.576,15.938,10.5
-15.585,15.874,7.4
-15.565,15.833,10.0
-15.292,17.544,34.3
-15.294,17.533,74.2
27.753,9.184,21.4
-15.472,16.386,6.3
27.754,9.177,26.7
-15.539,15.942,17.2
-14.872,20.037,36.6
-15.284,17.532,31.1
-15.530,15.940,35.3
-15.688,14.880,11.3
-0.549,15.099,15.2
-15.520,15.948,15.8
-0.646,12.352,6.5
-15.677,14.888,9.7
-0.377,11.852,4.8
-15.679,14.879,22.4
-15.279,17.446,11.4
-15.332,17.113,11.1
-15.333,17.103,6.4
-15.511,15.946,13.3
-15.513,15.937,6.7
-15.552,15.617,8.8
-15.565,15.527,7.9
-15.395,16.531,7.1
-15.387,16.520,9.2
-15.491,15.834,13.0
-14.583,21.392,24.5
-15.378,16.519,20.8
-15.718,14.223,6.4
-14.131,23.741,42.6
-15.274,17.077,11.0
-15.275,17.067,15.4
-15.464,15.830,8.8
-14.496,21.518,18.9
-15.268,16.934,28.4
-15.269,16.924,15.6
-14.059,23.790,32.8
-15.171,17.485,7.9
-15.229,17.120,5.2
-15.259,16.932,26.4
-15.260,16.923,11.8
-15.222,17.109,17.0
-14.495,21.510,18.6
-15.213,17.111,5.8
-15.160,17.392,8.9
-15.149,17.401,5.6
-15.150,17.390,20.6
-14.422,21.559,29.5
-14.425,21.539,30.2
-15.424,15.418,13.0
-15.416,15.407,14.0
-15.397,15.478,6.7
-15.400,15.460,8.5
-15.514,14.617,6.9
-15.564,14.203,15.5
-15.061,17.497,14.7
-15.217,16.306,7.2
-15.197,16.312,10.1
-15.052,17.191,26.9
-14.892,18.008,27.4
-14.887,18.012,12.7
-14.215,21.830,58.3
-14.219,21.808,133.4
-14.223,21.787,27.4
-14.331,21.167,37.6
-14.413,20.695,26.3
-15.055,16.750,7.0
-14.643,19.138,17.5
-15.287,15.033,40.0
-15.248,15.239,38.1
-15.274,15.058,93.4
-15.086,16.192,7.1
-14.972,16.880,6.1
-15.000,16.636,10.8
-15.007,16.588,7.1
-14.991,16.635,6.5
-15.160,15.515,12.9
36.739,6.251,15.7
-14.250,21.107,15.4
-15.035,16.283,9.6
35.801,-0.260,7.5
-15.037,16.274,27.0
35.807,-0.255,11.2
36.866,6.975,8.0
-15.172,15.369,11.6
36.691,4.365,6.2
-14.852,17.406,17.3
36.743,3.863,9.7
-14.947,16.796,7.4
42.709,1.995,33.5
-14.973,16.632,20.1
42.707,1.983,5.9
-14.872,17.220,11.7
42.898,1.497,35.1
-15.002,16.383,13.8
42.896,1.486,12.9
-14.981,16.457,7.4
-15.001,16.325,8.3
46.283,1.753,6.5
-14.883,17.027,8.6
51.164,3.820,16.0
-14.992,16.324,8.5
-14.994,16.315,7.6
51.171,3.812,10.9
-14.780,17.620,8.7
-14.624,18.507,80.6
-14.726,17.888,54.7
-14.728,17.877,21.7
-14.846,17.144,7.7
-14.848,17.134,6.2
-14.938,16.557,9.1
-14.623,18.512,58.9
-14.721,17.891,22.8
-14.723,17.880,15.5
-15.217,14.612,32.0
-15.219,14.603,58.7
-15.220,14.594,35.6
-15.221,14.584,48.8
-14.262,20.637,14.4
-15.209,14.610,81.3
-15.210,14.601,167.9
-15.213,14.583,55.4
-15.214,14.574,26.9
-14.658,18.169,40.4
-14.659,18.157,32.8
-14.999,15.967,6.8
-15.103,15.268,12.5
-15.200,14.609,28.7
-15.201,14.600,90.1
-14.648,18.167,19.3
-14.650,18.155,19.8
-29.393,23.311,6.4
-15.243,14.251,8.3
-27.613,22.929,9.6
-14.753,17.446,15.7
-23.935,24.295,174.9
-14.948,16.186,7.1
-23.939,24.273,93.3
-14.577,18.480,15.3
-23.918,24.313,120.3
-14.579,18.468,9.3
-23.922,24.292,292.4
-14.592,18.384,11.0
-23.905,24.310,28.6
-14.594,18.372,78.0
-14.145,20.889,32.5
-23.909,24.289,73.8
-15.165,14.539,79.8
-15.167,14.529,159.2
-23.897,24.152,49.8
-14.568,18.344,11.8
-23.901,24.131,67.6
-15.237,13.976,45.5
-15.238,13.966,7.3
-23.894,24.169,84.6
-15.127,14.681,16.3
-23.898,24.148,54.5
-15.128,14.672,19.7
-23.902,24.127,50.3
-14.546,18.420,12.3
-20.413,25.868,655.5
-14.652,17.751,19.9
-20.419,25.865,437.3
-14.653,17.740,20.1
-21.172,15.894,261.6
-15.118,14.665,16.3
-13.708,23.286,23.6
-21.173,15.884,190.8
-14.721,17.245,14.6
-21.175,15.875,17.8
-14.729,17.132,8.1
-19.718,23.802,117.8
-14.794,16.708,21.1
-19.725,23.798,54.1
-14.811,16.602,14.0
-19.712,23.795,50.2
-14.812,16.593,7.8
-19.117,23.779,34.7
-14.667,17.469,8.5
-19.095,22.548,34.0
-14.668,17.458,12.9
-18.273,26.271,109.6
-14.681,17.375,15.3
-18.256,26.268,36.5
-15.096,14.633,6.9
-18.269,26.266,123.9
-14.779,16.686,8.0
-17.611,26.230,61.1
-13.606,23.506,29.0
-19.053,16.975,10.1
-13.628,23.389,87.3
-19.055,16.966,15.9
-13.633,23.360,115.1
-18.375,20.999,52.3
-14.655,17.424,59.7
-13.618,23.357,105.4
-14.645,17.422,9.7
-14.675,17.237,35.3
-14.651,17.328,13.0
-14.538,17.968,28.9
-14.460,18.380,13.1
-14.462,18.369,28.0
-14.564,17.747,18.6
-14.566,17.736,22.3
-14.645,17.242,7.2
-14.733,16.688,10.3
-14.460,18.374,25.6
-14.560,17.739,6.9
-14.562,17.729,7.7
-14.639,17.235,23.4
-14.795,16.215,15.3
-14.984,14.942,19.6
-13.936,21.387,25.9
-13.920,21.405,27.9
-14.613,17.220,8.8
-14.595,17.269,7.1
-14.597,17.259,15.1
-14.672,16.780,7.4
-14.442,18.107,20.4
-14.537,17.515,10.5
-14.582,17.235,34.6
-14.583,17.225,10.7
-14.970,14.672,10.0
-14.971,14.663,17.2
-14.649,16.746,9.6
-14.676,16.514,5.4
-14.573,17.109,42.4
-14.575,17.099,14.4
-14.655,16.534,6.9
-14.804,15.424,14.3
-14.918,14.649,7.1
-14.526,17.189,8.4
-14.546,17.058,6.6
-13.976,20.478,113.9
-14.537,17.056,52.6
-14.538,17.046,21.3
-14.546,16.996,41.5
-14.616,16.547,7.1
-13.688,21.970,55.9
-14.391,17.794,9.2
-14.531,16.852,5.5
-14.534,16.655,9.6
-14.535,16.645,17.6
-14.566,16.445,14.3
-14.567,16.435,6.8
-14.526,16.644,10.5
-14.330,17.777,27.4
-14.332,17.766,14.2
-14.408,17.100,7.9
-14.307,17.672,29.2
-14.814,14.212,8.0
-14.205,18.048,9.0
-14.207,18.037,9.4
-14.228,17.532,12.3
-14.182,17.485,16.4
-14.172,17.483,18.2
-14.387,16.047,7.4
-13.470,21.486,226.2
-13.469,21.502,50.5
-13.472,21.481,185.1
-14.134,17.449,8.0
-14.429,15.515,6.9
-14.300,16.315,9.4
-14.489,15.054,8.2
-14.490,15.045,5.0
-14.270,16.089,7.9
-13.562,20.476,16.6
-14.046,17.417,7.0
-14.618,13.582,6.8
-13.661,19.744,31.8
-13.774,19.059,18.3
-14.558,13.937,11.5
-14.018,17.412,6.6
-13.363,21.121,54.7
-13.367,21.102,43.1
-14.458,14.259,8.9
-14.285,15.374,11.4
-13.363,21.116,56.4
-13.367,21.097,24.3
-14.014,17.097,5.8
-14.056,16.516,5.6
-14.145,15.876,6.2
-14.091,15.918,7.0
-14.209,15.129,13.7
-14.274,14.689,5.8
-14.339,14.117,5.8
-13.843,17.348,16.2
-13.844,17.338,11.3
-14.147,15.303,19.8
-14.200,14.889,19.4
-13.772,17.611,7.4
-14.124,15.281,7.7
-14.098,15.317,6.2
-14.089,15.316,9.7
-13.125,21.202,29.1
-14.293,13.735,9.4
-13.800,16.976,8.4
-13.132,20.941,27.4
-13.056,21.293,17.9
-13.060,21.128,34.5
-13.974,15.466,5.3
-13.059,21.120,35.4
-13.187,20.294,28.8
-13.015,21.072,20.0
-13.059,20.822,26.4
-13.659,17.219,30.0
-13.660,17.209,13.8
-13.128,20.284,38.8
-13.872,15.664,10.6
-13.794,16.051,9.1
-13.796,16.042,22.3
-13.892,15.401,9.6
-13.883,15.400,4.4
-14.142,13.566,6.4
-14.035,14.247,38.0
-14.036,14.238,27.0
-14.026,14.246,6.5
-13.019,20.527,52.8
-13.994,14.278,13.2
-13.996,14.269,10.1
-13.999,14.186,6.2
-13.812,15.373,5.7
-13.593,16.698,6.3
-13.988,13.925,4.9
-13.919,14.158,9.3
-13.920,14.148,45.1
-13.911,14.147,10.4
-13.483,16.940,8.0
-13.887,14.240,10.0
-13.950,13.678,4.9
-12.844,20.689,66.7
-13.504,16.617,9.0
-13.867,14.191,5.6
-13.900,13.774,8.5
-13.448,16.739,9.1
-12.736,20.943,25.6
-13.829,14.082,9.5
-13.606,15.513,6.6
-12.734,20.935,16.2
-13.406,16.715,8.7
-13.347,16.973,6.4
-12.529,21.809,91.2
-13.453,16.168,7.2
-13.749,14.120,56.4
-13.750,14.111,66.3
-12.706,20.581,36.1
-13.680,14.532,42.5
-13.681,14.524,7.2
-13.219,17.470,13.1
-13.215,17.475,13.2
-12.675,20.741,29.3
-12.703,20.575,30.3
-13.662,14.451,6.3
-12.624,20.890,16.5
-12.619,20.849,21.2
-13.634,14.071,6.1
-13.635,14.062,11.1
-13.434,15.186,10.9
-13.436,15.178,12.5
-13.599,14.000,6.5
-13.120,17.114,5.3
-13.077,17.323,8.4
-13.079,17.312,22.5
-13.070,17.311,13.9
-13.569,14.024,12.8
-12.056,23.065,48.5
-12.494,20.663,86.4
-13.057,17.331,23.0
-13.052,17.335,15.1
-13.054,17.324,9.7
-13.029,17.420,7.2
-12.489,20.676,27.5
-12.492,20.657,63.0
-12.992,17.594,7.8
-13.068,17.110,8.7
-13.298,15.604,16.7
-13.299,15.595,14.6
-12.059,23.061,62.2
-13.516,14.066,11.5
-13.506,14.074,7.9
-13.507,14.064,36.6
-12.471,20.558,32.7
-12.998,17.370,6.0
-13.021,17.221,13.6
-12.459,20.556,37.5
-12.443,20.545,37.8
-12.941,17.387,11.4
-13.168,15.906,10.6
-13.398,14.299,13.6
-12.210,21.678,40.7
-12.214,21.655,54.4
-12.390,20.631,15.2
-13.043,16.610,10.7
-13.044,16.600,14.3
-12.306,20.753,19.6
-12.910,17.152,6.8
-12.302,20.767,22.4
-12.841,17.376,8.2
-12.312,20.555,23.3
-12.309,20.423,33.2
-12.372,20.057,33.2
-12.375,20.041,21.2
-12.831,17.253,10.3
-12.781,17.444,6.1
-12.825,16.944,9.4
-12.235,20.458,16.0
-12.253,20.350,20.3
-12.256,20.332,22.1
-12.709,17.561,9.0
-12.749,17.309,8.7
-12.764,17.213,32.2
-11.768,23.047,51.0
-12.241,20.348,28.4
-12.262,20.225,16.7
-12.579,18.312,13.5
-12.701,17.548,13.1
-12.744,17.276,6.1
-12.208,20.251,15.8
-12.178,20.355,26.5
-12.682,17.337,6.7
-12.204,20.245,18.9
-12.633,17.589,17.3
-12.174,20.349,23.2
-12.114,20.338,15.7
-12.372,18.818,10.2
-12.376,18.791,11.1
-12.127,20.195,20.4
-12.600,17.357,14.4
-12.136,19.875,12.7
-11.535,23.144,25.7
-12.140,19.710,17.4
-12.471,17.520,7.2
-12.468,17.526,7.0
-12.413,17.749,23.3
-12.092,19.663,26.4
-12.095,19.647,19.0
-12.392,17.817,7.2
-12.403,17.747,30.6
-12.353,17.931,29.4
-12.355,17.919,10.6
-11.967,20.118,14.1
-12.075,19.483,15.9
-12.658,15.746,6.4
-12.277,18.147,11.7
-12.746,15.084,8.1
-12.245,18.154,12.0
-12.269,17.813,7.5
-12.696,15.058,15.2
-11.813,20.471,28.9
-12.251,17.858,14.8
-12.127,18.484,10.3
-12.267,17.636,14.0
-11.808,20.484,17.3
-11.811,20.465,15.0
-12.267,17.630,10.4
-12.705,14.743,6.9
-12.016,19.137,20.4
-12.220,17.860,8.0
-12.646,15.081,9.7
-12.759,14.249,12.0
-12.761,14.240,16.2
-11.786,20.385,28.2
-11.789,20.367,37.7
-12.752,14.239,12.6
-12.755,14.221,7.9
-12.724,14.244,6.7
-12.114,17.945,15.2
-12.116,17.933,9.8
-12.637,14.142,16.1
-12.639,14.133,6.8
-12.076,17.733,6.6
-11.847,19.111,11.3
-12.025,17.924,9.1
-12.602,14.122,6.4
-12.604,14.113,14.3
-11.901,18.441,7.9
-11.911,18.060,17.9
-11.750,18.924,15.2
-12.406,14.262,10.9
-12.346,14.307,7.5
-12.362,14.008,14.0
-11.360,20.092,29.2
-11.747,17.477,9.8
-11.691,17.567,11.2
-11.647,17.595,23.9
-11.648,17.584,28.3
-12.191,14.043,4.6
-11.678,17.247,7.6
-11.559,17.433,13.2
-11.561,17.422,17.9
-11.559,17.428,24.9
-11.539,17.424,11.4
-11.454,17.515,8.7
-11.487,17.312,11.5
-11.483,17.316,9.7
-11.542,16.934,7.4
-11.926,14.384,9.0
-11.927,14.375,9.3
-11.461,17.393,9.7
-11.463,17.382,10.8
-11.455,17.369,29.1
-11.432,17.446,9.3
-11.439,17.343,13.6
-11.407,17.477,8.9
-11.409,17.466,19.3
-11.431,17.330,5.5
-11.399,17.464,8.6
-11.402,17.383,28.4
-11.347,17.474,8.5
-11.348,17.462,34.5
-11.349,17.265,9.6
-10.693,21.068,24.2
-11.312,17.374,7.2
-11.285,17.271,8.7
-11.676,14.579,5.2
-11.197,17.250,8.6
-11.130,17.228,9.0
-11.112,17.196,11.5
-11.096,17.047,8.8
-11.097,17.036,8.1
-11.468,13.810,3.8
-11.197,15.250,5.7
-11.078,14.631,17.7
-11.080,14.622,4.3
-11.005,14.925,5.7
-10.542,17.690,9.1
-10.780,16.050,8.8
-10.627,16.314,9.7
-10.620,16.317,13.1
-10.560,16.401,10.0
-10.550,16.400,16.4
-10.816,14.654,9.9
-10.771,14.631,14.0
-10.772,14.622,5.9
-10.282,17.640,6.9
-10.646,14.165,5.3
-10.461,14.106,35.1
-10.463,14.097,22.4
-10.308,14.639,13.1
-10.282,14.635,141.8
-10.283,14.626,124.0
-10.368,13.869,4.8
-10.370,13.860,9.8
-10.228,14.755,13.4
-10.230,14.746,58.8
-10.361,13.859,17.6
-10.376,13.698,10.7
-10.257,13.614,7.4
-9.741,14.916,12.6
-8.910,18.567,13.8
-8.913,18.552,20.8
-9.522,14.028,6.6
-9.307,14.671,4.7
-9.221,15.173,4.2
-9.222,15.164,4.5
-9.151,15.450,22.6
-9.153,15.440,26.7
-9.167,14.985,7.8
-9.168,14.976,23.6
-9.172,14.948,8.1
-9.174,14.939,7.9
-9.216,14.659,11.9
-9.288,14.101,5.5
-9.224,14.472,15.2
-9.144,14.948,8.0
-9.188,14.659,13.0
-9.189,14.650,6.6
-9.204,14.551,15.0
-9.269,14.107,23.5
-9.164,14.756,8.9
-9.165,14.747,6.1
-9.135,14.706,8.2
-9.214,14.180,20.1
-9.215,14.171,102.0
-9.205,14.178,7.3
-9.206,14.170,29.0
-8.887,16.037,6.4
-8.888,16.027,8.7
-8.879,16.026,6.5
-9.171,14.085,8.5
-9.146,14.072,4.5
-8.853,15.949,22.3
-8.854,15.939,16.5
-8.985,14.901,6.2
-8.950,14.711,3.8
-8.951,14.702,7.8
-8.869,14.747,5.9
-8.973,14.052,11.8
-8.860,14.746,19.5
-8.862,14.737,6.0
-8.876,14.518,8.7
-8.837,14.470,9.0
-8.838,14.461,30.5
-8.780,14.489,9.7
-8.701,14.397,17.4
-8.682,14.452,10.1
-8.692,14.381,17.9
-8.603,14.921,4.1
-8.651,14.475,6.9
-8.653,14.466,5.2
-8.572,14.944,7.5
-8.573,14.935,13.1
-8.648,14.438,9.3
-8.649,14.429,7.7
-8.671,14.042,5.2
-8.672,13.765,6.0
-8.674,13.757,10.2
-8.466,15.092,6.3
-7.863,17.670,8.3
-8.515,13.397,15.1
-8.273,14.842,40.5
-8.223,13.685,4.3
-7.825,15.601,10.8
-7.679,16.232,19.5
-7.677,16.226,14.9
-7.391,17.673,10.4
-7.251,15.475,10.7
-7.253,15.465,4.1
-7.242,15.474,31.8
-7.244,15.464,14.9
-7.048,16.649,10.2
-6.935,16.781,17.0
-7.137,15.446,7.8
-6.833,16.919,8.5
-6.441,16.322,6.2
-6.299,15.907,8.3
-5.994,17.433,8.6
-5.837,16.510,15.9
-5.839,16.499,15.9
-5.171,17.691,9.8
-5.252,16.969,16.9
-5.254,16.976,9.3
-5.256,16.963,9.1
-5.086,16.984,12.4
-4.976,17.543,9.6
-5.211,15.103,5.6
-5.136,15.529,6.0
-4.883,17.035,12.4
-5.053,15.403,7.5
-5.171,14.566,12.2
-4.853,15.761,11.1
-4.807,15.733,8.7
-4.820,15.371,6.8
-4.854,15.146,25.9
-4.807,15.391,27.8
-4.809,15.380,32.4
-4.737,15.111,9.2
-4.771,14.824,14.4
-4.760,14.832,9.8
-4.751,14.831,91.6
-4.753,14.821,45.3
-4.715,14.839,15.6
-4.716,14.829,41.3
-4.302,17.344,13.0
-4.337,16.913,11.9
-4.600,15.048,6.8
-4.361,16.365,8.4
-4.515,15.295,70.1
-4.516,15.285,19.1
-4.489,15.046,14.3
-4.154,16.109,9.4
-4.174,15.911,9.9
-4.036,16.278,7.0
-3.922,16.494,10.2
-3.924,16.482,10.0
-3.989,15.917,11.0
-3.880,16.424,15.1
-3.910,16.094,8.5
-3.909,16.099,13.8
-3.851,16.140,22.1
-3.783,15.920,14.3
-3.785,15.908,9.9
-3.753,16.047,11.4
-3.754,15.897,11.1
-3.756,15.886,9.4
-3.525,17.139,10.2
-3.709,15.926,41.5
-3.711,15.914,25.2
-3.608,15.787,8.7
-3.769,14.421,16.1
-3.546,15.782,9.7
-3.550,15.690,9.5
-3.448,16.226,15.2
-3.383,15.316,8.4
-3.368,15.330,27.9
-2.293,16.390,11.5
-2.182,16.517,18.5
-1.805,16.240,8.8
-1.771,16.182,73.9
-1.500,16.103,21.3
-1.804,13.836,14.4
-1.187,16.130,10.8
-1.590,13.169,6.2
-0.820,14.875,11.0
-1.155,12.482,6.9
-1.146,12.480,4.6
21.109,72.641,22.1
13.982,-89.676,7.7
43.956,58.824,17.7
42.686,-111.595,8.1
46.151,53.403,85.7
42.685,-111.582,6.1
46.163,53.415,27.0
35.262,-99.702,41.6
46.158,53.393,53.8
35.257,-99.711,43.5
48.388,57.429,8.9
37.634,-119.621,49.4
48.386,57.414,8.5
30.497,-109.637,7.1
51.871,54.755,9.3
30.495,-109.624,8.4
51.880,54.751,9.7
27.992,-110.556,8.3
51.877,54.735,10.0
51.869,54.686,17.1
51.605,52.925,20.6
53.456,59.046,8.8
53.454,59.031,55.0
52.954,49.129,22.8
52.949,49.104,25.6
57.949,60.050,47.3
57.947,60.032,8.6
37.034,62.418,9.2
40.867,69.529,36.4
50.517,-104.627,8.1
49.638,-103.797,25.1
49.629,-103.800,8.1
-17.541,177.585,5.3
11.598,41.597,9.2
11.596,41.584,39.6
18.068,54.544,31.9
22.547,53.927,155.2
22.544,53.885,90.7
29.792,47.706,24.0
22.549,53.922,186.6
24.864,53.716,65.6
24.866,53.711,55.4
30.165,47.421,34.9
25.164,52.869,119.8
30.163,47.402,23.3
25.180,52.868,62.8
30.171,47.414,54.8
25.170,52.863,137.0
25.529,53.134,46.3
30.205,47.391,55.8
27.151,49.219,23.7
30.217,47.389,64.2
27.821,48.876,30.7
30.281,47.356,28.2
27.797,48.617,26.9
30.359,47.341,115.4
27.821,48.869,67.2
30.357,47.322,17.5
27.801,48.631,31.8
30.406,47.335,27.9
28.002,48.733,84.2
30.567,47.113,22.0
28.003,48.726,70.0
30.565,47.094,35.5
28.304,49.528,23.6
30.750,48.279,197.8
28.367,49.624,143.9
30.691,47.340,31.4
28.376,49.643,35.6
30.689,47.321,55.0
28.374,49.617,74.1
30.686,47.335,60.5
28.501,49.728,35.8
30.684,47.316,33.1
28.499,49.702,60.1
30.864,47.922,41.4
29.024,47.994,78.4
30.824,47.331,38.7
29.022,47.974,24.1
30.886,47.343,18.1
29.012,47.737,22.4
30.884,47.324,39.7
29.029,47.986,88.0
30.880,47.338,28.8
29.008,47.750,27.5
30.878,47.319,18.7
31.133,49.311,43.2
31.027,47.294,34.1
31.025,47.275,40.9
31.068,47.612,27.2
31.039,47.293,31.9
31.037,47.273,50.1
31.097,47.797,31.1
31.095,47.776,18.0
31.082,47.631,51.9
31.080,47.610,18.8
31.209,48.953,49.7
31.087,47.793,46.9
31.086,47.625,60.0
31.217,48.947,38.8
31.243,47.963,33.4
31.268,48.116,88.2
31.281,48.115,30.0
31.659,47.520,26.7
31.761,46.042,23.6
31.764,46.052,21.1
31.762,46.035,16.3
32.057,47.441,18.2
32.116,47.413,85.6
32.114,47.393,19.8
32.174,47.512,19.4
32.179,47.527,20.4
32.258,47.239,15.3
31.780,40.286,7.3
33.720,46.294,21.2
33.736,42.402,5.7
34.348,47.285,20.8
34.346,47.263,23.2
34.643,46.897,10.9
34.451,41.572,7.0
34.898,43.812,35.9
34.896,43.798,44.5
35.017,43.503,12.1
35.027,43.502,17.5
35.248,44.432,21.8
35.244,44.426,16.2
35.482,44.149,11.5
35.492,44.147,10.8
35.491,44.157,23.3
35.531,44.349,14.1
35.529,44.334,21.7
35.630,44.009,40.3
35.686,43.876,57.1
35.896,43.642,8.7
35.894,43.628,8.8
35.895,43.635,16.4
36.776,43.319,7.4
36.777,43.327,7.9
36.637,41.260,16.6
36.857,42.579,20.6
36.856,42.566,10.3
36.941,42.122,12.8
36.790,40.361,7.5
36.788,40.350,5.4
36.713,39.638,5.6
37.001,41.532,5.9
36.751,39.518,5.1
36.841,40.117,5.9
37.349,38.706,6.0
37.442,37.217,5.9
37.718,38.448,7.0
37.984,40.334,5.9
38.008,40.300,7.2
38.098,40.357,7.3
38.107,40.355,6.6
38.105,40.344,5.9
46.524,38.390,6.0
46.523,38.376,8.9
46.533,38.387,7.2
46.532,38.374,6.4
46.632,38.827,12.2
46.630,38.813,39.0
-21.623,47.867,10.9
-20.716,48.094,17.5
-18.498,47.410,8.8
-18.499,47.396,19.2
-18.484,47.337,15.3
-18.486,47.323,9.1
-18.178,48.208,9.0
-17.891,48.311,6.4
-18.009,46.602,20.5
-18.011,46.584,12.0
-17.721,48.610,12.3
-17.527,48.202,7.1
-17.142,48.021,7.6
-17.125,47.906,6.8
-16.899,48.090,10.6
-16.963,47.412,8.8
-16.870,47.241,6.6
-16.506,48.974,6.8
-16.507,48.963,8.2
-16.549,48.442,19.7
-16.836,45.656,20.7
-16.838,45.638,10.9
-16.468,48.118,9.9
-16.469,48.106,9.6
-16.471,48.095,6.4
-16.262,47.885,40.6
-16.262,47.891,16.2
-16.263,47.879,22.4
-16.253,47.878,17.0
-16.194,48.185,6.7
-16.432,46.210,14.0
-16.060,48.757,6.9
-16.049,48.765,7.1
-16.050,48.755,13.3
-16.020,48.685,17.1
-16.121,47.376,11.7
-16.123,47.363,33.3
-16.216,46.589,10.1
-16.111,47.375,18.1
-16.112,47.362,27.3
-16.019,47.955,8.8
-15.976,47.973,7.1
-15.978,47.962,7.4
-15.977,47.967,9.4
-15.954,47.903,8.1
-15.884,48.386,7.9
-15.731,47.897,7.5
-15.732,47.885,11.5
-15.734,47.873,20.0
-15.735,47.862,6.8
-15.700,47.899,49.4
-15.701,47.887,19.9
-15.675,47.689,20.6
-15.589,48.305,18.6
-15.579,48.304,9.3
-15.446,48.136,9.2
-15.131,49.172,11.4
-15.147,48.979,10.3
-15.148,48.968,12.0
-15.137,48.978,6.0
-15.139,48.967,5.5
-14.969,49.077,8.9
-14.960,48.858,12.0
-14.962,48.838,18.9
-14.860,48.839,7.6
-14.848,48.589,8.2
-14.784,48.864,9.0
-14.657,48.496,15.5
-13.813,49.683,4.5
-13.630,49.330,5.7
-13.498,49.563,6.0
-13.476,49.516,5.8
-13.484,49.460,4.3
-13.242,49.345,6.0
-13.181,49.108,16.5
-13.182,49.098,7.8
-13.184,49.088,14.8
-13.185,49.078,18.6
-12.820,49.540,5.8
-12.445,49.179,15.7
-12.435,49.187,17.7
-12.436,49.177,18.5
-12.437,49.168,9.2
-12.427,49.176,9.3
-12.428,49.166,8.0
54.090,-124.490,15.2
52.845,29.995,8.5
-9.806,149.278,10.8
-2.717,150.830,26.1
-9.808,149.290,39.4
-9.810,149.300,22.1
-21.598,-41.368,29.9
-20.239,-40.242,19.2
-17.316,-39.629,15.2
-17.134,-40.066,43.6
-17.132,-40.073,30.4
-17.312,-42.706,530.3
-17.315,-42.739,208.0
-17.092,-42.344,29.1
-16.918,-41.856,39.7
-16.620,-41.495,25.7
-16.622,-41.518,310.6
-16.832,-43.963,78.1
-16.844,-43.968,130.5
-16.405,-42.580,43.0
-16.389,-42.557,393.6
-16.392,-42.586,539.6
-16.359,-42.560,95.7
-16.362,-42.589,94.0
-16.360,-42.566,116.3
-16.363,-42.596,45.1
-16.210,-42.868,34.5
-16.048,-41.644,24.4
-16.213,-42.875,51.1
-16.042,-41.651,33.4
-15.824,-41.386,28.4
-15.827,-41.370,31.8
-15.606,-40.508,18.9
-15.690,-42.681,72.1
-15.692,-42.685,86.0
-15.337,-41.735,37.4
-15.309,-42.783,226.3
-15.291,-42.754,58.3
-15.294,-42.780,153.9
-15.292,-42.761,133.3
-15.295,-42.789,123.1
-15.264,-43.650,77.4
-15.256,-43.655,101.3
-14.968,-41.277,21.9
-15.015,-41.791,67.7
-15.165,-43.560,198.2
-15.168,-43.594,922.1
-15.149,-43.562,63.7
-15.152,-43.596,1862.7
-15.156,-43.631,946.8
-15.171,-43.567,442.9
-15.175,-43.601,567.8
-15.156,-43.569,255.0
-15.159,-43.603,1281.9
-15.163,-43.638,159.8
-15.143,-43.605,1510.0
-15.147,-43.640,397.3
-14.923,-43.539,202.9
-14.926,-43.573,41.2
-14.695,-41.630,18.9
-14.930,-43.543,87.1
-14.914,-43.545,86.5
-14.550,-41.397,19.5
-14.540,-41.405,22.5
-14.729,-44.961,92.2
-14.106,-40.715,24.0
-14.104,-40.722,32.8
-14.197,-44.358,52.2
-14.201,-44.395,52.8
-14.180,-44.359,189.7
-14.184,-44.397,121.4
-14.191,-44.366,88.9
-14.175,-44.368,263.0
-14.179,-44.405,58.9
-13.950,-42.687,77.4
-13.499,-43.632,143.5
-13.502,-43.664,158.8
-13.483,-43.634,250.7
-13.487,-43.666,177.4
-13.488,-43.638,179.0
-13.492,-43.670,86.8
-13.473,-43.640,241.5
-13.477,-43.672,112.5
-13.375,-43.996,431.0
-13.379,-44.030,1508.1
-13.351,-43.929,199.7
-13.363,-44.033,80.7
-13.335,-43.931,1486.0
-13.339,-43.966,134.0
-13.319,-43.934,528.3
-13.323,-43.968,171.2
-13.338,-43.901,62.9
-13.343,-43.935,246.1
-13.323,-43.903,87.3
-13.327,-43.937,1858.6
-13.331,-43.971,99.4
-12.870,-44.789,1564.1
-12.874,-44.828,561.9
-12.883,-44.792,310.9
-12.866,-44.793,1480.1
-12.871,-44.832,294.7
-12.438,-44.160,137.8
-12.422,-44.162,32.0
-12.446,-44.163,38.0
-12.430,-44.165,116.7
-11.959,-44.882,107.7
-11.963,-44.919,61.7
-11.971,-44.883,120.7
-11.654,-43.270,112.2
-11.667,-43.502,165.3
-11.670,-43.531,509.0
-11.648,-43.474,183.1
-11.651,-43.504,158.3
-11.650,-43.479,197.5
-11.654,-43.508,68.7
-9.665,-45.547,96.6
-11.697,-44.518,1068.1
-11.701,-44.553,771.3
-8.633,-37.803,12.5
-11.689,-44.526,762.1
-9.662,-45.551,102.4
-11.694,-44.561,287.0
-9.507,-44.522,46.5
-11.528,-43.998,38.6
-11.277,-43.544,541.7
-8.571,-37.819,8.5
-11.281,-43.572,123.9
-11.279,-43.548,530.2
-8.516,-37.899,8.3
-11.283,-43.577,61.3
-8.879,-41.074,323.4
-11.264,-43.550,55.2
-8.881,-41.091,326.4
-11.400,-45.381,173.6
-11.397,-45.389,184.6
-7.826,-35.365,6.6
-11.220,-44.750,266.5
-7.879,-35.789,9.8
-11.224,-44.786,142.3
-11.214,-44.755,321.5
-8.443,-40.051,16.9
-11.219,-44.791,105.7
-11.174,-45.140,594.1
-7.695,-35.346,54.4
-11.187,-45.145,54.7
-7.697,-35.355,5.9
-11.170,-45.148,530.5
-10.659,-41.183,29.9
-8.457,-41.267,22.2
-10.661,-41.202,54.7
-8.077,-39.015,13.7
-10.953,-43.880,98.5
-8.156,-39.727,17.6
-10.957,-43.911,73.0
-8.158,-39.740,84.3
-10.938,-43.881,224.5
-8.063,-39.500,215.7
-10.923,-43.883,90.3
-8.065,-39.513,142.4
-10.304,-39.058,20.2
-8.053,-39.502,57.3
-10.306,-39.071,23.9
-8.055,-39.514,39.6
-10.942,-43.886,343.9
-8.091,-39.769,18.3
-10.946,-43.917,152.9
-7.350,-35.087,14.1
-10.295,-39.072,28.4
-7.352,-35.096,16.8
-10.923,-43.857,69.2
-7.999,-39.695,18.1
-8.001,-39.708,182.1
-10.922,-44.657,109.3
-7.625,-37.274,28.1
-10.914,-44.666,161.1
-7.942,-39.587,12.4
-10.687,-44.423,67.1
-7.944,-39.600,21.8
-10.691,-44.456,278.8
-8.112,-41.252,44.2
-10.678,-44.429,65.7
-8.115,-41.269,38.0
-10.683,-44.462,86.6
-7.824,-39.758,23.9
-10.480,-43.843,266.1
-7.510,-37.689,8.2
-7.998,-41.170,23.7
-10.483,-43.872,94.1
-8.362,-44.136,73.7
-10.482,-43.849,320.3
-8.366,-44.165,91.5
-9.683,-38.061,9.1
-7.759,-39.676,50.4
-10.510,-44.459,72.1
-7.761,-39.689,22.0
-10.477,-45.080,97.2
-8.355,-44.196,126.6
-10.460,-45.081,146.7
-8.358,-44.225,73.2
-8.437,-44.856,72.0
-10.472,-45.088,97.1
-8.336,-44.170,202.8
-8.637,-35.159,12.1
-8.339,-44.198,201.5
-8.638,-35.168,4.8
-8.343,-44.228,136.5
-9.797,-44.839,82.7
-8.328,-44.230,603.8
-8.363,-44.143,81.6
-8.444,-44.862,101.4
-8.337,-44.176,280.0
-7.061,-35.196,8.5
-7.797,-40.303,13.4
-7.799,-40.317,17.1
-8.330,-44.236,808.2
-7.264,-37.715,11.8
-8.024,-43.750,62.8
-7.296,-38.775,27.4
-7.297,-38.786,35.7
-6.684,-35.204,8.1
-7.214,-39.354,11.4
-7.419,-42.110,38.8
-7.418,-42.115,57.8
-7.406,-42.117,42.9
-7.380,-42.120,72.6
-7.383,-42.140,24.4
-7.350,-42.086,28.1
-7.409,-42.630,29.8
-7.346,-42.074,19.6
-7.411,-42.636,25.8
-7.071,-40.452,146.5
-7.073,-40.466,20.4
-7.282,-43.330,74.2
-7.268,-43.332,82.4
-6.754,-39.808,26.8
-6.706,-39.746,60.1
-6.708,-39.758,88.1
-6.944,-41.610,20.5
-7.293,-44.321,57.5
-7.059,-42.855,63.0
-7.062,-42.876,31.3
-7.293,-44.328,42.4
-7.062,-42.861,56.6
-7.049,-42.863,82.8
-5.844,-35.450,48.1
-7.178,-44.815,54.7
-6.105,-39.269,14.8
-6.249,-40.495,22.2
-6.807,-45.040,111.2
-6.812,-45.072,248.5
-6.813,-45.046,214.1
-6.817,-45.079,145.3
-6.699,-45.616,44.5
-6.683,-45.618,44.8
-5.895,-41.011,26.9
-6.359,-45.796,79.0
-5.908,-42.459,46.8
-6.342,-45.800,69.0
-5.647,-43.734,133.4
-4.766,-37.805,7.8
-5.628,-45.517,33.2
-5.633,-45.551,88.6
-5.586,-45.322,57.1
-5.635,-45.524,77.3
-5.640,-45.557,72.6
-5.587,-45.296,39.4
-4.372,-38.600,11.6
-4.268,-38.698,20.6
-4.269,-38.707,24.1
-3.913,-38.353,6.9
-4.210,-41.772,78.8
-3.708,-39.482,31.0
-3.694,-39.594,28.4
-3.684,-39.596,12.7
-1.054,-47.569,130.9
27.648,22.503,11.0
28.468,21.838,18.0
28.914,20.983,9.3
28.913,20.969,7.4
-19.864,30.400,8.9
28.913,19.784,9.7
36.174,9.937,28.5
28.911,19.772,112.5
36.865,6.979,17.1
-20.506,25.859,7.5
29.235,19.692,9.2
45.120,19.485,22.8
-19.774,30.772,7.1
31.673,6.060,21.4
-19.858,30.095,12.6
45.148,9.937,6.6
-20.450,25.793,5.6
48.277,14.331,12.8
51.367,6.708,7.5
-20.445,25.761,63.4
51.482,6.718,17.5
-20.446,25.751,17.2
51.488,6.709,7.1
-20.436,25.760,7.9
-20.410,25.890,15.7
-20.417,25.830,10.1
-20.419,25.820,21.5
-20.420,25.810,12.3
-20.415,25.778,30.6
-20.416,25.768,27.3
-20.260,25.196,7.6
-20.236,25.160,6.5
-20.018,26.290,10.5
-19.779,27.119,4.8
-18.553,33.980,29.5
-18.540,33.977,26.2
-18.491,34.029,21.4
-18.493,34.024,23.1
-18.489,33.897,24.1
-18.703,32.083,17.1
-18.358,33.508,28.4
-18.620,31.521,24.5
-18.622,31.507,65.7
-18.624,31.493,29.3
-18.405,32.211,10.6
-18.532,28.895,8.4
-17.746,33.471,19.4
-17.774,33.316,14.1
-18.075,31.327,9.8
-17.644,33.439,15.6
-17.601,33.390,30.8
-17.600,33.383,30.2
-18.730,25.520,8.9
-18.731,25.510,6.6
-18.720,25.529,10.9
-18.721,25.519,17.1
-18.551,26.607,4.9
-18.425,26.096,5.6
-18.427,26.087,6.6
-18.416,26.089,7.6
-17.719,30.867,17.0
-17.721,30.854,20.1
-18.407,26.088,5.6
-18.353,26.426,5.9
-17.651,30.828,7.3
-17.499,31.534,10.0
-18.264,26.272,8.5
-18.265,26.263,16.1
-17.446,30.568,14.6
-17.843,27.795,15.5
-17.844,27.786,8.7
-17.380,30.722,10.0
-17.383,30.717,11.4
-17.960,26.276,4.5
-16.331,36.211,26.2
-17.940,26.292,5.1
-17.930,26.284,7.0
-17.921,26.282,9.0
-16.126,36.709,29.4
-18.161,23.709,8.0
-17.091,31.270,8.9
-18.165,23.512,26.1
-18.166,23.499,14.9
-16.120,36.702,27.7
-18.155,23.510,12.0
-18.156,23.498,14.4
-17.541,28.037,7.0
-17.202,30.100,5.5
-17.231,29.916,9.8
-17.228,29.921,5.9
-17.728,26.146,9.9
-17.719,26.145,8.0
-17.480,27.093,6.6
-17.643,25.888,7.2
-17.615,25.326,4.9
-17.410,26.804,4.3
-17.592,25.297,6.0
-17.617,25.108,21.0
-17.505,25.116,8.1
-17.496,25.115,7.9
-16.847,29.123,16.9
-17.469,24.604,5.4
-16.837,29.121,6.0
-17.331,25.535,8.2
-17.272,25.282,5.4
-16.712,29.084,11.6
-16.439,30.316,10.0
-17.089,25.482,11.5
-16.500,29.587,10.0
-17.026,25.408,5.4
-16.255,29.574,15.1
-16.359,28.806,14.3
-16.196,29.634,8.1
-16.168,29.688,10.3
-16.162,29.646,8.1
-16.694,25.892,7.0
-16.136,29.688,7.9
-15.963,30.013,19.1
-15.965,30.000,28.3
-15.967,29.988,35.9
-15.951,29.960,10.2
-15.845,30.048,16.3
-16.011,28.405,7.1
-16.195,26.998,5.8
-15.750,28.858,5.8
-16.079,26.568,11.8
-16.070,26.566,7.4
-16.257,25.170,4.6
-15.722,28.879,5.0
-15.727,28.649,7.7
-15.769,28.297,5.7
-15.745,27.507,5.0
-16.062,24.975,6.0
-15.581,27.030,4.7
-15.510,26.557,5.1
-14.829,30.502,7.6
-15.032,28.919,11.1
-14.987,29.022,8.7
-14.989,29.012,9.1
-14.636,30.170,19.6
-14.737,29.319,10.3
-14.739,29.308,24.1
-14.607,30.173,7.7
-14.736,29.313,26.0
-15.197,25.390,5.1
-14.819,27.980,5.9
-14.821,27.970,6.7
-16.146,16.799,33.5
-16.149,16.762,77.5
-16.129,16.797,52.6
-16.096,16.794,32.0
-16.080,16.793,65.2
-16.090,16.787,50.8
-16.074,16.785,48.7
-14.737,27.657,7.2
-14.698,26.695,5.4
-14.853,25.284,6.6
-14.420,28.255,4.7
-14.541,25.338,7.3
-14.513,25.485,8.8
-13.814,29.652,31.3
-13.816,29.640,13.3
-26.542,29.154,13.9
-14.392,25.629,4.7
-14.214,26.861,4.0
-26.659,27.803,8.6
-14.383,25.628,9.9
-14.384,25.619,3.9
-26.030,29.204,13.9
-13.848,29.296,8.2
-26.024,29.183,5.8
-14.317,25.705,5.3
-14.034,27.222,6.5
-26.025,29.173,5.8
-14.247,25.475,6.7
-25.787,30.370,23.7
-13.650,29.106,10.3
-13.618,28.433,11.7
-25.789,30.359,5.8
-14.011,24.267,17.4
-14.339,20.953,23.3
-25.813,29.495,31.2
-13.648,23.440,8.3
-13.650,23.429,8.6
-13.622,23.386,5.6
-25.815,29.485,5.8
-13.614,23.374,5.8
-13.582,23.545,11.5
-25.018,32.151,7.3
-13.583,23.534,15.1
-12.290,32.378,17.1
-25.006,32.162,98.7
-13.454,23.291,6.3
-13.395,23.420,5.8
-25.008,32.149,88.3
-12.259,29.296,7.3
-12.192,29.062,4.9
-25.010,32.137,6.0
-11.504,32.743,14.5
-25.004,32.168,32.1
-12.195,25.877,7.6
-25.006,32.156,93.8
-12.196,25.868,6.2
-25.008,32.143,36.0
-24.996,32.154,13.1
-11.081,30.921,24.4
-24.868,30.662,40.6
-24.869,30.651,23.5
-10.555,28.297,5.1
-24.858,30.660,12.1
-6.043,31.686,20.0
-24.413,32.078,7.3
-24.399,32.101,24.7
-3.602,25.621,6.4
-24.401,32.088,42.8
-24.387,32.111,22.2
-24.389,32.099,40.6
-24.391,32.086,26.3
-24.381,32.084,28.3
-24.592,30.697,6.5
-24.594,30.687,4.5
-24.586,30.691,5.8
-24.360,32.087,8.5
-24.350,32.085,16.0
-24.515,29.799,6.3
-24.517,29.789,4.7
-24.505,28.633,8.4
-24.488,28.630,9.5
-24.418,29.064,7.1
-24.482,28.609,17.8
-23.401,33.421,8.6
-23.966,29.004,5.2
-23.334,31.182,6.0
-23.043,21.075,24.6
-21.241,34.011,15.3
-20.995,32.952,12.4
-20.996,32.946,10.9
-21.138,27.413,10.2
-20.278,29.753,34.7
-20.280,29.743,17.8
-20.260,29.750,7.7
-20.261,29.739,8.1
-20.613,26.659,8.8
-20.178,29.612,17.7
40.539,141.497,5.5
40.537,141.509,14.5
1.495,127.626,7.4
1.493,127.637,13.9
0.652,127.968,8.3
0.650,127.978,12.8
-1.813,132.525,13.6
-3.284,133.959,14.1
-3.281,133.863,20.6
-3.284,133.880,11.7
-3.018,129.769,7.5
-3.148,130.278,5.6
-2.927,128.754,5.7
-3.149,130.106,4.9
-3.206,130.226,5.8
-3.208,130.244,4.6
-3.210,130.253,5.1
-3.527,126.875,6.3
-8.271,123.512,23.8
-9.819,130.270,9.4
-11.324,130.891,9.2
-11.331,130.937,8.2
-12.743,131.383,15.9
-13.970,131.785,22.9
-13.972,131.800,24.9
-13.981,131.784,23.5
-13.983,131.798,77.2
-14.065,131.723,41.4
-14.067,131.737,48.4
-15.624,124.451,11.9
-15.634,124.449,5.4
-16.519,129.844,72.6
-16.529,129.843,20.6
-16.530,129.855,18.4
-16.535,129.890,8.2
-16.537,129.902,10.5
-16.537,129.830,35.8
-16.539,129.842,34.4
-16.587,130.127,11.5
-16.603,130.088,7.3
-16.582,129.859,10.9
-16.583,129.871,12.4
-16.603,130.014,8.6
-16.604,130.026,15.2
-16.818,128.205,9.2
-16.820,128.215,7.5
-16.828,128.208,9.2
-16.829,128.218,17.1
-16.838,128.217,9.0
-20.440,129.550,8.2
-20.523,129.559,29.8
-20.525,129.572,16.6
-20.389,126.601,5.1
-20.381,126.427,8.6
-20.424,126.411,7.4
-20.480,126.531,5.0
-20.735,127.549,8.5
-20.782,127.484,5.9
-20.783,127.495,11.4
-20.784,127.505,9.6
-20.788,127.463,15.7
-20.794,127.441,6.1
-20.796,127.451,21.3
-20.842,127.580,7.8
-20.868,127.565,5.4
-39.002,-63.986,15.3
-31.402,-59.031,36.3
-31.403,-59.045,8.2
-31.005,-57.436,11.3
-30.432,-58.076,8.6
-30.339,-57.827,5.2
-30.371,-58.079,6.8
-30.169,-58.014,11.3
-30.171,-58.026,9.4
-30.206,-58.473,25.1
-30.208,-58.486,8.2
-30.244,-58.878,9.9
-30.246,-58.891,5.6
-30.166,-58.409,6.4
-30.168,-58.422,6.8
-29.894,-57.790,5.8
-29.734,-56.863,4.3
-29.828,-57.648,11.2
-30.045,-59.536,7.2
-29.669,-57.548,128.0
-29.670,-57.559,24.4
-29.658,-57.538,7.9
-29.660,-57.550,145.9
-29.661,-57.561,19.8
-29.727,-58.467,20.4
-29.724,-58.460,14.3
-29.726,-58.472,11.5
-29.617,-58.346,30.2
-29.375,-57.333,9.3
-29.376,-57.344,8.3
-29.277,-56.683,9.5
-29.784,-61.371,22.2
-29.365,-57.892,7.3
-29.325,-57.655,8.8
-29.431,-60.099,12.9
-29.523,-60.930,22.0
-29.501,-60.828,9.7
-29.502,-60.845,10.6
-29.491,-60.846,38.1
-29.493,-60.864,36.0
-28.752,-55.586,6.8
-28.753,-55.596,12.7
-28.885,-57.393,43.8
-28.875,-57.395,166.1
-28.877,-57.406,20.9
-29.246,-61.218,21.3
-28.588,-56.102,9.6
-28.629,-56.864,6.6
-28.714,-57.904,15.4
-28.716,-57.915,18.5
-28.717,-57.927,10.4
-28.719,-57.938,91.5
-28.720,-57.949,30.1
-28.707,-57.917,79.3
-28.708,-57.928,88.8
-28.710,-57.939,67.5
-28.711,-57.951,7.8
-28.748,-59.635,24.7
-28.750,-59.649,52.4
-28.550,-59.777,16.9
-29.009,-65.151,135.6
-29.012,-65.158,134.1
-28.464,-59.739,17.2
-27.518,-54.936,7.9
-27.478,-55.462,15.7
-27.479,-55.472,43.0
-27.640,-56.772,5.2
-27.172,-54.439,8.1
-27.173,-54.449,15.1
-27.171,-54.729,3.8
-26.479,-51.511,7.3
-28.040,-62.815,160.7
-28.043,-62.837,32.1
-27.218,-58.217,7.7
-27.673,-63.042,32.4
-27.660,-63.043,31.3
-27.675,-63.046,28.1
-27.662,-63.048,29.7
-27.011,-57.615,9.8
-27.807,-65.118,142.5
-27.810,-65.151,90.9
-26.307,-53.792,6.4
-26.904,-58.822,27.8
-26.905,-58.834,54.0
-27.006,-59.888,14.1
-27.008,-59.901,10.1
-26.417,-55.777,6.2
-27.009,-60.986,17.7
-27.011,-61.002,115.6
-26.285,-55.515,4.4
-26.959,-60.634,29.0
-26.961,-60.649,12.8
-27.000,-61.004,25.4
-26.966,-60.640,21.1
-27.008,-60.993,73.0
-27.010,-61.009,50.8
-26.011,-53.899,19.4
-26.013,-53.910,19.4
-26.955,-60.642,17.8
-26.937,-60.675,26.5
-27.013,-61.441,73.3
-26.853,-60.230,18.9
-26.968,-62.863,22.5
-26.945,-62.759,18.6
-26.707,-61.347,55.5
-26.708,-61.364,55.8
-25.465,-52.653,8.8
-26.060,-56.943,7.6
-26.100,-57.693,6.2
-26.102,-57.704,7.6
-26.669,-62.602,31.2
-25.883,-56.866,5.4
-25.579,-55.375,23.2
-25.580,-55.384,14.1
-26.279,-60.705,427.8
-26.281,-60.719,123.9
-26.269,-60.706,109.0
-26.270,-60.721,102.8
-25.893,-57.793,5.7
-26.296,-61.039,49.5
-26.297,-61.055,82.0
-26.303,-61.101,39.5
-26.304,-61.117,191.6
-26.283,-61.025,22.6
-26.285,-61.041,381.4
-26.287,-61.056,491.2
-26.288,-61.072,56.5
-26.274,-61.042,117.5
-26.276,-61.058,144.3
-26.277,-61.073,31.5
-26.281,-61.033,106.4
-26.283,-61.048,463.4
-26.284,-61.063,197.9
-26.270,-61.034,16.2
-26.272,-61.050,25.4
-26.131,-60.230,12.0
-25.796,-57.901,50.7
-25.798,-57.911,60.4
-26.169,-60.924,13.4
-26.171,-60.939,15.7
-26.167,-60.930,22.0
-26.109,-60.816,61.8
-25.734,-57.980,12.9
-25.736,-57.991,28.3
-25.725,-57.982,17.2
-25.870,-59.202,7.5
-26.064,-60.936,73.5
-26.066,-60.951,90.6
-26.053,-60.937,12.4
-26.055,-60.952,70.4
-25.312,-55.686,6.2
-25.162,-54.955,5.6
-25.243,-55.895,20.7
-25.244,-55.905,12.4
-25.238,-55.926,11.6
-25.325,-56.711,10.2
-25.986,-61.843,21.7
-25.988,-61.860,30.0
-25.990,-61.878,24.1
-25.181,-55.803,5.7
-25.978,-61.879,71.0
-25.920,-61.460,94.7
-25.921,-61.477,37.4
-25.070,-55.196,13.1
-25.907,-61.446,12.4
-25.908,-61.462,305.5
-25.910,-61.478,138.8
-25.059,-55.188,10.6
-25.061,-55.198,12.7
-25.897,-61.463,68.2
-25.899,-61.480,31.9
-25.886,-61.465,54.4
-25.888,-61.481,15.0
-25.087,-55.606,11.4
-25.088,-55.615,17.3
-25.767,-61.212,97.0
-25.525,-60.171,131.6
-25.527,-60.184,40.8
-25.085,-56.961,34.0
-25.396,-59.234,7.6
-25.076,-56.963,28.8
-25.484,-60.005,12.0
-25.454,-60.181,16.5
-25.443,-60.183,125.4
-25.445,-60.196,64.8
-25.444,-60.176,39.7
-25.445,-60.189,77.2
-25.435,-60.191,58.0
-25.437,-60.204,14.1
-25.427,-60.205,72.0
-25.415,-60.194,12.3
-25.416,-60.207,198.8
-25.418,-60.220,38.1
-25.420,-60.233,12.5
-25.406,-60.208,41.8
-25.408,-60.221,45.8
-25.825,-64.035,35.0
-25.828,-64.060,313.0
-25.830,-64.085,33.4
-24.776,-55.693,5.7
-24.778,-55.702,6.9
-24.899,-56.693,17.8
-24.890,-56.694,9.7
-25.008,-57.524,10.2
-24.728,-55.677,4.9
-25.282,-59.702,19.0
-25.339,-60.237,18.5
-25.327,-60.306,92.6
-25.329,-60.320,63.0
-24.577,-55.177,41.7
-24.809,-56.705,15.8
-24.810,-56.714,6.4
-24.567,-55.169,6.7
-24.568,-55.179,8.2
-24.796,-56.677,14.2
-24.467,-54.658,9.7
-24.468,-54.668,15.4
-24.528,-55.048,7.2
-25.213,-59.883,9.7
-24.445,-54.641,28.0
-24.447,-54.651,27.2
-25.136,-59.756,15.6
-25.127,-59.757,20.2
-24.586,-55.965,6.2
-24.548,-55.833,5.3
-25.115,-60.071,11.7
-25.133,-60.388,57.5
-25.134,-60.401,10.1
-25.060,-59.874,17.2
-25.061,-59.886,47.8
-25.123,-60.389,62.0
-25.124,-60.403,50.5
-25.051,-59.888,18.3
-24.453,-55.817,10.4
-24.960,-59.500,7.2
-24.991,-59.740,9.2
-24.946,-59.466,8.9
-25.070,-60.458,11.1
-24.586,-56.960,40.3
-24.986,-59.942,86.6
-24.988,-59.955,27.0
-25.329,-62.963,99.7
-25.331,-62.983,67.2
-24.576,-56.952,40.9
-24.578,-56.962,170.0
-24.920,-59.494,20.3
-24.975,-59.931,39.9
-24.976,-59.944,33.9
-25.316,-62.964,322.4
-25.318,-62.985,126.5
-24.413,-55.914,15.8
-24.569,-56.964,15.2
-24.965,-59.933,115.2
-24.966,-59.945,57.6
-24.560,-56.965,12.9
-24.899,-59.486,31.0
-24.946,-59.860,12.5
-24.896,-59.480,11.8
-24.898,-59.491,14.2
-24.946,-59.865,13.8
-25.312,-62.949,23.5
-25.314,-62.969,231.2
-25.317,-62.990,26.3
-24.542,-56.974,5.5
-24.543,-56.984,58.9
-24.545,-56.993,10.9
-24.876,-59.399,25.0
-24.877,-59.411,11.4
-24.945,-60.018,12.0
-24.947,-60.031,33.2
-24.252,-55.170,5.2
-24.857,-59.402,16.2
-24.847,-59.404,18.4
-24.865,-59.545,98.8
-24.855,-59.546,94.2
-24.915,-60.022,12.7
-24.812,-59.362,7.9
-24.898,-60.051,30.9
-24.834,-59.610,30.4
-24.835,-59.622,120.5
-24.824,-59.611,219.3
-24.825,-59.623,617.8
-24.820,-59.606,10.6
-24.822,-59.618,481.8
-24.823,-59.630,120.6
-24.551,-57.689,21.8
-24.553,-57.699,27.8
-24.812,-59.620,17.8
-24.542,-57.690,8.0
-24.544,-57.700,11.7
-24.531,-57.672,13.6
-24.781,-59.612,16.4
-24.783,-59.624,71.0
-24.773,-59.626,14.9
-24.359,-56.668,6.3
-24.811,-60.006,12.1
-24.812,-60.019,169.9
-24.814,-60.031,43.6
-24.350,-56.669,8.9
-24.352,-56.679,7.2
-24.623,-58.619,11.2
-24.767,-59.737,17.8
-24.300,-56.644,5.0
-24.680,-59.454,37.5
-24.681,-59.465,14.4
-24.760,-60.084,9.2
-24.806,-60.460,19.6
-24.808,-60.473,35.0
-24.670,-59.455,16.4
-24.759,-60.240,55.7
-24.748,-60.241,148.1
-24.750,-60.254,28.2
-24.738,-60.243,96.8
-24.740,-60.256,73.8
-24.717,-60.154,46.3
-24.719,-60.167,36.5
-24.728,-60.244,54.5
-24.730,-60.257,98.2
-24.707,-60.156,66.5
-24.709,-60.169,64.0
-24.706,-60.150,33.9
-24.708,-60.162,58.0
-24.710,-60.175,17.1
-24.536,-58.920,11.6
-24.696,-60.151,166.3
-24.698,-60.164,86.9
-24.527,-58.922,44.9
-24.686,-60.153,81.8
-24.688,-60.165,65.2
-24.422,-58.217,8.1
-24.676,-60.154,12.8
-24.678,-60.167,42.0
-24.609,-59.700,9.2
-24.610,-59.712,17.7
-24.673,-60.207,16.9
-24.794,-61.214,21.3
-24.601,-59.713,9.7
-24.445,-58.595,10.5
-24.447,-58.606,12.2
-24.693,-60.634,32.2
-24.695,-60.648,202.8
-24.683,-60.636,18.1
-24.685,-60.649,70.8
-24.695,-60.831,58.3
-24.697,-60.845,79.0
-24.603,-60.055,10.1
-24.478,-59.171,8.6
-24.492,-59.273,57.2
-24.493,-59.284,19.7
-24.593,-60.056,66.7
-24.595,-60.069,43.0
-24.596,-60.081,73.3
-24.687,-60.809,13.9
-24.689,-60.823,78.7
-24.690,-60.837,172.6
-24.692,-60.851,44.5
-24.482,-59.274,43.2
-24.484,-59.285,6.9
-24.553,-59.824,16.9
-24.677,-60.810,53.8
-24.678,-60.824,116.5
-24.680,-60.838,369.2
-24.682,-60.852,93.8
-24.544,-59.825,24.8
-24.666,-60.812,122.5
-24.668,-60.826,159.5
-24.669,-60.840,376.4
-24.671,-60.854,43.0
-24.581,-60.200,13.4
-24.654,-60.799,54.6
-24.656,-60.813,174.3
-24.657,-60.827,385.2
-24.659,-60.841,1406.9
-24.661,-60.855,151.1
-24.643,-60.801,84.1
-24.645,-60.815,275.9
-24.647,-60.829,321.7
-24.648,-60.843,377.4
-24.650,-60.857,21.3
-24.679,-61.100,43.2
-24.681,-61.115,51.0
-24.305,-58.231,26.3
-24.587,-60.423,33.3
-24.633,-60.802,32.6
-24.635,-60.816,136.4
-24.636,-60.830,39.8
-24.296,-58.233,21.4
-24.424,-59.203,11.6
-24.426,-59.214,65.8
-24.427,-59.225,15.9
-24.506,-59.844,10.4
-24.530,-60.040,59.3
-24.532,-60.053,19.4
-24.576,-60.411,22.0
-24.577,-60.425,113.8
-24.622,-60.804,12.3
-24.624,-60.818,38.7
-24.064,-56.659,21.5
-24.416,-59.215,22.6
-24.496,-59.845,18.0
-24.513,-59.980,8.8
-24.610,-60.791,102.9
-24.612,-60.805,202.6
-24.614,-60.819,133.3
-24.055,-56.661,6.9
-24.482,-59.810,23.1
-24.500,-59.957,15.6
-24.512,-60.056,48.8
-24.513,-60.068,121.3
-24.598,-60.779,39.1
-24.600,-60.793,274.3
-24.601,-60.807,318.2
-24.603,-60.821,105.7
-24.497,-59.951,13.4
-24.512,-60.063,119.8
-24.513,-60.075,27.1
-24.603,-60.785,43.6
-24.604,-60.799,306.7
-24.606,-60.813,184.2
-24.608,-60.827,40.7
-24.500,-60.052,49.5
-24.502,-60.064,326.7
-24.503,-60.077,77.7
-24.592,-60.787,108.2
-24.594,-60.801,211.0
-24.596,-60.814,96.0
-24.597,-60.828,13.2
-23.324,-52.319,17.6
-24.474,-59.930,7.3
-24.490,-60.053,37.8
-24.492,-60.066,143.2
-24.493,-60.078,23.1
-24.583,-60.802,16.4
-24.337,-58.953,8.7
-24.414,-59.537,35.4
-24.416,-59.549,21.3
-24.465,-59.931,657.8
-24.466,-59.943,563.3
-24.480,-60.055,24.7
-24.482,-60.067,109.0
-24.483,-60.080,57.5
-24.423,-59.680,9.4
-24.455,-59.933,425.9
-24.456,-59.945,338.4
-24.458,-59.957,26.6
-24.470,-60.056,14.3
-24.472,-60.069,37.0
-24.445,-59.934,52.7
-24.446,-59.946,132.0
-24.448,-59.959,111.0
-24.360,-59.346,95.1
-24.362,-59.358,53.7
-23.613,-54.314,8.9
-24.306,-59.002,8.6
-24.307,-59.013,109.7
-24.351,-59.348,56.9
-24.352,-59.359,28.2
-24.398,-59.720,27.0
-24.457,-60.199,20.0
-24.459,-60.212,15.7
-24.341,-59.349,35.5
-24.344,-59.372,34.9
-24.387,-59.709,44.6
-24.388,-59.721,105.5
-24.616,-61.642,33.0
-24.332,-59.351,38.3
-24.377,-59.711,35.0
-24.378,-59.723,91.6
-24.380,-59.735,17.7
-24.414,-60.014,10.7
-24.416,-60.026,77.2
-24.327,-59.345,17.7
-24.328,-59.357,15.9
-24.330,-59.368,20.5
-24.376,-59.716,49.5
-24.377,-59.728,27.3
-24.415,-60.019,38.4
-24.416,-60.032,31.4
-24.614,-61.631,18.9
-24.616,-61.647,17.3
-24.317,-59.347,23.6
-24.319,-59.358,83.2
-24.366,-59.718,45.2
-24.367,-59.730,43.9
-24.362,-59.767,10.7
-24.265,-59.172,14.4
-24.267,-59.183,24.0
-24.256,-59.173,78.4
-24.257,-59.184,83.5
-23.595,-54.764,10.3
-24.276,-59.635,26.0
-24.278,-59.647,55.4
-24.279,-59.659,12.4
-24.078,-58.194,11.5
-24.272,-59.631,14.9
-24.274,-59.642,54.4
-24.275,-59.654,27.8
-24.264,-59.644,30.2
-24.265,-59.656,31.6
-24.278,-59.750,26.1
-24.259,-59.681,39.7
-24.260,-59.692,17.1
-24.249,-59.682,29.1
-24.251,-59.694,21.9
-24.239,-59.684,27.8
-24.241,-59.695,16.3
-24.189,-59.679,10.3
-24.186,-59.673,10.7
-24.177,-59.675,12.3
-23.630,-55.993,75.0
-23.632,-56.003,81.7
-23.746,-56.828,11.5
-24.034,-58.886,69.4
-24.036,-58.897,9.4
-24.023,-58.877,10.3
-24.025,-58.888,139.9
-24.026,-58.899,57.7
-24.148,-59.836,27.2
-24.274,-60.864,32.3
-24.016,-58.889,41.5
-24.017,-58.900,30.6
-24.215,-60.462,56.2
-24.265,-60.879,12.7
-23.850,-57.739,7.2
-23.887,-58.006,19.6
-23.888,-58.015,22.6
-23.890,-58.025,8.2
-24.009,-58.912,34.4
-24.011,-58.923,9.2
-24.320,-61.447,17.6
-23.881,-58.027,18.1
-23.992,-58.911,33.0
-24.318,-61.454,25.0
-23.860,-58.017,18.0
-23.851,-58.018,19.6
-23.977,-58.935,31.6
-23.978,-58.946,13.0
-23.541,-55.957,6.9
-23.542,-55.966,19.1
-23.764,-57.471,11.8
-23.839,-58.000,35.1
-23.843,-58.029,55.9
-23.845,-58.039,18.6
-23.967,-58.937,54.2
-23.969,-58.947,13.8
-24.166,-60.476,28.3
-23.798,-57.774,6.7
-23.830,-58.001,35.1
-23.834,-58.031,38.9
-23.890,-58.435,6.1
-23.954,-58.906,9.3
-23.955,-58.917,35.4
-23.957,-58.927,75.1
-23.958,-58.938,75.4
-24.234,-61.120,308.1
-24.236,-61.135,72.5
-24.223,-61.122,109.4
-24.225,-61.136,363.1
-24.227,-61.151,56.7
-24.228,-61.165,77.0
-24.230,-61.180,42.0
-23.875,-58.458,18.0
-24.193,-60.953,15.3
-24.214,-61.138,198.4
-24.216,-61.152,201.0
-23.910,-58.793,15.4
-23.912,-58.804,15.7
-23.920,-58.868,27.9
-23.910,-58.858,33.4
-23.911,-58.869,17.3
-23.878,-58.691,74.2
-23.879,-58.701,89.3
-23.872,-58.697,56.4
-23.892,-58.845,17.6
-23.893,-58.856,23.0
-23.863,-58.699,17.7
-23.881,-58.836,20.6
-23.883,-58.847,13.3
-23.852,-58.690,28.2
-23.853,-58.700,32.0
-23.869,-58.816,26.9
-23.787,-58.280,13.7
-23.788,-58.290,75.8
-23.844,-58.702,71.2
-23.846,-58.712,10.5
-23.854,-58.775,11.7
-23.856,-58.786,6.5
-24.100,-60.762,19.4
-24.101,-60.775,13.0
-23.831,-58.747,21.0
-23.833,-58.757,21.9
-23.834,-58.768,32.9
-24.073,-60.629,120.3
-23.822,-58.748,18.9
-24.092,-60.874,24.3
-24.094,-60.888,15.5
-24.041,-60.777,14.5
-24.082,-61.198,36.1
-23.675,-58.141,206.6
-23.676,-58.151,26.0
-23.790,-58.988,22.1
-23.792,-58.999,12.8
-24.069,-61.185,11.6
-24.071,-61.200,18.8
-24.073,-61.214,77.8
-24.060,-61.201,51.6
-24.062,-61.215,502.2
-24.064,-61.230,17.2
-23.464,-56.985,13.8
-23.391,-56.984,4.8
-23.419,-57.243,9.8
-23.448,-57.572,14.2
-23.450,-57.582,5.3
-23.944,-61.447,163.3
-23.945,-61.462,377.0
-23.947,-61.477,14.5
-23.951,-61.453,61.3
-23.939,-61.439,17.4
-23.941,-61.454,319.9
-23.942,-61.469,183.3
-23.930,-61.456,93.6
-23.932,-61.471,40.0
-23.446,-57.828,9.4
-23.919,-61.457,41.1
-23.921,-61.472,22.0
-23.628,-59.225,26.1
-23.688,-59.686,41.7
-23.622,-59.248,22.9
-23.623,-59.259,21.8
-23.679,-59.687,50.0
-23.612,-59.250,17.2
-23.303,-57.275,27.8
-23.790,-61.054,61.5
-23.792,-61.068,16.0
-23.190,-56.690,9.8
-23.753,-61.102,17.1
-23.484,-59.186,9.0
-23.036,-56.165,5.7
-23.253,-57.703,63.5
-23.255,-57.713,14.5
-23.244,-57.705,10.0
-23.703,-61.188,51.8
-23.208,-57.770,10.0
-23.210,-57.780,8.2
-23.679,-61.442,18.9
-23.681,-61.457,84.0
-23.668,-61.444,70.4
-23.670,-61.459,311.3
-23.677,-61.448,132.7
-23.678,-61.463,95.5
-23.666,-61.449,129.6
-23.668,-61.464,119.7
-22.941,-56.207,10.5
-23.655,-61.451,151.1
-23.657,-61.466,155.1
-23.644,-61.452,85.4
-23.646,-61.467,59.4
-23.633,-61.454,74.6
-23.635,-61.469,38.3
-23.623,-61.455,102.9
-23.624,-61.470,57.0
-23.573,-61.126,45.8
-23.574,-61.140,17.3
-23.109,-57.654,5.8
-23.111,-57.664,7.8
-23.231,-58.727,26.4
-23.232,-58.737,16.3
-23.583,-61.438,14.2
-23.221,-58.728,6.9
-23.583,-61.528,32.8
-23.585,-61.543,11.8
-23.572,-61.530,45.8
-23.574,-61.544,52.6
-23.549,-61.427,21.7
-23.551,-61.442,10.7
-23.562,-61.531,33.4
-23.563,-61.546,174.9
-23.552,-61.547,71.1
-23.535,-61.489,11.5
-23.543,-61.564,79.4
-23.517,-61.432,11.4
-23.532,-61.565,125.9
-23.449,-60.953,13.1
-23.520,-61.552,68.7
-23.522,-61.567,148.3
-23.523,-61.582,68.2
-23.509,-61.554,40.0
-23.511,-61.568,19.8
-23.512,-61.583,46.8
-23.777,-64.066,22.0
-23.058,-58.143,15.1
-23.485,-61.562,64.4
-23.489,-61.592,189.2
-23.491,-61.607,250.3
-23.768,-64.072,39.8
-23.478,-61.593,222.8
-23.480,-61.609,409.3
-23.469,-61.610,93.6
-23.471,-61.625,127.7
-22.674,-55.851,10.3
-22.732,-56.228,25.5
-22.734,-56.237,8.7
-23.298,-60.297,22.8
-23.458,-61.612,31.5
-22.724,-56.230,24.2
-22.725,-56.239,14.1
-23.288,-60.298,11.3
-23.424,-61.601,28.8
-23.429,-61.646,56.7
-23.430,-61.661,158.3
-23.413,-61.603,15.6
-23.414,-61.618,22.7
-23.418,-61.648,49.0
-23.420,-61.663,206.7
-23.421,-61.678,41.0
-23.419,-61.593,14.3
-23.421,-61.608,25.1
-23.426,-61.653,140.8
-23.428,-61.668,91.9
-23.416,-61.655,90.7
-23.417,-61.670,93.8
-23.406,-61.671,47.7
-23.394,-61.658,35.2
-23.395,-61.673,95.4
-22.926,-58.192,8.3
-22.642,-56.486,6.3
-22.460,-55.969,16.9
-22.919,-59.351,8.9
-23.199,-61.560,259.0
-23.201,-61.575,365.1
-23.188,-61.562,486.5
-23.190,-61.576,352.1
-23.177,-61.563,510.9
-23.179,-61.578,178.6
-23.166,-61.565,242.7
-23.168,-61.579,103.8
-22.867,-59.249,6.9
-22.888,-59.478,7.8
-22.433,-57.014,6.5
-23.053,-61.963,36.1
-22.670,-59.012,11.3
-22.698,-59.222,7.2
-23.079,-63.214,29.2
-22.386,-58.287,14.3
-22.159,-58.840,15.3
-22.094,-58.703,11.8
-22.085,-58.704,30.3
-22.086,-58.714,6.7
-22.077,-61.923,29.2
-22.076,-61.929,14.9
-0.732,-161.201,21.9
52.158,10.401,8.2
-21.702,-60.109,24.0
-21.704,-60.121,14.4
-21.290,-57.897,6.9
-21.075,-58.019,6.3
-21.569,-62.276,46.9
-21.571,-62.292,34.2
-21.569,-62.281,76.1
-21.558,-62.283,121.3
-21.560,-62.298,76.7
-20.920,-57.828,28.4
-20.921,-57.838,10.3
-20.911,-57.830,57.2
-20.855,-57.712,5.5
-20.846,-57.713,12.4
-20.702,-57.931,8.8
-20.694,-57.933,47.6
-20.695,-57.942,10.3
-20.605,-58.330,7.3
-20.592,-58.319,16.8
-20.593,-58.328,13.5
-20.582,-58.311,16.1
-20.478,-58.029,19.9
-20.479,-58.038,17.7
-20.469,-58.030,17.5
-20.501,-59.047,7.6
-20.503,-59.057,47.1
-20.494,-59.058,120.5
-21.083,-64.139,20.1
-20.731,-61.217,9.9
-20.721,-61.218,9.9
-20.295,-58.366,16.8
-20.286,-58.367,31.1
-20.269,-58.370,121.0
-20.270,-58.380,283.6
-20.260,-58.372,162.8
-20.261,-58.381,533.7
-20.262,-58.391,38.8
-20.264,-58.400,28.1
-20.273,-58.466,19.6
-20.252,-58.383,75.3
-20.254,-58.392,28.2
-20.256,-58.411,11.3
-20.258,-58.420,10.0
-20.264,-58.468,72.3
-20.266,-58.477,24.7
-20.249,-58.422,20.4
-20.250,-58.431,21.0
-20.251,-58.441,10.9
-20.254,-58.460,18.1
-20.255,-58.469,9.9
-20.323,-59.290,27.2
-20.325,-59.300,16.7
-20.578,-64.279,19.6
-20.580,-64.300,39.8
-20.503,-64.420,26.0
-19.616,-60.549,10.6
-18.312,-60.822,19.5
-17.974,-58.784,7.1
-18.069,-59.913,8.8
-18.625,-65.308,23.1
-18.628,-65.333,29.7
-17.674,-59.984,14.9
-18.044,-63.493,16.6
-18.009,-63.497,44.7
-18.011,-63.512,16.7
-17.559,-60.088,15.7
-15.427,-47.911,253.4
-17.532,-60.092,15.4
-17.589,-60.777,16.0
-17.511,-60.277,16.7
-17.513,-60.287,13.8
-17.459,-60.171,58.1
-17.460,-60.181,19.8
-17.420,-59.954,36.8
-17.421,-59.964,9.6
-17.706,-62.139,26.0
-17.708,-62.152,36.6
-16.719,-55.334,8.4
-17.413,-59.960,18.4
-17.414,-59.970,15.8
-17.711,-62.144,41.3
-17.712,-62.157,11.1
-17.435,-60.388,13.9
-17.436,-60.398,33.8
-17.360,-60.049,10.3
-17.305,-59.983,45.0
-17.306,-59.993,21.1
-17.289,-60.006,11.7
-17.279,-59.997,20.1
-17.280,-60.007,33.9
-17.284,-60.037,8.3
-17.282,-60.293,21.7
-17.301,-60.435,13.7
-17.294,-60.431,7.3
-17.296,-60.442,14.9
-17.186,-60.261,23.7
-17.096,-60.078,9.0
-15.665,-52.699,25.9
-17.134,-63.086,18.8
-17.136,-63.101,23.7
-17.123,-63.087,22.1
-16.515,-58.907,8.6
-16.506,-58.908,34.0
-16.507,-58.918,18.0
-16.827,-61.266,68.6
-16.746,-60.879,18.8
-16.867,-61.790,35.0
-16.857,-61.792,20.8
-17.239,-64.925,15.4
-15.645,-53.843,16.0
-17.157,-64.327,36.2
-17.160,-64.345,15.3
-17.226,-64.927,19.3
-16.736,-61.022,10.3
-16.730,-61.019,12.8
-17.239,-64.932,16.6
-17.153,-64.334,50.3
-16.595,-60.181,9.6
-16.684,-60.895,28.1
-16.686,-60.905,106.8
-16.675,-60.896,14.6
-16.676,-60.907,74.5
-16.492,-60.033,6.9
-16.487,-60.133,73.9
-16.489,-60.142,110.6
-16.839,-62.922,13.0
-16.929,-64.042,13.5
-16.991,-65.040,32.1
-16.311,-59.929,9.1
-16.611,-62.182,11.9
-16.612,-62.195,24.2
-16.614,-62.187,25.9
-16.615,-62.200,7.3
-16.340,-60.399,12.8
-16.377,-60.872,18.3
-16.401,-61.052,10.6
-16.403,-61.063,14.3
-16.335,-60.960,14.9
-16.336,-60.971,15.1
-16.413,-61.681,37.2
-16.356,-61.480,15.0
-16.357,-61.491,22.4
-16.587,-64.041,70.3
-15.628,-57.481,26.1
-16.432,-63.428,16.3
-16.283,-62.792,12.1
-16.285,-62.805,9.7
-15.067,-54.606,13.0
-16.430,-64.056,20.9
-15.057,-54.609,22.6
-15.976,-60.704,240.8
-15.977,-60.714,117.4
-15.965,-60.695,8.7
-15.967,-60.705,37.3
-15.968,-60.715,26.5
-16.291,-63.490,22.2
-16.052,-61.734,16.1
-16.250,-63.251,79.4
-16.251,-63.266,15.1
-16.216,-63.346,18.8
-16.318,-64.183,14.1
-16.214,-63.337,13.8
-16.122,-63.410,21.6
-16.124,-63.425,19.2
-16.121,-63.417,36.1
-16.128,-63.650,10.2
-15.844,-61.859,14.3
-15.846,-61.871,43.3
-15.748,-61.202,43.4
-15.824,-61.779,12.3
-15.756,-61.294,39.3
-15.746,-61.295,13.6
-16.062,-63.942,24.6
-16.050,-63.943,24.8
-15.705,-61.424,260.3
-15.707,-61.435,75.4
-15.696,-61.425,33.0
-15.697,-61.436,14.5
-14.489,-53.655,21.8
-16.111,-64.859,16.1
-15.699,-61.555,13.8
-15.701,-61.566,18.8
-15.691,-61.567,17.4
-14.479,-53.663,19.7
-15.634,-61.220,6.4
-15.950,-63.783,18.0
-15.952,-63.798,16.2
-16.067,-64.832,16.1
-15.564,-61.209,11.7
-15.559,-61.204,10.8
-15.561,-61.215,11.4
-15.843,-63.306,10.9
-15.516,-61.243,9.4
-15.522,-61.286,43.2
-15.498,-61.322,7.8
-15.499,-61.333,7.3
-15.437,-61.132,11.9
-15.452,-61.238,10.0
-15.337,-61.424,56.0
-15.328,-61.426,31.1
-15.599,-63.532,18.2
-15.598,-63.539,20.1
-15.297,-61.381,9.0
-15.215,-61.377,15.1
-15.347,-62.658,12.3
-15.142,-61.344,62.9
-15.144,-61.355,60.4
-15.458,-63.782,37.5
-15.133,-61.346,6.8
-15.134,-61.356,8.5
-15.159,-61.540,28.4
-15.160,-61.551,19.5
-15.116,-61.333,28.5
-14.233,-55.472,28.1
-15.105,-61.324,5.9
-15.106,-61.334,16.7
-15.121,-61.508,91.9
-15.122,-61.518,9.9
-15.111,-61.509,45.4
-15.073,-61.515,48.8
-15.074,-61.525,17.6
-1.183,104.240,6.2
-13.420,-51.336,77.5
-15.188,-64.014,24.2
-1.185,104.249,6.3
-15.191,-64.019,13.4
23.376,111.161,4.5
-1.502,104.393,16.8
-15.318,-65.555,33.7
-1.503,104.402,9.5
-15.305,-65.557,28.2
-1.510,104.392,8.3
-15.307,-65.564,40.7
-2.894,112.842,33.1
-14.301,-58.668,15.6
-2.896,112.835,33.8
-14.302,-58.677,78.4
-1.818,103.983,4.9
-14.292,-58.670,7.3
-1.830,104.000,5.3
-14.294,-58.679,49.6
-2.232,104.154,4.2
-14.996,-64.024,26.3
-2.240,104.144,6.0
-14.985,-64.025,50.5
-2.799,106.612,4.8
-14.987,-64.041,41.0
-2.871,104.706,9.4
-15.194,-65.714,15.3
-3.027,105.596,19.0
-15.288,-67.708,68.8
-3.036,105.595,14.1
-15.292,-67.711,64.1
-3.037,105.604,9.0
-13.686,-56.598,10.9
-3.089,105.222,4.2
-13.688,-56.609,481.5
-3.117,105.111,5.6
-13.690,-56.619,55.2
-3.144,105.084,42.9
-14.950,-65.868,29.7
-3.145,105.092,22.4
-13.681,-56.606,221.1
-3.282,105.271,6.2
-13.683,-56.616,233.8
-3.283,105.279,17.9
-14.953,-65.875,30.4
-3.722,105.441,24.2
-14.438,-62.350,16.3
-3.724,105.450,137.8
-14.429,-62.363,117.9
-3.725,105.459,89.4
-14.431,-62.368,48.4
-3.726,105.468,15.0
-14.419,-62.358,20.8
-3.732,105.449,36.7
-14.669,-64.618,13.9
-3.734,105.458,50.7
-14.552,-63.777,12.5
-3.735,105.466,53.0
-14.655,-64.602,12.6
-3.736,105.475,37.0
-14.861,-67.128,39.3
-3.747,105.546,8.7
-14.837,-67.047,34.5
-3.759,105.547,10.2
-14.860,-67.132,45.7
-3.760,105.556,22.1
-14.836,-67.052,120.7
-3.762,105.565,65.3
-12.604,-51.961,52.6
-3.763,105.574,21.8
-14.464,-64.346,16.1
-3.769,105.555,18.6
-14.601,-65.890,398.9
-3.771,105.564,49.5
-14.603,-65.913,26.6
-3.772,105.573,14.3
-14.601,-65.875,130.7
-3.779,105.562,9.8
-14.604,-65.897,291.5
-3.781,105.571,8.2
-12.178,-50.372,111.6
-6.096,105.425,7.7
-12.814,-54.009,34.2
-6.105,105.424,8.4
-14.512,-65.798,170.4
-12.803,-54.011,35.4
-14.484,-65.673,79.8
-14.486,-65.694,33.6
-12.184,-50.375,82.0
-12.807,-54.016,33.5
-14.512,-65.782,22.3
-14.515,-65.803,209.9
-14.486,-65.677,103.3
-12.786,-54.036,18.3
-14.518,-67.306,66.3
-14.514,-67.283,25.6
-14.518,-67.311,48.5
-11.920,-50.631,62.1
-11.922,-50.638,67.3
-13.629,-61.971,9.6
-13.631,-61.982,52.3
-13.478,-61.224,6.9
-11.741,-50.654,74.2
-11.779,-51.043,60.0
-12.257,-53.995,19.1
-13.590,-65.720,17.1
-13.590,-66.481,29.6
-13.327,-64.678,16.3
-13.116,-63.162,8.4
-13.315,-64.679,22.8
-12.900,-61.716,10.1
-13.153,-63.776,54.5
-13.155,-63.790,36.3
-13.151,-63.781,45.9
-11.746,-54.520,18.1
-13.175,-64.389,62.0
-12.151,-57.238,31.5
-12.152,-57.248,12.5
-12.142,-57.240,44.5
-12.143,-57.250,16.5
-12.121,-57.170,11.0
-12.112,-57.172,8.2
-11.051,-51.346,165.9
-11.052,-51.351,133.9
-13.314,-66.757,59.8
-13.317,-66.782,37.1
-13.290,-66.911,164.8
-13.276,-66.913,41.2
-13.279,-66.938,19.0
-11.987,-57.610,9.3
-13.282,-66.894,37.6
-13.285,-66.919,122.6
-13.271,-66.921,34.1
-12.837,-63.829,22.2
-11.992,-58.070,11.1
-13.287,-68.050,23.4
-13.261,-67.960,61.1
-13.246,-67.962,38.5
-12.141,-60.768,9.7
-12.142,-60.778,13.1
-12.148,-61.145,17.0
-12.138,-61.143,65.8
-11.024,-54.145,24.2
-11.012,-54.147,15.0
-10.860,-54.075,13.9
-10.596,-52.546,42.7
-10.853,-54.083,16.3
-10.124,-50.210,66.1
-10.118,-50.216,45.6
-9.991,-50.166,294.1
-10.011,-50.133,167.5
-9.994,-50.136,99.5
-10.001,-50.172,224.6
-10.617,-53.994,36.4
-12.803,-69.814,47.8
-12.738,-69.376,84.0
-12.742,-69.415,45.8
-12.802,-69.818,50.4
-12.734,-69.382,92.4
-12.162,-64.979,27.8
-12.368,-66.601,54.7
-12.371,-66.624,141.5
-12.667,-69.710,40.8
-10.829,-57.192,60.9
-10.821,-57.204,36.3
-10.825,-57.225,47.8
-10.815,-57.201,17.0
-10.806,-57.203,25.2
-11.010,-58.669,30.8
-10.344,-55.060,31.5
-11.788,-65.298,36.1
-11.792,-65.286,29.7
-11.795,-65.304,31.5
-10.677,-57.635,6.3
-11.091,-60.720,8.5
-11.867,-66.540,8.8
-10.545,-57.433,8.9
-10.547,-57.443,31.5
-10.548,-57.453,9.2
-12.092,-69.115,47.8
-11.543,-66.578,18.1
-10.828,-61.402,15.8
-10.829,-61.412,116.1
-10.820,-61.413,12.9
-10.822,-61.423,20.6
-10.823,-61.432,12.4
-10.255,-57.726,11.0
-10.257,-57.736,12.1
-10.202,-57.606,7.5
-10.204,-57.617,19.2
-10.647,-61.743,18.4
45.756,115.730,15.4
-10.455,-61.307,7.8
-10.405,-61.021,48.2
40.111,118.737,8.7
-10.406,-61.030,15.9
-10.069,-59.416,8.8
-9.776,-58.754,8.4
-9.935,-60.713,17.7
-9.937,-60.722,16.4
-9.697,-59.215,15.7
-10.448,-64.508,8.3
-10.177,-63.056,18.8
-10.034,-62.454,13.1
-10.294,-64.463,13.7
-10.291,-64.454,21.3
-10.559,-68.560,75.8
-9.644,-61.829,7.0
-10.561,-68.567,106.2
-9.615,-61.823,6.6
-9.606,-61.825,8.0
-9.257,-60.931,8.2
-9.193,-60.627,8.2
-9.186,-60.765,22.5
-9.187,-60.774,14.5
-8.256,-54.791,11.7
-9.178,-60.775,11.1
-9.171,-60.785,21.9
-9.119,-60.946,7.0
-9.167,-61.403,48.4
-9.168,-61.412,51.9
-9.091,-61.382,39.0
-9.091,-61.448,44.6
-9.081,-61.440,39.0
-9.072,-61.442,6.5
-8.931,-61.494,10.9
-9.352,-67.525,46.1
-9.343,-67.508,98.4
-9.289,-67.638,20.9
-9.292,-67.663,22.3
-9.227,-67.597,60.9
-9.222,-67.603,21.9
-9.175,-67.683,21.1
-9.170,-67.690,20.0
-8.038,-61.318,14.0
-7.064,-55.487,40.9
-7.878,-61.179,73.5
-7.879,-61.188,221.4
-7.869,-61.181,93.8
-7.871,-61.190,534.1
-7.872,-61.199,86.4
-7.889,-61.315,5.7
-7.890,-61.324,79.9
-7.891,-61.333,8.2
-7.860,-61.182,53.8
-7.862,-61.191,159.4
-7.788,-61.071,18.0
-7.790,-61.080,28.7
-7.791,-61.089,18.9
-7.792,-61.098,17.1
-7.782,-61.090,8.9
-7.789,-61.135,9.3
-7.790,-61.144,4.9
-7.772,-61.083,15.8
-7.772,-61.146,7.4
-8.543,-66.722,26.3
-7.781,-61.392,107.3
-7.782,-61.401,120.2
-7.772,-61.393,8.7
-7.774,-61.402,44.1
-7.775,-61.411,4.6
-7.731,-61.234,23.3
-7.732,-61.243,54.6
-7.734,-61.252,105.7
-7.719,-61.234,16.7
-7.721,-61.243,23.9
-7.722,-61.251,20.9
-7.710,-61.235,9.2
-6.669,-55.096,22.9
-6.682,-55.331,26.4
-6.684,-55.347,82.5
-7.560,-61.327,9.3
-7.561,-61.336,15.6
-7.564,-61.354,37.9
-7.565,-61.363,41.2
-7.582,-61.480,17.1
-7.583,-61.489,26.1
-7.898,-63.731,13.5
-7.545,-61.308,6.0
-7.547,-61.317,6.4
-7.568,-61.461,13.6
-7.569,-61.470,43.0
-7.896,-63.726,8.5
-7.559,-61.462,17.6
-7.560,-61.471,33.6
-7.389,-60.609,9.6
-7.380,-60.611,6.4
-7.368,-60.586,15.6
-7.423,-61.736,7.3
-7.461,-62.314,9.3
-7.352,-62.257,6.2
-8.375,-70.306,68.1
-8.380,-70.345,93.6
-8.371,-70.315,112.2
-6.736,-59.441,16.7
-6.674,-60.023,7.0
-6.675,-60.032,7.6
-6.654,-59.944,21.7
-7.076,-63.050,7.1
-7.054,-62.959,8.2
-6.217,-57.676,41.3
-6.219,-57.688,10.7
-7.001,-62.973,25.3
-6.992,-62.974,13.2
-6.170,-57.701,52.3
-6.099,-57.631,68.6
-6.091,-57.799,37.7
-6.093,-57.810,30.4
-6.083,-57.812,32.7
-6.066,-57.826,33.4
-6.022,-57.673,24.1
-6.024,-57.685,18.0
-5.984,-57.697,11.7
-5.378,-56.062,10.8
-5.336,-56.013,60.1
-6.249,-62.424,13.2
-5.171,-55.999,109.9
-5.174,-56.014,113.0
-5.172,-55.990,19.5
-5.174,-56.005,123.7
-5.176,-56.019,45.9
-6.034,-62.532,9.8
-3.837,-55.779,24.5
-3.976,-59.347,26.7
-3.965,-59.339,6.5
-3.967,-59.348,13.3
-3.968,-59.358,6.1
-3.947,-59.649,14.7
-3.948,-59.658,9.0
-3.082,-54.396,19.8
-3.017,-54.204,30.1
-2.982,-54.161,30.4
-2.913,-54.132,136.0
-3.747,-59.615,12.1
-3.194,-57.836,8.3
-2.931,-56.571,21.1
-2.933,-56.586,21.1
-3.046,-57.473,49.3
-3.041,-57.513,28.0
-3.031,-57.514,14.5
-3.234,-58.913,9.6
-3.236,-58.923,11.9
-3.079,-58.024,27.3
-3.076,-58.409,33.5
-3.106,-58.671,10.3
-2.948,-57.769,24.1
-2.662,-56.537,14.4
-2.793,-57.697,65.6
-2.959,-59.156,14.6
32.532,-81.369,59.7
-2.619,-57.698,42.7
32.538,-81.374,82.2
-2.621,-57.710,10.7
34.650,-77.251,9.4
34.646,-77.272,79.7
-2.573,-57.536,105.1
34.656,-77.260,11.6
-2.575,-57.549,20.5
18.594,-68.985,9.3
34.651,-77.281,30.9
18.618,-69.283,12.5
-1.867,-58.430,23.3
35.372,-77.396,51.0
35.367,-77.416,36.7
-1.869,-58.442,27.1
35.374,-77.425,29.5
-1.124,-57.274,49.0
41.451,-81.689,17.0
0.995,-59.468,9.3
41.454,-81.668,15.4
1.923,-55.642,89.1
44.242,-84.421,10.9
2.113,-60.099,10.8
2.329,-59.679,15.9
2.328,-59.690,15.6
2.444,-59.856,25.5
2.443,-59.867,8.7
2.517,-59.516,10.0
2.536,-59.733,6.2
2.637,-60.171,14.6
2.645,-60.182,34.2
2.957,-61.659,9.4
3.188,-60.694,11.0
3.197,-60.696,14.8
3.450,-59.585,11.2
3.495,-59.414,12.1
3.524,-59.706,10.6
3.938,-58.406,24.3
3.936,-58.420,60.1
3.898,-58.957,25.6
3.896,-58.970,18.2
3.717,-60.496,9.9
3.777,-60.311,10.9
3.933,-59.497,6.1
3.854,-60.116,7.7
4.389,-60.178,9.5
4.325,-60.824,12.5
4.253,-61.890,4.4
4.813,-60.775,32.6
4.808,-61.114,6.3
6.270,-57.624,107.0
6.268,-57.642,62.7
6.282,-57.626,13.2
6.275,-57.632,178.4
6.345,-57.838,12.7
6.623,-61.599,5.7
6.662,-61.651,6.3
6.943,-61.621,64.8
6.941,-61.631,5.6
7.044,-62.454,6.0
7.152,-61.773,5.0
7.487,-62.080,4.9
7.513,-61.964,10.3
7.501,-62.050,11.6
7.698,-62.350,11.2
7.315,-65.078,36.6
7.599,-63.601,7.5
7.763,-63.110,14.3
7.762,-63.119,32.9
8.141,-61.837,9.5
8.017,-62.957,10.4
8.320,-63.480,8.0
8.483,-63.185,10.9
8.643,-62.772,7.0
8.473,-64.125,10.6
8.681,-63.154,14.2
8.725,-62.912,6.6
8.555,-64.135,12.5
8.924,-62.434,6.5
8.775,-63.471,9.4
8.914,-62.821,6.4
8.923,-62.823,23.7
8.795,-64.450,13.3
8.807,-64.425,6.5
9.638,-63.564,31.5
9.646,-63.566,20.3
9.645,-63.575,21.3
9.646,-63.629,57.2
10.051,-64.852,9.6
10.050,-64.861,16.9
16.260,-90.376,7.8
17.873,-92.492,12.9
17.892,-92.486,11.9
52.300,-82.265,8.5
17.891,-92.496,15.9
17.840,-93.113,52.7
52.299,-82.269,16.8
17.839,-93.124,55.8
17.911,-93.525,17.6
18.005,-93.457,8.3
18.749,-89.048,12.1
18.748,-89.058,9.7
18.202,-94.010,23.7
18.644,-92.171,7.3
18.630,-92.512,6.0
43.045,-5.697,102.7
21.210,-97.494,17.8
29.635,-92.368,15.1
29.634,-92.378,12.5
29.793,-92.159,7.0
30.443,-89.313,149.0
30.442,-89.328,80.6
30.454,-89.315,76.0
30.452,-89.330,42.2
30.486,-91.243,7.4
30.495,-91.244,5.6
31.079,-89.981,7.5
30.905,-91.838,11.7
31.256,-89.234,9.1
31.254,-89.249,18.2
30.974,-92.148,22.3
30.973,-92.158,5.3
31.546,-89.089,11.1
31.112,-93.046,8.4
31.348,-93.252,5.8
32.090,-88.592,9.9
31.892,-90.949,7.2
32.095,-91.610,7.0
32.385,-89.485,23.2
32.435,-89.524,54.7
31.595,-95.906,11.8
31.594,-95.916,22.5
32.409,-90.385,8.4
31.359,-97.928,9.7
33.728,-87.137,15.5
33.711,-89.464,20.7
33.710,-89.480,27.8
35.541,-96.097,55.4
35.539,-96.108,68.1
35.549,-96.099,13.3
35.548,-96.110,61.3
36.579,-89.675,13.2
36.519,-90.283,10.2
36.536,-90.218,72.2
36.530,-97.299,17.3
38.689,-90.143,10.2
23.695,87.125,5.0
23.808,86.335,5.2
23.668,87.163,4.4
23.768,86.399,6.5
23.766,86.409,7.9
23.565,87.237,6.6
23.685,86.397,7.2
23.687,86.087,5.1
22.381,87.285,5.0
46.327,81.002,64.0
22.369,87.303,5.0
21.767,84.024,8.9
43.680,95.026,7.9
20.972,85.175,7.5
20.971,85.184,4.8
20.891,84.983,5.2
20.870,84.998,4.0
20.801,85.258,5.1
20.793,85.257,8.8
20.791,85.266,4.4
37.608,-119.600,22.5
59.804,109.435,33.5
47.666,-99.248,11.4
47.664,-99.261,21.2
48.512,-101.819,9.4
51.052,-100.426,10.6
51.050,-100.439,23.1
50.798,-105.771,5.2
52.828,-101.797,69.5
52.826,-101.811,12.2
54.041,-102.450,5.5
55.796,-105.437,6.1
55.857,-105.858,40.2
-11.817,142.671,5.6
-11.825,142.664,6.8
-12.069,142.645,6.8
-12.594,142.055,7.4
-4.148,144.435,9.6
-3.930,137.657,11.2
-12.135,134.636,71.5
-3.967,135.605,12.3
-12.137,134.649,14.3
-12.137,134.628,25.5
-5.443,143.519,5.8
-12.140,134.642,38.9
-5.444,143.531,20.1
-13.449,143.097,50.8
-6.268,145.575,15.0
-13.450,143.110,45.8
-5.959,138.502,8.9
-13.461,143.109,59.3
-5.960,138.512,6.8
-13.463,143.123,39.5
-13.635,141.825,11.5
-6.310,140.942,12.7
-12.915,136.046,54.0
-6.364,141.056,10.0
-12.917,136.057,6.6
-6.365,141.065,9.2
-12.917,136.039,23.5
-6.397,140.906,4.3
-12.919,136.050,25.7
-6.487,140.887,11.0
-12.750,131.379,32.5
-6.284,139.345,5.4
-13.065,131.354,24.9
-6.447,140.275,18.0
-13.069,131.377,27.0
-6.448,140.284,11.5
-6.448,140.221,8.6
-13.075,131.369,61.4
-6.329,139.082,4.5
-13.977,136.543,5.1
-6.646,140.708,6.6
-14.035,136.692,12.1
-6.512,139.584,6.8
-14.070,136.677,6.2
-6.662,140.634,8.8
-14.072,136.687,8.8
-6.514,139.523,5.0
-6.741,141.052,6.3
-14.073,136.697,6.4
-6.743,141.061,4.4
-14.556,133.184,11.0
-6.745,140.951,15.1
-15.098,135.551,16.5
-6.831,141.298,4.9
-6.832,141.307,4.2
-15.100,135.562,29.2
-6.818,141.078,3.4
-15.102,135.573,15.2
-6.615,139.457,8.3
-16.514,145.142,32.2
-6.600,139.294,8.2
-6.880,141.192,4.9
-16.510,145.135,26.9
-6.644,139.343,12.4
-15.434,136.175,4.9
-6.887,140.916,8.4
-15.435,136.186,5.8
-6.692,139.476,4.3
-6.691,139.348,5.0
-15.285,134.646,14.3
-6.678,139.064,7.0
-15.304,134.649,23.2
-6.906,140.654,5.3
-15.464,134.623,14.6
-6.955,141.001,7.4
-6.957,141.019,5.3
-15.519,134.575,10.3
-15.557,134.562,10.5
-6.887,140.128,5.7
-6.786,139.365,5.6
-15.502,134.159,19.2
-6.900,139.839,11.7
-15.504,134.173,20.8
-6.908,139.838,9.2
-15.530,134.264,8.2
-6.931,139.855,6.2
-15.578,134.559,8.8
-6.949,139.853,3.8
-15.576,134.283,9.1
-7.191,141.112,6.9
-7.337,141.689,9.7
-15.865,134.182,23.5
-7.210,140.656,4.3
-15.886,134.245,12.1
-7.150,140.091,4.5
-15.897,133.843,13.9
-7.298,141.141,9.9
-7.307,141.140,53.7
-16.975,135.487,15.8
-7.308,141.149,69.5
-16.968,135.378,45.6
-7.316,141.138,26.9
-16.970,135.389,76.3
-16.973,135.410,21.4
-7.317,141.148,23.4
-16.980,135.453,9.9
-7.283,140.649,10.7
-16.981,135.464,22.5
-7.672,143.379,5.1
-16.973,135.382,224.6
-7.307,140.691,12.1
-16.975,135.393,47.2
-7.308,140.700,11.3
-16.977,135.404,9.1
-7.208,139.930,3.8
-16.978,135.414,7.9
-16.985,135.457,22.0
-7.313,140.672,5.7
-16.987,135.468,7.7
-7.441,141.573,11.0
-16.983,135.380,42.0
-7.442,141.582,52.8
-16.984,135.391,21.1
-7.169,139.459,36.7
-7.175,139.440,5.7
-16.986,135.402,22.5
-7.177,139.449,10.4
-17.071,135.293,13.7
-7.227,139.614,21.7
-17.126,135.205,15.4
-7.366,140.585,4.9
-17.131,135.209,13.8
-7.456,141.159,16.0
-7.458,141.168,11.6
-17.174,135.359,40.1
-7.424,140.599,4.4
-17.176,135.369,47.0
-7.426,140.607,22.4
-17.183,135.166,114.1
-7.444,140.741,8.8
-17.185,135.178,61.2
-7.426,140.544,4.8
-7.453,140.740,16.5
-17.193,135.233,7.4
-7.580,141.647,5.9
-17.195,135.244,19.0
-7.289,139.400,6.8
-17.191,135.154,24.6
-7.313,139.506,5.4
-7.332,139.639,4.3
-17.193,135.165,184.1
-7.556,141.214,10.9
-17.194,135.176,13.4
-7.558,141.223,9.9
-7.332,139.575,26.9
-17.199,135.141,138.6
-7.334,139.584,9.0
-17.201,135.152,602.2
-7.465,140.503,9.7
-7.250,138.873,6.5
-17.202,135.163,49.1
-7.491,140.483,16.6
-17.204,135.174,209.8
-7.284,138.915,4.6
-7.294,138.923,5.7
-17.206,135.185,32.0
-7.565,140.287,14.0
-7.566,140.296,9.9
-17.209,135.139,166.6
-7.431,139.230,15.7
-7.473,139.461,12.2
-17.210,135.151,984.5
-7.475,139.470,54.6
-17.212,135.162,229.1
-7.449,139.228,13.4
-17.214,135.173,118.3
-7.450,139.237,35.2
-17.213,135.144,108.7
-7.975,142.976,8.9
-17.214,135.155,352.3
-7.977,142.987,8.8
-17.216,135.166,158.5
-17.224,135.153,345.3
-7.653,140.591,8.6
-17.232,135.140,72.1
-7.496,139.104,6.1
-17.234,135.151,79.6
-17.257,135.113,25.1
-7.774,140.989,6.4
-17.267,135.112,52.2
-7.842,141.477,11.0
-17.269,135.123,13.8
-7.577,139.540,15.6
-16.526,130.229,25.2
-16.550,130.199,64.5
-7.578,139.549,5.9
-16.555,130.145,54.6
-7.621,139.723,11.2
-16.559,130.170,157.3
-7.623,139.732,6.2
-16.569,130.142,120.5
-7.873,141.502,9.3
-16.573,130.167,66.2
-7.880,141.482,16.4
-16.554,130.191,125.3
-7.881,141.491,19.8
-16.563,130.162,196.7
-7.726,140.063,11.0
-16.572,130.134,42.4
-7.664,139.503,4.8
-16.533,129.841,88.5
-7.779,140.244,10.3
-16.538,129.868,40.1
-7.780,140.253,6.6
-16.543,129.895,67.0
-7.590,138.806,4.6
-16.586,130.132,247.8
-16.596,130.103,142.4
-7.716,139.677,7.7
-16.600,130.129,438.5
-16.605,130.075,32.4
-7.871,140.703,10.8
-16.610,130.101,55.3
-7.873,140.712,17.0
-16.610,130.020,242.5
-16.619,130.072,356.4
-7.793,140.011,3.9
-16.624,130.098,95.7
-7.797,140.037,5.7
-16.596,129.857,64.2
-7.880,140.622,5.9
-16.620,129.991,666.2
-16.624,130.017,935.2
-7.687,139.212,5.5
-16.629,129.962,274.5
-7.940,140.732,8.0
-16.634,129.988,359.6
-7.942,140.741,21.9
-16.638,130.015,41.5
-7.934,140.560,50.1
-16.609,130.068,73.2
-7.900,140.179,4.0
-16.614,130.094,83.6
-7.909,140.178,4.4
-16.613,130.014,529.8
-16.618,130.039,92.4
-8.798,146.776,15.9
-16.623,130.065,181.1
-8.812,146.774,38.4
-16.628,130.091,132.9
-7.975,140.385,7.5
-16.598,129.851,36.2
-16.623,129.985,564.2
-7.976,140.331,5.0
-16.628,130.011,860.8
-16.632,129.955,100.7
-7.977,140.340,6.5
-16.637,129.982,147.4
-19.671,147.253,149.8
-8.000,140.499,5.8
-18.726,138.365,5.2
-18.737,138.373,19.6
-7.985,140.329,18.1
-18.759,138.466,9.9
-7.986,140.338,22.0
-18.760,138.475,4.3
-18.766,138.455,18.3
-7.809,138.905,5.7
-18.767,138.464,19.3
-20.527,129.570,49.8
-8.135,141.128,17.7
-20.520,129.565,25.3
-20.524,129.588,26.8
-8.136,141.137,13.0
-20.533,129.562,25.9
-20.751,127.503,83.8
-7.918,139.530,5.7
-20.757,127.536,99.9
-7.837,138.910,29.8
-20.760,127.495,70.5
-20.767,127.528,150.4
-7.838,138.919,4.1
-20.791,127.488,26.6
-22.204,132.005,17.2
-8.015,140.147,6.4
-22.207,132.021,9.8
-22.223,132.048,10.8
-8.195,141.433,10.6
-22.146,131.535,19.7
-8.103,140.707,9.3
-22.562,131.265,13.4
-22.565,131.282,21.9
-8.162,141.125,9.0
-22.568,131.298,22.5
-23.635,134.589,18.5
-8.169,141.114,7.5
-23.645,134.588,11.2
-8.222,141.487,7.5
-8.220,141.410,6.0
-8.299,141.981,8.3
-8.234,141.447,6.8
-7.948,139.363,6.8
-7.949,139.372,13.0
-8.000,139.726,4.8
-8.001,139.735,6.3
-7.958,139.370,23.0
-8.262,141.511,12.3
-8.133,140.523,5.4
-8.198,140.983,8.5
-8.199,140.992,6.5
-8.121,140.307,21.4
-8.126,140.342,5.8
-8.242,141.173,37.4
-8.244,141.182,11.7
-8.127,140.288,22.8
-8.129,140.297,16.4
-8.130,140.306,14.2
-8.268,141.293,12.4
-8.270,141.302,6.5
-8.193,140.433,5.2
-8.225,140.656,8.9
-8.226,140.665,10.0
-8.313,141.148,12.3
-8.314,141.157,5.9
-8.315,141.166,4.9
-8.067,139.351,6.0
-8.272,140.662,6.1
-8.105,139.364,4.9
-8.107,139.373,4.2
-8.131,139.352,4.9
-8.599,142.681,7.0
-8.601,142.692,10.8
-8.295,140.440,13.6
-8.429,141.325,8.2
-8.322,140.357,10.6
-8.372,140.715,4.0
-8.329,140.347,17.0
-8.398,140.376,5.3
-8.790,141.877,7.8
-8.861,142.262,8.2
-8.698,140.939,4.0
-8.699,140.948,8.0
-9.797,149.297,58.6
-9.813,149.294,74.0
-9.802,149.289,70.7
-9.819,149.287,54.3
-8.817,141.001,6.0
-9.042,142.026,5.2
-9.101,141.991,10.7
-8.961,140.837,6.9
-8.962,140.846,6.7
45.554,-121.224,12.6
45.552,-121.237,84.1
-4.461,-44.622,8.6
-13.184,49.112,8.3
-3.941,-42.558,103.1
-13.489,49.463,8.4
-3.949,-42.563,19.6
-15.781,48.396,17.7
-3.932,-42.542,23.6
-16.009,48.653,8.7
-3.935,-42.565,57.0
25.175,52.889,39.9
-16.230,47.905,26.8
-4.418,-46.295,7.5
25.177,52.882,46.5
-4.789,-49.107,4.7
25.162,52.880,40.4
24.860,53.715,57.1
-4.790,-49.116,36.3
-3.973,-44.511,14.8
24.840,53.631,34.8
-3.817,-44.085,29.9
24.854,53.710,43.2
-3.820,-44.102,46.0
24.845,53.515,42.3
-3.805,-44.086,13.0
24.834,53.625,42.7
18.076,54.559,19.7
-3.808,-44.104,31.6
-3.796,-44.106,25.5
59.893,71.738,10.8
-3.814,-44.092,53.3
57.426,78.703,14.9
-3.816,-44.110,12.3
51.878,54.754,86.5
-3.802,-44.093,28.2
50.067,73.061,16.3
-3.804,-44.111,26.4
50.064,73.075,16.1
-4.057,-47.496,13.7
46.830,74.934,28.0
-4.059,-47.507,16.8
46.827,74.925,15.7
-4.313,-50.402,10.8
48.326,57.426,42.9
-3.973,-48.007,14.2
-3.369,-44.367,13.9
-3.988,-49.042,4.6
-3.989,-49.051,4.8
-4.254,-51.047,5.8
-4.256,-51.056,4.5
-3.989,-50.519,6.2
-3.990,-50.528,16.7
-3.420,-48.338,66.4
-3.421,-48.347,10.1
-3.865,-52.260,11.7
-3.700,-51.373,14.9
-3.519,-50.319,6.8
-4.044,-54.219,42.0
-4.046,-54.233,16.9
-3.509,-50.311,6.4
-3.510,-50.320,15.4
-3.377,-49.566,5.1
-3.423,-50.419,7.9
-3.424,-50.427,5.1
-3.363,-50.460,6.8
-3.364,-50.469,20.3
-3.354,-50.461,9.0
-3.355,-50.470,31.5
-3.296,-50.314,5.6
-3.240,-50.579,6.2
-3.231,-50.580,7.0
-3.950,-56.099,37.7
-2.992,-49.103,5.9
-2.933,-48.748,8.6
-2.935,-48.758,6.2
-3.713,-54.662,8.6
-3.211,-51.034,64.7
-3.212,-51.043,28.0
-3.202,-51.035,95.7
-3.203,-51.044,39.6
-3.193,-51.036,4.0
-2.871,-49.632,35.1
-2.873,-49.640,9.5
-2.863,-49.633,10.9
-2.864,-49.642,4.1
-2.776,-49.479,20.5
-2.778,-49.488,32.5
-2.767,-49.481,63.1
-2.769,-49.489,77.4
-3.031,-51.470,6.0
-2.737,-49.458,5.8
-2.738,-49.467,15.5
-3.230,-54.315,17.9
-3.232,-54.328,9.3
-3.219,-54.317,8.2
-3.221,-54.330,11.7
-3.149,-54.077,57.0
-3.151,-54.090,76.0
-3.153,-54.103,25.6
-2.445,-49.216,5.3
-2.446,-49.225,15.3
-2.298,-48.757,8.7
-2.289,-48.758,12.4
-2.280,-48.760,5.8
-2.282,-48.769,8.7
-3.021,-54.206,7.2
-3.010,-54.208,20.6
-3.012,-54.221,33.7
-2.662,-51.732,12.6
-2.663,-51.741,17.6
-3.006,-54.215,23.4
-3.001,-54.748,48.5
-3.003,-54.762,8.9
-2.918,-54.200,10.7
-2.990,-54.749,37.3
-2.987,-54.741,11.1
-2.989,-54.755,17.1
-2.734,-54.198,13.1
-2.723,-54.200,41.9
-2.727,-54.191,15.0
-2.729,-54.204,47.1
-2.267,-52.013,5.8
-2.268,-52.022,6.8
-1.925,-52.143,15.5
-2.052,-56.868,23.0
-1.740,-57.184,22.6
-1.744,-57.190,15.6
-1.231,-54.096,22.5
-1.232,-54.108,11.7
-0.534,-49.193,10.8
-0.460,-52.069,8.8
-0.461,-52.078,7.5
-0.436,-52.034,4.2
-1.127,-57.288,19.5
0.073,-51.143,8.1
1.263,-50.674,20.1
1.262,-50.683,17.6
1.261,-50.691,4.7
1.736,-50.851,9.8
1.765,-50.837,7.5
1.764,-50.846,7.8
1.662,-55.921,9.3
1.671,-55.937,14.4
1.680,-55.954,8.6
2.385,-51.019,5.0
1.863,-55.961,7.0
1.861,-55.976,26.7
1.874,-55.963,7.3
1.957,-56.027,8.0
3.937,-58.421,17.0
4.950,-55.392,10.5
5.180,-54.276,22.8
5.178,-54.286,21.9
5.195,-54.273,49.5
5.193,-54.283,7.0
5.206,-54.264,10.7
5.204,-54.275,74.4
5.366,-54.056,6.3
5.535,-53.830,5.4
5.159,-58.990,19.5
6.948,-61.640,28.0
2.429,117.823,17.8
2.066,117.338,12.8
2.065,117.347,4.3
1.962,117.611,3.9
1.953,117.610,6.2
0.221,116.810,64.8
0.220,116.819,55.1
0.212,116.809,20.3
0.211,116.818,64.2
0.210,116.827,46.8
0.201,116.825,47.4
0.200,116.834,59.7
0.191,116.833,62.5
0.182,116.832,15.3
0.200,116.623,11.9
0.170,116.833,26.4
0.150,116.661,4.1
0.149,116.670,6.0
0.038,116.799,35.6
0.037,116.808,66.5
0.029,116.798,6.8
-0.051,116.382,7.8
-0.060,116.380,6.6
-0.255,116.395,5.2
-1.384,121.200,12.7
-1.754,116.232,4.3
-1.895,115.867,22.1
-2.238,114.651,13.9
-2.320,114.207,27.4
-2.327,114.186,16.2
-2.382,114.500,5.6
-2.559,114.313,27.0
-2.560,114.323,40.6
-2.617,114.279,6.4
-2.619,114.289,6.1
-2.543,113.360,6.8
-2.695,114.312,7.3
-3.510,119.864,9.0
-2.737,114.205,18.9
-2.762,114.073,6.4
-2.942,115.240,7.2
-2.968,115.420,9.9
-2.917,114.688,12.4
-2.919,114.697,22.7
-2.910,114.517,33.8
-2.912,114.527,53.7
-2.913,114.536,13.0
-2.922,114.535,10.0
-2.941,114.532,7.9
-3.183,115.505,4.8
-3.204,115.530,16.0
-2.908,113.329,20.0
-2.828,112.699,10.0
-2.966,113.165,18.3
-3.086,113.998,8.5
-3.087,114.008,6.8
-2.974,113.152,59.3
-2.976,113.164,10.4
-3.208,114.209,5.9
-3.119,112.051,7.0
-3.745,116.150,11.0
-28.611,118.925,10.9
-3.202,111.992,15.7
-6.533,111.016,22.2
-28.756,119.007,13.8
-6.534,111.010,13.3
-28.770,119.006,13.6
-7.310,112.466,7.4
-31.906,115.811,5.4
-7.313,112.471,7.8
-7.693,114.080,10.9
-7.322,111.363,8.6
-7.702,113.826,7.3
-7.667,112.912,8.3
-7.872,113.919,4.5
-8.266,116.475,7.3
-7.978,114.201,6.0
-8.011,114.243,18.7
-8.070,114.200,91.8
-8.071,114.209,22.6
-8.079,114.199,11.3
-8.497,116.877,9.0
-7.913,112.645,8.1
-8.115,112.927,35.6
-8.032,111.872,7.0
66.960,75.544,0.0
66.112,77.068,10.0
42.318,125.257,5.2
41.388,123.272,6.7
41.277,123.742,4.5
41.172,122.943,7.3
41.146,122.976,5.2
40.671,122.389,6.8
40.669,122.404,5.8
39.447,126.027,4.5
14.696,122.406,9.3
12.930,123.758,10.2
10.593,122.956,9.0
10.591,122.969,8.0
-15.775,28.856,5.8
-15.945,29.958,3.7
-2.965,37.268,38.6
-15.957,29.977,17.4
-15.958,29.987,6.8
-2.968,37.286,30.6
-15.966,29.976,52.1
-2.975,37.246,271.2
-15.967,29.986,13.1
-2.978,37.264,78.6
-15.969,29.996,5.6
-4.212,36.189,61.2
-4.215,36.205,33.1
-16.185,29.645,4.9
-4.224,36.187,365.1
-16.194,29.643,12.5
-4.226,36.203,281.1
-16.195,29.653,4.7
-4.229,36.220,50.0
-16.409,28.157,7.1
-4.234,36.197,18.3
-6.889,34.049,8.2
-16.886,28.636,6.9
-7.258,32.049,11.6
-16.888,28.645,15.5
-9.359,33.985,12.2
-17.691,30.269,9.4
-9.847,34.426,22.6
-17.475,27.096,8.2
-11.530,31.138,8.7
-17.489,26.066,6.4
-11.538,31.141,7.8
-11.739,28.518,5.9
-16.980,21.644,147.5
-12.411,31.691,8.5
-16.992,21.641,109.7
-14.636,30.161,4.9
-18.504,30.332,9.4
-14.637,30.171,11.8
-18.513,30.331,7.2
-14.639,30.180,6.0
-17.430,22.146,23.6
-14.350,28.167,5.7
-14.613,28.134,6.9
-18.255,26.284,6.1
-14.304,25.707,8.1
-18.548,26.606,5.2
-14.308,25.700,7.8
-18.727,25.531,6.2
-14.702,26.690,33.5
-18.733,25.509,5.4
-14.703,26.700,7.1
-18.736,25.529,6.0
-20.006,26.237,15.5
-20.008,26.246,6.4
-20.015,26.235,16.9
-20.127,26.365,6.0
-20.376,25.765,6.0
-20.377,25.775,52.4
-20.379,25.784,27.4
-20.380,25.794,6.5
-20.384,25.763,21.1
-20.386,25.773,59.0
-20.388,25.783,16.6
-20.393,25.762,45.1
-20.399,25.741,89.0
-20.401,25.750,73.7
-20.402,25.760,13.1
-20.408,25.739,37.2
-20.410,25.749,67.0
-20.411,25.759,7.2
-20.419,25.747,11.7
-20.428,25.740,6.9
-20.437,25.738,33.6
-20.438,25.748,37.5
-21.723,27.806,4.5
-24.479,28.613,10.2
-0.086,-77.661,10.2
-24.480,28.624,12.7
-0.076,-77.662,13.6
3.794,-75.053,21.7
3.793,-75.062,5.7
-23.764,-51.920,19.2
-23.760,-51.927,29.1
-23.025,-50.179,20.7
-23.026,-50.193,17.0
-22.104,-46.812,19.8
-22.106,-46.821,7.5
-21.528,-45.109,23.1
-21.529,-45.119,5.4
28.711,-81.803,3.9
-21.519,-45.111,48.7
33.014,-79.890,10.4
-21.520,-45.121,21.8
-21.230,-44.330,6.6
33.019,-79.885,12.8
-21.393,-48.709,14.0
32.446,-89.519,17.8
-21.199,-48.273,6.5
34.642,-87.085,6.1
-21.136,-48.581,5.8
7.911,33.064,3.9
-21.138,-48.591,10.9
-20.054,-41.410,50.7
3.845,33.814,8.2
-20.052,-41.399,24.4
-20.055,-41.415,28.1
2.185,36.836,15.1
-20.176,-48.590,10.5
-18.677,-41.468,49.1
-18.677,-41.458,25.5
-18.679,-41.474,25.5
-18.760,-44.408,13.6
-18.553,-43.588,7.6
-18.688,-44.609,5.3
-18.119,-44.375,21.4
-18.109,-44.377,5.8
-18.100,-44.379,27.4
-18.101,-44.390,6.1
-17.834,-44.388,7.4
-17.835,-44.399,45.7
-17.826,-44.400,4.0
-17.252,-42.829,10.1
-17.248,-42.836,13.7
-16.388,-42.562,27.5
-16.390,-42.577,19.0
-16.354,-42.574,33.2
-16.631,-48.478,6.6
-15.304,-42.783,8.7
-15.291,-42.771,37.6
-15.294,-42.786,41.3
-15.301,-42.775,11.7
-15.291,-42.778,57.0
-15.293,-42.791,12.4
-15.936,-47.824,4.8
-15.576,-45.969,5.4
-15.158,-43.596,33.7
-15.161,-43.609,30.4
-15.150,-43.611,42.2
-15.152,-43.624,32.0
-15.152,-43.604,33.9
-15.154,-43.617,39.0
-15.144,-43.618,25.1
-15.146,-43.631,22.8
-15.134,-43.620,16.7
-15.686,-48.217,11.9
-15.687,-48.226,7.5
-15.562,-47.913,8.2
-15.226,-46.360,8.5
-15.168,-46.146,7.7
-15.169,-46.156,8.7
-15.414,-47.904,21.7
-15.415,-47.913,28.1
-15.417,-47.922,33.8
-15.418,-47.931,6.5
-15.281,-47.685,11.5
-15.199,-48.438,6.9
-15.189,-48.430,11.0
-15.191,-48.439,9.4
-14.798,-45.953,10.2
-14.800,-45.963,15.3
-14.734,-45.578,12.3
-14.789,-45.954,11.7
-14.723,-45.569,12.1
-14.725,-45.579,15.6
-14.715,-45.581,12.3
-14.398,-44.784,8.9
-14.170,-44.356,8.3
-14.172,-44.368,74.2
-14.162,-44.369,27.1
-14.161,-44.364,28.4
-14.163,-44.376,15.6
-14.823,-49.278,95.5
-14.825,-49.287,19.2
-14.529,-48.315,8.9
-14.519,-48.308,4.5
-14.521,-48.317,8.7
-13.644,-45.563,8.5
-13.368,-44.018,11.5
-13.372,-44.024,11.1
-13.922,-47.849,11.2
-13.923,-47.858,9.2
-13.392,-44.366,9.3
-13.575,-46.357,6.2
-13.566,-46.358,12.4
-13.567,-46.368,24.8
-13.558,-46.369,4.8
-14.487,-53.638,15.8
-13.458,-46.313,5.4
-13.459,-46.322,13.9
-13.449,-46.314,5.5
-13.723,-48.815,5.7
-13.715,-48.825,6.2
-13.705,-48.817,5.9
-13.695,-48.809,15.2
-13.696,-48.819,30.8
-13.694,-49.226,7.8
-13.335,-46.807,7.5
-13.463,-48.599,7.4
-13.454,-48.600,5.3
-12.873,-44.792,14.8
-12.874,-44.803,9.0
-12.864,-44.805,7.4
-13.980,-54.001,23.9
-13.968,-54.002,16.5
-13.979,-54.008,13.0
-13.099,-47.420,8.4
-13.205,-48.325,14.7
-12.680,-45.016,17.9
-12.682,-45.028,36.3
-13.152,-48.541,9.7
-13.065,-48.914,11.6
-12.739,-47.294,12.6
-12.741,-47.303,13.3
-12.731,-47.295,5.7
-12.710,-47.280,23.1
-12.712,-47.289,25.2
-12.690,-47.329,5.8
-12.635,-47.269,7.9
-12.636,-47.278,8.5
-12.639,-47.296,8.4
-12.645,-47.342,4.8
-12.626,-47.270,9.6
-12.627,-47.279,51.3
-12.628,-47.288,10.3
-12.310,-46.410,22.7
-12.312,-46.419,10.9
-12.108,-45.224,7.0
-12.109,-45.235,17.7
-11.671,-43.508,10.7
-11.673,-43.523,18.1
-11.662,-43.524,15.5
-11.635,-43.498,26.7
-11.633,-43.490,15.2
-11.635,-43.505,15.3
-11.714,-44.520,8.7
-11.703,-44.522,13.1
-11.705,-44.534,97.3
-11.707,-44.547,78.5
-11.693,-44.524,13.0
-11.695,-44.536,19.4
-11.697,-44.548,27.9
-11.699,-44.561,20.2
-11.697,-44.529,31.0
-11.698,-44.541,69.5
-11.700,-44.554,31.8
-11.686,-44.530,15.9
-11.688,-44.543,20.3
-11.595,-44.135,12.0
-11.597,-44.149,10.1
-12.596,-51.962,11.8
-11.376,-43.391,18.3
-11.378,-43.406,24.8
-11.381,-43.421,168.9
-11.383,-43.436,108.8
-11.367,-43.408,17.8
-11.370,-43.423,36.8
-11.356,-43.410,10.1
-12.307,-50.279,6.3
-11.273,-43.537,14.9
-11.273,-43.543,13.7
-11.446,-44.912,29.7
-11.447,-44.924,175.4
-11.449,-44.936,142.9
-11.437,-44.926,47.9
-11.439,-44.937,21.1
-12.200,-50.383,39.5
-12.201,-50.393,20.6
-12.189,-50.374,17.4
-12.191,-50.384,17.6
-12.185,-50.416,5.8
-11.413,-44.966,8.5
-12.159,-50.357,18.5
-12.148,-50.348,16.2
-12.149,-50.359,16.9
-12.143,-50.355,6.6
-11.965,-49.300,14.2
-11.220,-44.775,34.7
-11.222,-44.787,103.5
-11.206,-44.752,26.6
-11.208,-44.765,13.1
-11.210,-44.777,10.5
-11.212,-44.789,14.9
-11.201,-44.791,12.8
-11.189,-44.780,107.1
-11.191,-44.792,60.8
-11.193,-44.805,292.5
-11.195,-44.817,107.9
-11.179,-44.782,8.8
-11.183,-44.806,19.7
-11.185,-44.818,6.3
-11.180,-44.775,16.6
-11.182,-44.787,28.0
-11.184,-44.800,86.9
-11.185,-44.812,141.6
-11.478,-46.842,10.0
-11.479,-46.852,45.5
-11.470,-46.853,9.3
-11.535,-47.375,6.9
-11.171,-45.130,8.0
-11.173,-45.142,8.8
-10.947,-43.883,16.6
-10.949,-43.897,10.3
-10.945,-43.890,20.4
-10.948,-43.904,10.7
-10.879,-43.678,22.5
-10.882,-43.693,82.1
-11.737,-50.654,6.1
-11.739,-50.664,9.7
-11.778,-51.049,15.9
-11.779,-51.060,52.4
-11.775,-51.055,39.0
-11.777,-51.066,11.4
-11.237,-47.550,7.2
-11.205,-47.718,7.6
-10.707,-44.435,23.0
-10.688,-44.452,8.1
-11.175,-49.866,9.3
-10.454,-45.062,8.6
-10.459,-45.097,12.4
-11.067,-49.469,7.0
-11.068,-49.478,10.0
-11.145,-50.051,10.6
-11.146,-50.061,11.1
-11.136,-50.052,23.0
-11.137,-50.062,26.6
-11.127,-50.054,13.8
-11.128,-50.063,24.7
-10.378,-44.974,28.6
-10.379,-44.968,15.6
-10.381,-44.980,13.6
-10.948,-49.605,5.9
-10.693,-47.820,6.5
-10.116,-43.960,15.5
-11.096,-51.312,7.4
-11.098,-51.323,149.1
-11.099,-51.334,32.3
-11.100,-51.345,37.9
-11.102,-51.356,41.4
-11.103,-51.367,6.9
-11.088,-51.324,20.7
-11.089,-51.335,9.4
-11.091,-51.347,163.5
-11.092,-51.358,74.3
-11.078,-51.326,30.2
-11.079,-51.337,13.3
-11.082,-51.359,22.8
-11.075,-51.321,10.1
-11.076,-51.332,17.3
-10.914,-50.685,19.8
-10.917,-50.706,13.1
-11.334,-54.110,36.4
-10.898,-50.683,24.1
-10.900,-50.693,14.5
-11.341,-54.115,50.3
-10.889,-50.684,6.7
-10.103,-45.521,7.9
-9.974,-45.348,24.8
-9.976,-45.360,27.9
-9.977,-45.372,11.9
-9.973,-45.343,9.8
-9.975,-45.354,29.7
-9.976,-45.366,18.8
-10.603,-49.988,6.1
-9.831,-44.946,15.0
-11.040,-54.041,18.8
-9.795,-44.830,12.0
-11.046,-54.046,9.9
-9.775,-44.833,14.1
-9.818,-45.265,15.7
-10.571,-51.285,6.2
-10.140,-49.152,6.8
-10.236,-49.996,7.2
-10.224,-49.979,6.8
-10.226,-49.988,8.1
-10.227,-49.998,10.3
-10.215,-49.980,16.8
-10.216,-49.989,20.7
-10.218,-49.999,17.9
-10.206,-49.981,10.0
-10.207,-49.991,22.3
-10.209,-50.000,26.0
-10.210,-50.009,10.9
-10.198,-49.992,8.8
-10.200,-50.001,14.6
-10.201,-50.011,9.7
-9.950,-48.703,5.0
-10.114,-50.193,16.6
-9.076,-43.132,45.9
-9.083,-43.137,31.0
-9.771,-48.208,4.7
-9.773,-48.217,7.3
-9.501,-46.377,58.0
-9.503,-46.388,17.6
-9.490,-46.369,23.8
-9.492,-46.379,47.8
-9.493,-46.389,10.0
-10.014,-50.126,12.4
-9.485,-46.401,25.3
-10.005,-50.127,29.7
-10.006,-50.136,14.5
-10.020,-50.241,9.7
-9.478,-46.387,10.4
-9.479,-46.398,13.8
-9.989,-50.145,33.7
-9.990,-50.155,5.0
-9.981,-50.156,27.8
-9.743,-48.950,9.1
-9.745,-48.959,10.7
-8.961,-44.157,14.6
-8.963,-44.171,15.4
-8.960,-44.163,24.5
-9.145,-45.632,21.6
-9.147,-45.643,15.9
-9.166,-45.778,7.8
-9.442,-47.703,6.8
-9.132,-45.610,7.5
-9.815,-50.643,5.1
-9.821,-52.121,18.7
-9.823,-52.133,7.2
-8.901,-46.194,21.8
-8.897,-46.190,29.1
-8.898,-46.201,11.3
-9.140,-47.985,14.6
-7.715,-39.349,52.5
-7.709,-39.355,53.9
-9.145,-49.966,2.6
-8.530,-45.837,21.1
-8.531,-45.848,11.8
-8.520,-45.838,8.5
-9.079,-49.881,4.0
-8.734,-47.976,6.8
-8.360,-45.452,10.8
-8.362,-45.464,31.4
-8.364,-45.476,9.7
-8.246,-44.835,11.4
-8.140,-44.450,11.5
-8.242,-45.414,10.8
-8.231,-45.471,7.7
-8.232,-45.483,121.6
-8.373,-46.531,6.0
-8.371,-46.782,22.4
-8.372,-46.792,15.5
-8.669,-48.963,33.3
-8.670,-48.972,11.3
-8.638,-49.480,7.0
-8.475,-48.632,5.6
-7.888,-45.442,31.2
-7.889,-45.454,9.6
-7.342,-42.079,24.8
-7.334,-42.087,22.7
-7.716,-44.913,9.3
-7.718,-44.927,8.1
-7.634,-45.524,6.9
-6.942,-41.614,30.9
-7.047,-42.868,20.8
-6.996,-42.628,30.3
-6.998,-42.633,20.4
-7.197,-45.069,20.1
-7.199,-45.082,10.5
-7.380,-47.015,10.1
-7.382,-47.025,6.7
-6.839,-46.044,18.5
-6.674,-45.413,8.1
-6.702,-45.601,15.2
-6.667,-45.407,8.2
-6.689,-45.635,9.2
-6.691,-45.647,34.8
-6.692,-45.659,26.1
-6.677,-45.624,12.5
-6.680,-45.648,173.0
-6.682,-45.661,27.3
-6.697,-45.977,49.9
-6.698,-45.988,8.1
-6.687,-45.978,50.7
-6.688,-45.990,8.0
-6.309,-43.613,21.0
-7.827,-55.140,42.9
-7.815,-55.141,21.0
-7.715,-54.777,18.6
-7.688,-54.852,11.3
-7.683,-54.859,16.3
-6.601,-47.164,44.8
-6.351,-45.790,33.5
-6.353,-45.803,26.4
-6.352,-45.784,16.3
-6.354,-45.796,33.7
-6.344,-45.797,10.0
-6.345,-45.809,10.7
-5.732,-43.283,78.5
-5.640,-43.725,71.8
-5.894,-45.530,9.2
-6.007,-47.395,20.4
-6.672,-55.108,18.9
-6.659,-55.110,43.5
-5.255,-44.936,12.8
-5.244,-44.937,19.9
-5.188,-45.813,21.4
-5.190,-45.825,10.1
-5.121,-45.765,35.7
-5.123,-45.777,10.9
-4.901,-46.007,9.1
51.872,54.702,19.4
36.780,43.331,5.8
52.944,49.133,16.6
51.605,52.939,20.0
35.727,44.045,11.4
51.601,52.932,16.2
35.685,43.874,50.2
46.149,53.419,40.9
35.683,43.887,32.5
35.629,44.013,47.2
46.138,39.782,10.1
46.128,39.780,41.1
35.536,44.347,10.4
45.368,38.467,45.4
35.536,44.341,14.4
35.527,44.338,7.4
45.248,39.008,35.9
35.524,44.352,7.4
45.246,39.023,24.1
35.459,44.423,7.9
45.246,39.002,14.6
45.244,39.017,30.6
35.489,44.154,26.1
35.486,44.167,9.9
35.383,44.219,9.6
35.250,44.428,11.4
35.247,44.442,8.6
35.026,43.497,11.3
35.023,43.510,14.3
34.868,44.026,13.5
34.899,43.807,89.2
34.896,43.821,10.5
33.732,46.295,21.6
33.728,46.314,31.2
32.362,47.697,29.6
32.356,47.722,26.8
32.256,47.257,35.0
32.184,47.523,26.3
32.115,47.416,71.5
32.118,47.412,66.6
31.664,47.519,21.8
31.130,49.320,35.8
31.762,46.052,28.1
31.271,48.111,84.7
31.264,48.140,54.7
31.282,48.107,61.0
31.275,48.136,96.8
31.238,47.973,33.2
31.233,47.966,26.3
31.090,47.796,68.2
31.098,47.794,48.9
31.087,47.645,19.7
31.030,47.285,170.7
31.024,47.311,30.7
30.764,48.270,70.5
30.757,48.300,159.7
30.762,48.264,45.4
30.755,48.294,228.0
30.880,47.346,20.9
30.887,47.340,29.1
30.688,47.325,35.7
30.683,47.351,19.5
30.574,47.094,26.7
30.568,47.120,50.6
30.561,47.111,65.3
30.404,47.336,27.1
30.364,47.324,16.6
30.358,47.351,56.1
30.214,47.386,83.2
30.208,47.413,70.7
30.221,47.383,43.0
30.215,47.410,76.1
30.168,47.426,42.2
29.005,47.748,46.2
28.497,49.720,65.9
28.494,49.711,76.6
28.373,49.628,106.3
28.368,49.623,126.9
28.358,49.665,57.5
28.306,49.515,71.1
28.319,49.511,95.5
28.309,49.552,97.3
27.825,48.859,67.2
28.286,36.590,6.6
26.830,102.003,18.4
26.565,101.679,9.7
24.441,104.733,59.9
24.436,104.755,16.5
23.231,100.291,6.3
6.487,100.417,21.0
5.767,101.074,10.4
5.594,100.652,17.5
5.600,100.646,20.6
4.936,97.138,6.7
4.907,97.121,6.4
3.188,101.564,30.7
44.755,111.982,5.8
41.232,113.688,17.4
43.676,95.029,8.9
40.868,109.037,12.6
40.279,111.187,13.1
40.229,110.513,11.2
40.225,110.534,13.7
40.409,108.814,18.0
40.374,106.881,9.2
39.702,109.841,8.9
40.383,106.383,6.3
39.577,109.552,9.4
39.572,109.576,8.9
39.570,109.568,10.3
39.980,-86.838,9.1
41.461,-81.669,8.0
41.459,-81.683,9.0
66.958,75.555,103.9
41.569,-84.048,10.8
66.960,75.549,68.7
-1.246,-170.202,48.0
31.671,6.069,23.3
29.077,19.056,19.1
29.073,19.072,26.8
29.073,19.065,35.5
28.581,17.334,14.9
28.086,9.791,8.4
27.761,9.181,27.5
26.701,12.454,6.8
-17.070,-63.058,34.9
-17.075,-63.087,37.5
-16.076,-63.504,30.1
-16.081,-63.532,35.2
-16.076,-63.510,40.2
-15.030,-64.016,22.6
-14.987,-64.024,30.7
-15.486,-67.975,13.5
17.833,-93.119,36.1
-15.474,-67.963,24.4
-15.476,-67.976,32.8
17.835,-93.126,162.1
-15.402,-67.955,33.6
-15.407,-68.061,10.3
-15.410,-68.076,17.3
17.852,-93.128,71.6
-15.161,-68.258,32.4
17.901,-93.175,86.5
-15.163,-68.271,8.4
17.897,-93.217,42.6
-14.521,-65.823,13.1
17.903,-93.180,100.4
-14.484,-65.684,14.6
17.982,-94.521,44.3
-14.521,-65.829,19.9
18.210,-93.989,21.6
-14.511,-67.202,8.7
18.207,-94.026,23.5
-14.514,-67.297,13.5
17.929,-102.210,27.5
-13.628,-65.459,16.6
-13.305,-66.893,25.7
17.938,-102.212,6.0
-13.308,-66.911,9.7
19.008,-104.260,6.1
-13.297,-66.882,13.4
20.524,-100.927,8.8
-13.299,-66.900,33.9
20.576,-101.173,9.9
-13.287,-66.902,19.7
-12.595,-65.392,27.3
-13.635,-72.588,8.8
-12.739,-67.877,25.1
-12.739,-67.883,22.1
-12.175,-65.420,22.9
-12.120,-65.386,22.0
-12.290,-69.194,5.2
-12.294,-69.212,6.1
-11.497,-66.078,11.1
-11.480,-66.059,56.6
-11.484,-66.081,223.2
-11.467,-66.061,50.4
-11.471,-66.083,173.0
-11.392,-68.797,7.3
-10.996,-75.020,4.6
-10.425,-73.580,10.2
-10.406,-73.766,6.8
-9.229,-67.605,12.4
-9.832,-73.811,3.9
-9.688,-75.214,5.3
-8.450,-74.904,4.3
-8.452,-74.913,5.4
-8.266,-74.698,5.2
-8.267,-74.707,5.1
-8.257,-74.699,23.0
-8.258,-74.709,15.7
-8.201,-75.032,10.0
-6.981,-71.684,11.0
-2.001,-78.343,17.7
-28.716,-57.935,29.0
-28.699,-57.940,90.3
-28.702,-57.904,70.8
-28.711,-57.944,75.3
-29.006,-65.153,6.2
-27.806,-65.128,9.7
-26.486,-60.981,25.2
-26.678,-62.455,23.1
-26.679,-62.462,17.0
-26.287,-61.039,35.0
-26.284,-61.045,75.6
-26.289,-61.072,10.8
-26.270,-61.049,41.5
-26.275,-61.076,16.7
-26.846,-66.464,8.2
-25.906,-61.446,20.6
-25.911,-61.472,50.6
-25.901,-61.454,35.8
-25.906,-61.480,34.0
-25.764,-61.208,43.5
-25.761,-61.215,35.8
-25.418,-60.215,39.8
-25.993,-63.741,25.7
-25.999,-63.746,22.1
-25.820,-64.056,19.3
-25.829,-64.107,24.9
-24.730,-60.262,63.4
-24.728,-60.234,34.9
-24.735,-60.267,34.9
-24.650,-60.836,116.0
-24.656,-60.867,33.4
-24.593,-60.786,32.7
-24.595,-60.791,44.0
-24.281,-60.921,91.5
-24.287,-60.952,34.4
-24.156,-60.990,44.8
-24.157,-60.996,58.9
-24.062,-61.213,35.6
-23.738,-61.218,78.8
-23.739,-61.223,64.0
-23.515,-61.564,36.7
-23.514,-61.571,42.6
-23.477,-61.610,86.4
-23.476,-61.615,68.7
-23.187,-61.547,36.8
-23.192,-61.576,81.3
-23.172,-61.551,49.7
-23.178,-61.580,68.4
-23.186,-61.554,69.0
-23.192,-61.583,54.1
-23.172,-61.557,85.8
-23.178,-61.586,38.9
-22.315,-68.881,21.1
-19.823,-61.545,46.6
-19.807,-61.520,52.3
-17.604,-62.876,30.1
-17.610,-62.905,54.8
-17.605,-62.881,47.7
-17.611,-62.911,37.5
-17.088,-63.079,44.7
-17.073,-63.082,33.1
24.483,71.671,5.7
31.481,-101.834,23.1
18.064,80.795,30.8
30.498,-109.622,8.1
30.496,-109.634,31.3
31.647,-101.648,11.0
37.644,-119.606,53.8
37.658,-119.612,57.2
42.685,-111.593,66.9
48.609,21.187,9.6
-17.812,177.447,9.1
-17.664,177.914,7.9
-17.639,177.433,7.2
-17.546,177.826,6.7
-17.499,178.027,6.0
-17.501,178.018,18.3
-16.765,178.623,4.5
-16.766,178.614,5.8
-16.719,178.811,12.4
-16.720,178.802,12.4
-16.700,178.747,8.4
-16.669,178.835,8.4
-16.692,178.680,9.4
-16.628,178.866,3.7
-16.630,178.857,12.6
-16.636,178.755,5.9
-16.410,179.385,10.8
66.950,75.543,36.1
46.822,74.929,35.6
53.678,85.000,7.5
48.852,93.905,13.7
43.951,86.870,18.9
45.262,77.869,8.9
50.017,78.745,5.9
50.043,73.017,43.6
41.168,82.441,23.1
41.165,82.457,11.0
46.351,89.942,12.9
41.364,80.030,9.8
46.302,89.806,10.2
40.668,80.839,6.7
45.161,93.863,30.5
36.766,81.800,11.6
45.244,92.803,16.4
29.585,80.883,8.7
45.599,90.660,12.9
46.772,83.584,3.0
46.749,83.709,24.1
46.815,83.269,5.1
46.620,83.665,5.1
46.617,83.681,23.3
46.728,82.947,4.3
-25.400,152.473,7.4
11.950,137.206,68.1
-33.219,145.486,49.7
43.058,-5.700,61.6
-25.424,149.018,22.7
-33.221,145.435,53.7
43.056,-5.688,8.4
-24.161,149.535,34.1
-33.219,145.478,67.3
43.049,-5.702,54.1
43.048,-5.690,21.9
-24.154,149.548,26.8
-23.942,149.262,38.9
-23.944,149.243,55.2
-23.659,150.371,62.6
-23.660,150.356,46.5
-22.681,150.311,17.4
-22.683,150.296,25.0
-22.630,147.474,169.6
-22.634,147.492,58.8
-22.636,147.468,113.5
-22.619,147.077,27.8
-13.465,143.126,67.9
-13.460,143.118,96.8
-11.865,142.514,65.1
-11.818,142.627,265.4
-11.801,142.625,190.1
-11.862,142.510,47.7
-11.831,142.625,75.6
-11.814,142.623,298.7
-11.797,142.622,76.0
-10.407,150.375,7.3
-11.418,142.139,50.0
-11.099,142.251,53.2
-11.082,142.249,377.4
-11.096,142.243,51.4
-11.079,142.241,353.2
-10.081,149.548,10.9
-10.071,149.546,29.4
-10.097,148.099,13.1
-9.885,149.560,9.8
-10.084,148.029,7.7
-9.839,149.580,5.1
-9.851,149.494,4.5
-9.830,149.578,4.9
-9.822,149.279,66.7
-9.799,149.308,25.8
-9.803,149.275,28.3
-9.780,149.273,25.8
-9.235,152.842,22.1
-9.659,149.717,16.0
-9.924,147.770,10.0
-9.631,149.327,5.5
-9.633,149.316,10.0
-9.623,149.315,8.7
-9.320,150.876,12.2
-9.715,147.853,6.8
-9.647,147.701,8.7
-9.649,147.687,16.8
-9.644,147.694,19.9
-9.389,148.713,18.9
-9.281,148.981,11.2
-9.196,148.625,6.8
-9.110,148.955,5.8
-9.076,149.036,11.2
-9.068,147.048,13.8
-8.937,146.815,30.6
-8.941,146.810,26.6
-8.874,146.785,18.2
-8.876,146.769,11.8
-8.818,146.771,18.1
-8.795,146.768,44.1
-8.753,146.757,12.1
-8.667,146.622,11.1
-8.644,146.703,18.0
-8.495,146.452,41.3
-8.497,146.435,31.0
-8.483,146.450,65.8
-8.485,146.434,149.4
-8.424,146.386,24.5
-8.346,146.341,14.6
-8.349,146.352,7.8
-8.351,146.335,9.5
-8.224,146.329,62.6
-8.156,146.244,45.4
-8.158,146.226,47.3
-8.428,142.711,67.4
-7.834,146.176,11.5
-8.212,143.095,37.0
-8.049,143.185,29.1
-8.021,142.211,58.7
-7.979,141.820,358.4
-7.976,141.815,259.4
-7.942,141.811,56.8
-7.673,141.686,112.6
-7.022,146.639,19.2
-7.020,146.648,17.8
-7.009,146.647,18.0
-5.724,150.506,9.0
-5.731,150.214,6.8
-5.722,150.213,5.3
-5.840,148.956,70.8
-5.843,148.936,6.2
-5.685,149.959,5.4
-5.751,149.440,10.7
-5.654,149.983,5.5
-5.500,150.981,9.2
-5.501,150.972,5.2
-5.743,149.229,6.0
-5.735,149.231,5.2
-5.520,150.455,12.4
-5.521,150.446,11.2
-5.574,150.086,4.5
-5.575,150.077,4.2
-5.511,150.453,9.4
-5.512,150.444,47.0
-5.611,149.127,7.1
-5.239,151.438,8.3
-5.587,148.849,15.8
-5.581,148.827,19.2
-5.584,148.807,12.6
-5.585,148.797,36.2
-5.587,148.786,55.2
-5.577,148.784,39.7
-5.131,151.540,7.6
-5.132,151.531,6.3
-5.121,151.470,26.4
-5.108,151.495,9.0
-5.084,151.536,8.4
-5.086,151.528,7.6
-5.080,151.384,8.9
-5.055,151.434,6.7
-5.038,151.461,7.1
-5.040,151.452,12.5
-5.049,151.391,11.7
-5.031,151.450,34.4
-5.238,150.040,7.0
-5.026,151.423,17.4
-4.981,151.667,10.7
-4.982,151.658,8.3
-5.001,151.348,4.3
-4.742,151.789,11.4
-4.743,151.781,6.7
-4.674,151.810,6.6
-4.678,151.720,6.4
-4.680,151.712,15.6
-4.569,152.334,16.6
-4.538,152.286,18.1
-4.541,152.267,20.7
-4.545,152.175,12.1
-4.546,152.167,27.1
-4.514,152.264,12.6
-4.519,152.108,5.4
-4.291,152.147,5.9
-5.148,142.273,39.9
-3.373,151.856,12.5
-3.322,151.893,11.2
-3.318,151.841,12.2
-3.320,151.832,5.6
-3.296,151.929,27.6
-3.299,151.911,10.4
-3.300,151.902,14.3
-3.295,151.819,13.4
-3.284,151.827,10.9
-4.284,144.106,25.5
-3.186,151.688,14.3
-3.053,151.520,33.1
-4.049,144.384,27.8
-2.905,152.014,6.0
-2.875,151.972,6.4
-2.967,151.294,6.4
-2.942,151.335,12.2
-2.944,151.326,14.7
-2.944,151.249,7.8
-2.916,151.317,5.1
-2.915,151.200,5.0
-2.900,151.243,9.8
-2.901,151.234,4.6
-2.875,151.167,4.3
-2.713,151.015,5.3
-2.731,150.807,5.8
-2.732,150.798,81.5
-2.705,150.865,11.7
-2.692,150.890,8.9
-2.658,150.876,7.7
-2.634,150.211,6.7
-2.590,150.391,7.9
-2.559,150.414,6.3
-2.556,150.377,6.6
-2.546,150.385,5.4
-2.522,150.426,8.4
-2.524,150.408,5.5
-2.491,150.318,6.3
-2.482,150.316,10.0
-2.473,150.253,5.7
-2.475,150.244,8.0
-2.466,150.243,8.5
-2.441,150.268,14.3
-2.189,146.979,10.5
-2.189,146.984,9.9
-2.033,146.724,22.4
45.829,128.818,19.1
45.836,128.837,13.9
45.380,126.309,20.0
45.380,126.301,25.0
46.619,126.980,15.6
46.632,126.973,13.2
46.625,126.972,16.9
47.715,128.889,12.4
48.027,125.863,13.9
49.571,128.478,12.3
49.565,128.455,9.0
49.459,122.580,35.8
49.446,122.535,42.9
49.454,122.574,50.3
49.441,122.531,28.4
57.590,139.280,10.7
60.508,131.983,8.0
60.505,131.965,34.8
-13.104,-47.426,6.8
-1.934,-52.125,23.9
-13.106,-47.415,18.6
-13.108,-47.405,9.2
-2.768,-49.490,34.4
-13.158,-48.545,14.2
-2.772,-49.469,22.7
-13.158,-48.551,7.0
-13.160,-48.538,7.7
-2.765,-49.496,14.4
-13.469,-48.598,11.3
-2.768,-49.476,42.5
-3.932,-42.555,15.0
-13.710,-48.820,12.3
-14.117,-46.297,7.9
-3.933,-42.547,14.0
-3.941,-42.557,6.1
-14.594,-45.598,7.3
-3.942,-42.548,9.6
-14.596,-45.589,10.3
-3.414,-48.327,14.4
-14.716,-45.578,5.8
-5.632,-43.726,5.1
-14.718,-45.569,11.3
-5.633,-43.717,10.9
-14.726,-45.570,6.2
-5.726,-43.284,12.7
-14.735,-45.572,5.7
-5.727,-43.275,30.7
-6.305,-43.610,8.7
-14.799,-45.955,10.0
-6.306,-43.602,8.3
-14.517,-48.304,11.6
-5.996,-47.398,13.9
-14.526,-48.306,10.7
-5.998,-47.386,28.7
-15.164,-46.159,14.8
-15.166,-46.150,7.7
-6.944,-41.618,7.8
-6.945,-41.608,11.8
-15.167,-46.141,6.5
-15.173,-46.161,10.3
-7.381,-42.106,5.7
-15.174,-46.152,49.7
-15.176,-46.142,17.8
-15.182,-46.162,42.8
-7.262,-45.338,6.8
-15.183,-46.153,24.0
-7.271,-45.339,4.7
-15.023,-49.587,16.1
-6.564,-51.111,20.9
-15.022,-49.579,8.2
-6.568,-51.088,56.9
-7.680,-44.789,10.1
-15.403,-47.919,12.4
-7.381,-47.016,7.1
-15.405,-47.908,24.4
-7.883,-45.448,21.3
-15.411,-47.931,4.6
-7.884,-45.439,8.9
-15.554,-47.918,8.4
-8.226,-45.440,19.7
-18.106,-44.385,9.2
-8.241,-45.404,8.3
-18.117,-44.376,8.5
-8.436,-44.862,10.7
-19.144,-43.826,7.7
-19.147,-43.834,8.0
-8.364,-45.448,11.4
-19.149,-43.823,10.6
-20.177,-48.587,10.0
-8.366,-45.439,8.8
-8.655,-45.417,6.8
-25.661,-42.859,13.3
-24.542,-57.684,34.1
-9.149,-45.635,6.0
-28.691,-57.918,26.7
-9.774,-44.832,9.6
-10.292,-48.156,9.0
-11.182,-44.813,11.3
-11.184,-44.804,278.9
-11.185,-44.795,142.2
-11.186,-44.787,8.3
-11.191,-44.815,22.5
-11.192,-44.806,79.0
-11.194,-44.797,10.5
-10.795,-48.737,22.7
-10.797,-48.723,17.6
-10.805,-48.739,10.0
-10.807,-48.726,12.5
-11.442,-44.927,10.2
-11.449,-44.937,6.0
-11.451,-44.928,12.6
-11.387,-45.402,6.0
-11.704,-44.534,5.5
-11.706,-44.525,6.1
-11.485,-47.380,9.8
-11.623,-46.796,24.9
-11.624,-46.787,40.0
-11.131,-50.060,19.7
-11.862,-47.093,48.8
-12.054,-46.472,10.0
-12.063,-46.474,9.2
-11.786,-48.331,14.7
-11.550,-50.502,15.1
-12.313,-46.406,19.0
-12.683,-45.025,6.0
-12.685,-45.016,22.9
-12.629,-47.326,7.1
-12.631,-47.316,10.3
-12.657,-47.331,8.8
-12.659,-47.320,12.2
-12.687,-47.325,21.9
-12.217,-50.343,13.3
-12.737,-47.287,7.2
-12.740,-47.330,11.7
-12.742,-47.320,52.9
-12.743,-47.309,54.0
-12.745,-47.299,22.4
-12.748,-47.342,87.5
-12.749,-47.331,79.2
-20.573,129.613,7.1
-3.751,116.183,126.5
-2.926,121.508,23.2
-20.849,127.652,12.1
18.093,120.489,8.1
-2.922,121.516,11.4
-2.924,121.501,12.6
22.544,120.351,9.4
-20.521,129.786,24.5
-2.738,121.993,16.4
-2.770,121.773,16.2
-20.522,129.776,22.9
23.026,114.635,17.5
-2.772,121.759,15.6
-20.851,127.418,125.8
-2.759,121.772,13.8
24.314,121.760,8.0
-20.853,127.407,21.1
-2.807,121.210,10.8
22.821,112.544,20.9
-20.511,129.794,14.5
-2.809,121.196,12.9
-2.646,121.608,11.9
-20.839,127.439,42.3
-2.611,121.453,21.7
26.053,118.331,5.1
-2.577,121.376,134.0
-20.840,127.428,106.7
-2.575,121.370,35.2
-20.842,127.417,259.6
-1.568,127.425,6.5
28.447,117.573,9.1
-20.843,127.406,85.9
-1.463,127.441,12.6
29.215,117.682,6.1
-20.834,127.404,48.7
-2.391,120.820,16.0
29.213,117.671,5.2
-2.373,120.798,19.7
-20.835,127.393,83.0
-20.516,129.574,22.9
-2.092,121.523,17.8
-2.017,121.428,10.5
-20.519,129.556,14.6
-1.901,121.109,12.9
-20.775,127.630,22.9
-20.765,127.523,10.7
-1.901,120.867,18.1
-20.775,127.446,28.8
-1.903,120.851,19.4
-1.902,120.860,37.1
-20.777,127.435,18.4
-20.764,127.456,11.5
-1.190,121.989,14.4
-20.766,127.445,21.6
-20.742,127.553,17.8
-1.099,121.963,14.5
-20.735,127.530,22.6
-1.103,121.957,16.7
-20.737,127.519,67.0
-20.738,127.508,11.2
-1.050,121.404,38.3
-20.445,129.557,9.9
-20.450,129.519,23.1
-1.038,121.415,15.8
-20.451,129.510,34.4
-1.039,121.401,84.9
-20.426,129.621,11.5
1.066,128.247,8.8
-20.428,129.612,7.1
1.179,127.824,9.2
-20.437,129.546,25.4
1.178,127.813,12.2
-20.439,129.537,35.8
0.542,122.872,6.7
0.737,124.123,5.5
-20.440,129.527,24.9
1.287,127.803,7.4
-20.441,129.518,9.3
0.745,124.112,6.1
1.292,127.571,10.4
-20.374,129.653,109.0
1.407,127.984,8.9
-20.375,129.644,34.6
0.763,123.604,9.0
0.544,121.916,10.3
-19.610,134.225,9.1
1.442,127.957,9.4
0.566,121.998,21.2
-19.599,134.223,9.4
0.565,121.992,14.5
-18.733,138.365,49.4
0.824,123.646,27.0
1.489,127.988,21.2
-18.733,138.357,60.3
1.481,127.934,11.3
0.959,124.370,8.5
-20.489,126.526,20.1
0.957,124.361,9.8
-20.490,126.514,78.3
1.482,127.869,10.8
-20.492,126.501,22.5
0.343,120.157,10.8
1.088,124.615,13.3
1.097,124.613,41.5
-20.461,126.585,12.5
1.095,124.604,111.7
-20.390,126.883,12.1
1.094,124.596,14.0
-20.428,126.598,33.3
1.173,124.569,8.1
-20.408,126.432,43.9
0.926,122.643,44.2
0.933,122.621,21.2
-20.398,126.431,43.1
1.240,124.633,7.0
-20.388,126.429,30.9
0.939,122.624,17.1
-20.378,126.428,13.9
0.966,122.280,10.7
-20.339,126.263,32.4
0.965,122.270,33.4
-18.289,130.567,59.2
0.974,122.268,9.1
-18.276,130.536,14.6
1.438,124.990,7.7
-18.277,130.526,41.6
0.922,121.498,12.7
0.917,121.461,7.7
-18.471,127.863,34.4
1.418,124.798,20.6
-18.472,127.853,25.9
1.417,124.789,5.6
1.474,125.118,6.3
-18.474,127.843,25.3
1.473,125.109,5.8
-18.475,127.833,51.3
1.455,124.988,35.7
-17.306,135.071,65.8
1.454,124.979,14.6
-17.309,135.054,37.8
0.937,121.381,9.8
-17.304,135.017,107.9
1.504,125.169,10.6
0.935,121.387,14.3
-17.267,135.154,64.3
1.507,125.133,9.9
1.624,125.057,8.4
-18.262,126.765,46.9
1.067,121.232,23.4
-18.263,126.754,34.5
1.065,121.220,23.3
-16.641,130.044,28.1
1.087,121.294,13.0
1.098,121.293,14.9
-16.643,130.035,19.5
2.775,125.407,6.9
-16.659,129.924,15.2
2.709,117.069,32.7
-16.608,130.128,18.3
-16.644,129.887,29.6
-16.636,129.885,45.9
-16.637,129.876,41.0
-16.625,129.893,13.7
-16.727,128.066,35.8
-16.311,129.786,6.4
-12.918,136.025,21.6
-13.785,129.847,10.1
-12.528,132.160,21.8
-12.512,132.151,9.1
-12.306,133.008,12.7
-12.121,133.413,39.7
-12.011,133.522,11.3
-11.730,130.682,36.2
-11.724,130.685,23.3
-11.726,130.674,18.8
-11.560,130.707,9.0
-11.540,130.715,58.3
-11.541,130.704,24.5
-11.534,130.718,15.3
-11.536,130.707,27.6
-11.526,130.706,13.2
-11.541,130.545,7.8
-11.532,130.543,12.7
-11.534,130.533,7.9
-11.440,131.006,5.5
-11.137,132.524,13.7
-11.339,130.938,7.8
-11.329,130.936,12.7
-11.424,130.339,10.2
-11.325,130.901,9.9
-11.326,130.890,21.6
-11.322,130.894,26.3
-9.828,130.269,21.8
-9.837,124.179,16.7
-9.689,124.290,11.2
-9.521,124.315,9.4
-10.045,120.316,28.2
-9.484,123.996,17.6
-9.952,120.276,43.8
-9.369,124.738,5.4
-9.957,120.297,25.6
-9.960,120.272,31.0
-9.350,124.524,13.7
-9.412,124.002,8.5
-9.276,124.740,18.8
-9.278,124.729,14.8
-9.260,124.503,7.3
-8.996,125.071,8.0
-7.939,131.126,12.7
-8.572,126.362,7.1
-7.887,129.537,18.9
-8.249,124.936,6.2
-8.250,124.926,17.7
-8.450,123.398,21.5
-8.455,123.394,23.9
-8.423,123.467,11.4
-6.754,131.552,17.4
-6.756,131.537,15.2
-5.357,123.074,17.9
-4.964,122.655,20.9
-4.968,122.649,18.8
-4.854,122.429,10.4
-4.787,122.681,10.7
-4.703,122.985,40.5
-4.693,122.984,17.2
-4.627,123.089,7.9
-2.984,133.106,31.8
-4.676,121.737,61.7
-4.670,121.619,87.3
-4.672,121.604,11.7
-4.612,121.619,10.3
-2.872,133.151,44.1
-2.839,133.101,32.8
-2.843,133.094,27.1
-4.523,121.674,14.2
-4.526,121.659,12.4
-4.389,122.386,213.7
-4.390,122.373,13.6
-4.353,122.562,28.9
-4.378,122.384,226.1
-4.380,122.371,20.4
-4.292,122.418,17.2
-3.046,130.316,7.5
-3.563,126.872,9.6
-3.564,126.863,6.8
-3.614,126.406,7.9
-3.615,126.397,14.2
-3.504,127.026,8.1
-3.594,126.421,9.3
-3.179,128.895,8.8
-3.546,126.301,6.5
-3.548,126.293,4.2
-3.016,129.774,7.7
-3.529,126.361,10.0
-3.538,126.300,5.6
-3.505,126.315,5.8
-3.412,126.882,13.3
-3.414,126.874,12.0
-3.496,126.314,9.9
-3.483,126.223,7.9
-3.446,126.227,9.4
-3.438,126.225,22.7
-3.407,126.233,8.6
-3.408,126.224,21.9
-3.319,126.710,31.7
-3.270,126.919,42.0
-3.272,126.910,14.9
-31.594,124.613,9.9
-3.261,126.917,50.8
-3.263,126.908,76.3
-3.998,121.820,9.9
-30.655,121.873,24.4
-4.000,121.806,49.4
-3.903,122.416,13.8
-30.252,124.424,9.9
-3.241,126.932,11.6
-3.980,121.789,12.5
-29.799,120.991,29.1
-3.877,122.392,12.3
-29.796,120.988,29.3
-3.826,122.228,10.1
-3.832,122.224,12.3
-26.269,132.193,15.7
-3.128,126.813,6.7
-3.129,126.804,11.2
-25.560,131.990,11.9
-2.897,128.182,11.2
-3.480,122.220,10.8
-25.561,131.980,43.8
-3.532,121.454,25.8
-3.498,121.449,16.5
-25.551,131.988,20.6
-3.500,121.434,14.0
-25.552,131.978,232.6
-3.361,122.138,25.7
-3.319,122.132,23.6
-25.554,131.969,190.0
-3.754,116.188,68.1
-25.542,131.987,19.8
-25.544,131.977,28.8
-26.288,122.814,61.5
-23.647,134.595,12.4
-23.649,134.582,11.0
-23.637,134.593,9.9
-23.561,134.440,11.8
-23.503,134.473,20.9
-23.512,134.358,12.6
-23.177,128.864,7.6
-23.165,128.899,8.2
-23.166,128.889,26.4
-23.168,128.878,14.6
-22.676,131.205,14.1
-22.579,131.300,5.9
-22.540,131.371,13.8
-22.542,131.362,17.1
-22.548,131.323,7.5
-22.554,131.285,31.6
-22.555,131.276,38.2
-22.557,131.266,14.8
-22.526,131.392,12.0
-22.527,131.382,6.2
-22.529,131.373,11.3
-22.530,131.363,33.6
-22.532,131.353,43.9
-22.533,131.344,5.3
-22.480,131.453,7.0
-22.463,131.509,49.6
-22.471,131.451,8.2
-22.559,130.311,46.8
-22.549,130.319,707.1
-22.550,130.309,1131.5
-22.552,130.300,646.9
-22.539,130.327,121.9
-22.540,130.317,330.5
-22.542,130.308,178.7
-22.543,130.298,872.3
-22.544,130.289,1072.1
-22.529,130.335,6.6
-22.530,130.325,33.8
-22.532,130.316,55.8
-22.533,130.306,164.8
-22.534,130.297,1362.0
-22.536,130.287,362.5
-22.521,130.324,20.9
-22.523,130.314,54.2
-22.524,130.305,169.7
-22.526,130.295,94.3
-22.527,130.286,10.8
-22.514,130.313,6.7
-22.199,132.013,7.8
-22.154,131.535,5.4
-21.823,132.347,14.0
-21.825,132.337,42.1
40.108,118.727,7.5
-21.814,132.345,7.2
-21.277,132.516,8.9
40.170,118.053,4.3
-21.279,132.505,8.2
40.578,110.686,6.9
-21.266,132.525,7.4
40.954,107.626,19.2
-20.585,129.612,15.0
-20.854,127.660,8.2
40.959,107.619,19.0
-20.865,127.573,13.7
45.748,115.723,15.1
46.383,113.998,17.1
63.555,122.523,12.0
63.291,120.729,19.4
19.404,-155.290,89.2
63.286,120.705,13.3
19.402,-155.300,9.9
62.355,113.690,41.4
64.478,119.562,11.1
64.477,119.558,11.8
-19.211,19.239,13.6
-19.919,20.148,19.8
-3.207,14.577,8.8
-19.924,20.141,20.3
-21.172,15.897,8.8
-4.592,15.452,6.5
-21.181,15.896,32.2
-21.183,15.906,25.6
-4.597,15.306,4.9
-4.729,15.509,6.7
-4.734,15.220,18.6
-4.694,14.512,13.3
-4.695,14.523,21.0
-4.828,15.231,33.3
-4.829,15.241,14.2
-4.761,14.634,6.0
-4.904,15.314,6.3
-4.969,14.296,8.1
-5.730,14.661,5.3
-6.849,13.291,10.3
-12.522,26.130,57.3
-12.524,26.123,50.9
-12.398,15.962,7.4
-12.521,15.475,5.5
-12.451,14.730,8.7
-13.086,16.925,4.7
-13.395,18.313,6.4
-13.397,18.306,6.2
-13.774,19.890,9.7
-14.038,20.343,13.2
-13.689,15.835,6.5
-13.673,15.326,19.5
-13.751,15.354,7.1
-13.864,15.313,6.6
-13.865,15.322,6.6
-13.720,14.197,7.5
-14.079,16.651,4.3
-14.208,17.591,8.9
-14.209,17.601,6.4
-14.158,17.092,5.5
-14.039,15.963,4.1
-14.433,18.909,20.3
-13.941,15.204,5.2
-13.974,15.438,5.4
-13.978,15.401,4.0
-14.067,15.968,27.7
-14.015,15.533,6.5
-13.959,15.082,8.5
-14.004,15.397,6.1
-14.066,15.437,6.7
-14.076,15.052,5.7
-14.076,14.987,4.6
-14.502,17.874,9.4
-14.204,15.631,7.1
-14.198,15.466,4.6
-14.200,15.475,3.6
-14.213,15.565,5.7
-14.470,17.151,5.6
-14.471,17.161,5.9
-14.684,18.635,7.6
-14.504,17.197,4.3
-14.333,15.764,4.4
-14.812,19.262,8.3
-14.813,19.276,19.8
-15.010,20.534,15.1
-15.179,20.828,13.8
-15.350,21.899,28.7
-14.623,15.780,4.1
-14.654,15.618,7.7
-14.655,15.627,8.3
-15.194,19.216,10.5
-15.196,19.229,17.1
-15.018,17.531,17.6
-15.256,19.148,7.8
-15.267,19.147,15.2
-15.162,17.299,11.5
-15.163,17.309,7.6
-15.266,17.760,6.5
-15.276,17.758,8.4
-15.260,17.078,5.0
-15.089,15.496,19.8
-15.141,15.870,10.8
-15.143,15.879,4.7
-15.360,17.333,8.3
-15.117,14.655,14.2
-15.118,14.664,9.4
-15.134,14.708,26.3
-15.150,14.575,6.2
-15.231,15.138,34.1
-15.233,15.147,7.1
-15.247,15.182,5.7
-15.237,15.054,474.4
-15.239,15.063,458.0
-15.240,15.072,105.0
-15.244,15.099,11.2
-15.245,15.108,8.6
-15.254,15.172,29.8
-15.255,15.181,44.0
-15.197,14.708,18.8
-15.245,15.044,92.8
-15.246,15.053,100.5
-15.247,15.062,46.2
-15.249,15.071,38.4
-15.179,14.509,5.4
-15.255,15.036,379.0
-15.256,15.045,102.4
-15.271,15.145,31.2
-15.272,15.154,18.2
-15.037,13.495,8.0
-15.218,14.717,9.8
-15.263,15.026,11.9
-15.264,15.035,200.4
-15.216,14.578,16.5
-15.221,14.614,7.2
-15.289,15.087,7.3
-15.680,17.971,9.3
-15.225,14.576,9.9
-15.498,16.517,5.3
-15.320,15.110,10.0
-15.321,15.119,15.1
-15.322,15.128,28.4
-15.324,15.137,16.4
-15.186,14.121,13.4
-15.315,15.018,20.3
-15.341,15.070,10.6
-15.342,15.079,13.9
-15.251,14.247,7.0
-15.252,14.256,5.0
-15.419,15.413,5.6
-15.420,15.422,10.7
-15.502,15.943,6.9
-15.448,15.362,8.3
-15.449,15.371,14.3
-15.551,14.220,20.6
-15.569,14.218,6.2
-15.570,14.227,7.3
-15.983,17.037,11.3
-15.867,16.114,5.9
-15.989,17.030,20.0
-15.878,16.131,5.1
-15.996,17.008,37.6
-15.997,17.018,15.3
-16.003,16.997,35.6
-16.005,17.007,11.7
-16.735,22.944,59.0
-15.647,14.124,16.3
-15.649,14.133,4.4
-16.624,21.539,31.1
-16.064,16.958,11.8
-16.623,21.534,20.4
-16.065,16.768,8.0
-16.080,16.806,10.0
-16.081,16.816,17.4
-16.651,21.552,19.6
-16.124,16.995,7.3
-16.296,18.241,71.8
-16.297,18.252,118.3
-16.151,16.790,6.1
-16.119,16.484,7.3
-16.157,16.769,28.7
-16.159,16.779,29.7
-16.351,18.191,32.0
-16.352,18.203,11.7
-16.361,18.189,110.8
-16.362,18.201,11.6
-16.586,20.050,24.8
-16.588,20.066,42.1
-16.600,20.064,59.4
-16.381,18.187,31.3
-16.621,20.046,31.8
-16.937,22.856,32.5
-16.632,20.044,48.1
-16.634,20.060,19.6
-16.632,20.055,34.6
-16.643,20.053,19.5
-16.939,22.850,39.5
-16.064,15.154,4.8
-16.544,18.189,51.0
-16.546,18.201,23.7
-16.556,18.200,10.8
-16.566,18.198,14.2
-16.587,18.368,17.1
-16.597,18.366,16.7
-16.996,21.602,22.6
-16.998,21.623,63.9
-16.996,21.618,52.1
-17.009,21.616,19.4
-17.018,20.996,26.7
-16.424,16.216,5.8
-17.008,20.991,19.3
-16.483,16.182,5.5
-16.527,16.501,15.5
-16.528,16.511,14.5
-17.401,23.696,36.0
-16.725,17.299,6.1
-16.913,18.771,14.6
-16.914,18.785,18.2
-16.955,18.719,15.1
-16.839,16.702,33.7
-16.841,16.712,30.3
-16.842,16.722,7.3
-17.432,21.544,70.9
-17.442,21.521,26.7
-17.429,21.538,68.3
-17.442,21.536,25.4
-17.481,21.532,111.0
-17.490,21.487,23.5
-17.408,20.146,16.1
-17.363,18.299,17.8
-16.845,14.170,10.3
-17.527,19.029,12.0
-17.544,19.049,17.6
-17.564,19.221,46.9
-17.566,19.235,35.4
-17.577,19.234,59.1
-17.588,19.232,95.8
30.157,30.504,13.6
22.743,31.035,88.3
53.357,35.141,29.0
22.674,31.096,119.5
51.047,28.796,10.1
22.670,31.120,36.9
48.186,43.722,41.8
22.681,31.092,65.2
48.189,43.717,27.4
22.677,31.116,53.4
22.641,31.006,80.9
22.536,31.001,105.0
48.265,40.053,11.7
46.917,41.639,10.7
47.187,39.550,6.9
45.504,20.774,12.5
45.031,21.263,25.6
45.030,21.288,13.1
41.122,27.077,12.3
41.121,27.089,11.1
37.855,38.858,57.4
-22.132,45.183,27.4
-22.337,43.815,43.9
-22.333,43.810,36.6
-22.522,44.662,22.8
-21.227,34.007,14.5
-21.229,34.022,11.8
-22.627,43.894,11.6
-24.481,28.614,29.2
-24.487,28.643,20.2
-24.487,28.637,25.7
-25.811,29.486,23.6
-25.816,29.511,19.0
-25.809,29.505,15.4
57.675,106.080,19.9
62.347,113.690,36.2
62.354,113.708,12.1
62.352,113.681,26.6
10.216,-64.613,4.7
9.977,-63.180,4.3
10.060,-64.866,5.0
10.059,-64.857,9.3
-9.168,-61.397,48.4
48.785,12.148,5.4
9.777,-63.267,4.8
9.735,-63.473,4.2
-11.503,-66.056,6.5
48.781,12.167,6.1
9.734,-63.463,8.2
-11.504,-66.051,7.4
9.733,-63.454,9.1
48.271,14.343,20.5
-13.290,-66.888,8.6
9.681,-63.478,3.2
48.646,11.980,5.2
-15.397,-67.948,7.8
9.679,-63.469,6.0
-16.288,-60.427,47.8
48.373,13.201,9.8
-15.408,-68.074,20.9
48.374,13.195,9.8
-15.409,-68.063,6.8
9.658,-63.566,6.5
48.595,11.871,9.2
-15.471,-67.967,4.8
9.654,-63.539,7.6
-16.084,-63.443,17.3
48.564,11.916,8.8
-17.417,-60.419,78.3
48.525,12.060,8.3
9.652,-63.530,10.3
-17.422,-60.425,80.1
9.656,-63.628,35.0
48.466,11.987,6.3
9.655,-63.619,19.9
48.337,11.681,7.5
9.646,-63.564,11.9
48.409,11.254,6.9
48.355,11.206,9.1
9.645,-63.555,9.2
48.254,11.618,8.9
9.565,-63.630,5.5
48.199,11.790,6.0
8.729,-62.907,9.6
48.193,11.782,12.3
8.560,-64.138,4.3
48.075,11.990,7.0
8.559,-64.130,11.4
48.100,11.328,6.6
48.067,11.010,5.3
48.058,10.500,5.8
48.055,10.516,9.1
48.055,10.510,5.9
48.087,9.808,4.2
45.039,19.446,51.6
45.907,11.924,10.7
45.718,11.404,7.2
45.716,11.397,11.3
45.507,12.023,8.3
45.394,11.940,8.0
45.266,11.926,15.4
45.840,8.839,7.2
45.623,9.115,7.1
45.528,9.577,5.4
45.146,9.949,6.4
44.495,11.245,9.1
45.107,7.726,8.0
41.451,15.836,41.7
41.457,15.832,33.6
43.583,4.752,11.7
43.581,4.764,5.2
42.712,1.991,9.5
42.710,2.003,21.9
39.459,8.879,34.6
39.455,8.897,20.3
36.840,9.172,14.1
36.842,9.190,15.4
36.716,7.116,12.9
36.746,6.260,8.1
36.086,8.668,18.2
36.080,8.659,23.9
36.168,6.189,7.4
57.526,15.812,6.9
53.520,9.905,5.9
52.803,9.754,4.3
52.121,13.061,10.0
52.159,10.409,7.8
52.150,10.405,9.5
51.796,12.097,5.0
50.579,12.291,7.6
51.484,6.706,6.5
50.317,12.284,11.3
49.644,12.060,7.8
49.545,12.027,9.8
49.414,11.827,5.2
49.293,12.235,11.4
49.289,12.254,7.6
49.166,12.648,10.1
49.062,12.914,8.3
49.188,12.063,13.8
49.185,12.081,10.4
49.231,11.744,5.6
49.207,11.811,5.3
49.197,11.806,7.4
49.152,12.040,7.0
49.139,12.054,8.3
49.211,11.622,6.2
49.004,12.147,8.4
47.904,17.044,10.3
48.948,12.114,5.4
48.886,12.432,7.8
48.928,12.105,5.1
49.052,11.298,4.8
49.000,11.573,4.9
48.945,11.797,10.6
44.846,90.938,9.6
44.844,90.925,4.3
46.094,81.253,22.8
46.737,83.493,10.1
49.875,73.309,22.3
50.042,73.023,33.2
50.038,73.017,38.5
-6.575,108.264,31.0
50.557,74.278,21.4
-4.720,105.844,16.8
50.571,74.269,19.5
51.970,76.105,13.9
-4.722,105.832,19.4
51.971,76.100,11.1
-4.396,104.895,7.3
54.271,86.156,5.3
-4.462,104.397,7.5
55.164,89.817,47.5
-4.457,104.075,12.5
55.305,90.466,16.9
-4.181,105.640,15.1
55.735,89.991,10.1
-4.199,105.242,6.2
53.528,74.853,36.3
-4.170,105.360,12.4
54.229,73.395,14.4
-4.172,105.348,76.7
54.227,73.392,16.7
-4.189,105.240,9.0
54.196,71.838,18.8
-4.160,105.358,17.7
-4.162,105.346,122.6
-4.090,105.415,9.7
-4.091,105.403,63.7
-4.097,105.366,7.0
-4.243,104.398,51.1
-4.294,104.059,8.3
-4.147,103.870,19.3
-4.116,103.886,13.4
-3.902,105.226,17.5
-3.904,105.214,28.3
-3.906,105.202,45.6
-3.908,105.190,15.2
-3.831,105.370,12.4
-3.814,105.206,9.3
-3.983,104.097,5.3
-3.700,105.738,28.0
-2.851,110.847,46.8
-3.695,105.169,13.5
-3.697,105.157,9.3
-3.688,105.163,43.2
-3.689,105.151,11.8
-3.624,105.517,15.0
-3.507,105.791,12.2
-3.502,105.783,19.9
-3.480,105.317,13.7
-3.473,105.154,47.4
-3.547,104.534,13.5
-3.403,105.406,14.4
-3.435,105.198,37.2
-3.479,104.914,127.6
-3.480,104.903,29.8
-3.537,104.533,7.5
-3.429,105.172,11.9
-3.467,104.924,30.1
22.007,97.171,5.1
-3.469,104.913,193.3
-3.471,104.901,13.0
22.348,97.896,9.5
-3.417,105.182,28.4
25.355,97.291,8.2
-3.419,105.170,177.3
29.287,88.867,11.5
-3.421,105.158,48.0
32.819,82.392,19.6
-3.365,105.536,29.2
-3.418,105.176,76.2
-3.420,105.164,98.5
-3.408,105.174,28.6
-3.410,105.162,7.9
-3.367,105.381,13.8
-3.369,105.369,15.1
-3.317,105.503,11.9
-3.300,105.539,12.4
-3.302,105.527,48.1
-3.304,105.514,47.0
-3.312,105.463,12.4
-3.314,105.450,28.3
-3.288,105.551,45.9
-3.304,105.449,18.1
-3.306,105.296,12.5
-3.310,105.291,16.4
-3.305,105.252,26.8
-3.316,105.179,63.5
-3.318,105.167,20.6
-3.291,105.275,71.9
-3.281,105.274,9.6
-2.907,107.655,19.3
-3.296,105.103,9.9
-3.262,105.258,27.5
-3.252,105.257,8.7
-3.235,105.229,16.2
-3.237,105.217,9.0
-3.168,105.403,15.9
-3.158,105.401,22.8
-3.261,104.722,7.8
-3.487,103.145,9.8
-3.202,104.841,14.6
-3.431,103.271,66.1
-3.423,103.273,31.2
-3.424,103.264,15.9
-3.145,105.091,29.5
-3.146,105.079,46.0
-3.150,105.055,9.8
-3.047,105.602,17.3
-3.049,105.589,17.0
-3.121,105.112,25.8
-3.122,105.100,36.3
-3.036,105.600,32.8
-3.038,105.587,42.1
-3.112,105.099,10.2
-3.026,105.599,18.0
-3.028,105.586,43.7
-3.065,105.073,9.4
-3.236,103.846,7.8
-3.237,103.836,25.0
-2.852,106.277,19.5
-3.009,105.239,12.0
-3.010,105.226,42.5
-3.012,105.214,36.0
-3.239,103.693,5.8
-3.000,105.225,45.9
-3.002,105.212,104.7
-3.122,104.416,8.7
-3.237,103.582,6.9
-2.972,105.133,15.3
-3.039,104.624,9.6
-3.186,103.629,15.2
-2.941,105.222,16.3
-2.951,105.149,9.1
-2.994,104.863,12.6
-3.154,103.776,12.5
-2.939,105.160,37.5
-2.941,105.147,27.4
-3.119,103.884,18.7
-2.915,105.181,29.8
-2.897,105.229,17.5
-2.910,105.143,12.0
-3.085,103.984,7.8
-2.766,106.021,16.5
-3.115,103.659,5.6
-3.116,103.649,12.2
-2.865,105.236,10.3
-2.927,104.829,20.8
-3.089,103.767,6.5
-3.091,103.757,5.5
-2.866,105.161,27.7
-3.080,103.718,7.2
-3.016,104.019,15.1
-3.006,104.018,83.2
-3.008,104.008,190.0
-3.009,103.997,72.4
-2.997,104.017,90.9
-2.998,104.006,172.4
-2.811,105.183,23.4
-2.813,105.171,22.1
-2.878,104.744,18.7
-2.992,103.984,8.2
-2.562,106.743,11.1
-2.803,105.170,38.9
-2.802,105.107,16.2
-2.992,103.859,11.2
-2.790,105.118,73.9
-2.844,104.762,10.4
-2.982,103.857,17.5
-2.781,105.123,21.7
-2.967,103.860,7.6
-2.703,105.579,87.4
-2.691,105.590,12.0
-2.693,105.577,21.6
-2.819,104.729,7.0
-2.749,105.131,32.6
-2.994,102.855,8.6
-2.996,102.845,6.0
-2.454,105.435,21.0
-2.446,105.440,353.0
-2.448,105.427,86.4
-2.832,102.827,10.7
-2.434,105.451,11.9
-2.436,105.438,423.1
-2.438,105.425,493.2
-2.816,102.806,31.8
-2.714,103.182,18.1
-2.463,104.639,11.1
-2.638,103.078,5.6
-2.398,103.634,17.9
-2.400,103.624,24.8
-2.519,102.763,18.6
-2.418,103.064,13.6
-2.247,104.156,134.8
-2.249,104.145,45.0
-2.372,103.311,88.3
-2.374,103.302,22.6
-2.237,104.155,6.3
-2.239,104.144,8.2
-2.330,103.465,6.4
-2.284,103.519,7.5
-2.286,103.509,6.5
-2.472,102.269,7.2
-2.279,103.512,15.5
-1.903,105.558,11.5
-1.905,105.544,22.7
-2.322,102.463,16.7
-2.205,103.001,6.0
-2.185,102.950,6.7
-2.187,102.941,11.3
-2.240,102.455,5.7
-2.123,103.060,6.0
-2.148,102.891,33.0
-2.150,102.882,47.9
-2.166,102.770,10.4
-2.121,103.012,8.3
-2.123,103.002,8.4
-2.139,102.890,43.3
-2.141,102.880,30.1
-1.936,103.825,19.1
-1.938,103.815,65.1
-1.928,103.814,23.9
-1.867,103.965,60.8
-1.868,103.955,76.8
-2.020,102.942,7.0
-1.857,103.964,54.3
-1.859,103.953,94.8
-1.627,105.401,99.7
-1.635,105.397,33.6
-1.832,103.976,28.8
-1.823,103.975,18.5
-1.832,103.911,11.3
-1.853,103.702,8.1
-1.855,103.692,14.3
-1.882,103.188,6.5
-1.638,104.320,11.4
-1.640,104.308,17.9
-1.934,102.280,7.2
-1.619,104.317,38.3
-1.620,104.305,46.1
-1.638,103.774,14.5
-1.629,103.772,10.7
-1.839,102.361,7.0
-1.863,102.200,4.6
-1.837,102.251,10.4
-1.505,104.398,53.3
-1.502,104.402,21.0
-1.753,102.687,8.8
-1.754,102.678,17.4
-1.809,102.176,10.4
-1.801,102.175,4.8
-1.794,101.974,6.9
-1.404,103.909,17.4
-1.338,104.125,33.4
-1.328,104.124,10.5
-1.330,104.113,7.8
-1.602,102.142,5.7
-1.192,104.292,32.8
-1.197,104.258,28.7
-1.199,104.246,108.0
-1.200,104.235,123.5
-1.189,104.245,61.3
-1.190,104.234,33.3
-1.177,104.255,30.8
-1.156,104.245,8.2
-1.259,102.592,10.2
-1.214,102.834,20.9
-1.216,102.825,22.6
-0.811,101.361,5.6
0.274,99.258,15.5
0.273,99.249,7.5
1.034,100.410,4.2
2.511,100.246,12.5
2.516,100.219,6.2
2.776,99.860,13.8
57.098,83.931,8.1
57.095,83.915,28.8
54.632,66.415,31.0
54.654,66.468,29.9
54.635,66.410,30.4
60.861,71.277,15.1
61.092,70.193,12.4
66.109,77.073,7.0
66.106,77.053,9.2
66.309,76.989,7.2
66.197,70.999,15.6
66.193,70.977,15.2
41.461,-81.672,15.5
41.569,-84.041,11.3
41.121,-85.352,10.2
18.424,-93.187,13.0
18.505,-96.126,31.6
18.505,-96.131,38.9
18.209,-94.002,34.5
18.010,-93.453,10.1
17.904,-93.178,33.6
17.892,-93.180,19.9
17.920,-93.521,11.0
17.898,-93.186,30.5
17.896,-93.169,11.2
17.843,-93.123,12.2
18.690,73.044,5.0
22.932,69.694,6.6
-7.375,-42.116,51.1
-7.381,-42.124,81.7
27.651,69.655,5.3
38.049,67.263,9.7
37.134,60.543,14.1
38.464,65.779,11.3
39.867,64.951,6.1
43.814,67.098,33.9
44.288,66.560,14.8
5.196,-54.269,5.8
5.180,-54.280,6.5
4.403,-54.658,5.1
-15.295,-56.669,25.5
-15.296,-56.659,6.3
-15.436,-56.066,7.7
-16.689,-50.667,75.1
-16.689,-50.674,55.1
-15.675,-61.770,9.0
-15.896,-60.688,7.5
-15.905,-60.689,17.6
-15.968,-60.709,15.2
-15.969,-60.699,10.4
-16.286,-60.431,8.6
-16.295,-60.433,11.8
-16.325,-60.414,6.4
-16.592,-60.168,5.0
-17.885,-50.780,41.5
-17.885,-50.786,30.1
-16.890,-60.894,5.7
-17.281,-60.004,7.3
-17.303,-59.985,6.1
-17.292,-60.434,8.9
-17.474,-59.508,9.3
-17.418,-59.952,6.4
-18.716,-49.141,109.1
-17.421,-60.438,13.3
-17.422,-60.428,18.4
-18.720,-49.146,86.7
-18.723,-49.106,63.4
-17.431,-60.430,10.5
-17.605,-60.933,7.8
-17.607,-60.923,14.0
-19.471,-59.792,5.5
-20.247,-58.373,11.6
-20.249,-58.363,12.6
-20.258,-58.364,128.3
-20.259,-58.354,76.7
-19.814,-61.532,10.0
-20.268,-58.356,121.3
-20.269,-58.346,73.0
-20.277,-58.357,14.9
-20.279,-58.347,106.9
-19.829,-61.551,9.8
-19.831,-61.541,8.5
-20.287,-58.344,82.6
-20.289,-58.334,180.8
-20.324,-58.349,28.6
-20.325,-58.339,7.1
-20.329,-58.381,20.5
-20.330,-58.371,16.6
-20.333,-58.351,41.5
-20.334,-58.341,25.0
-20.338,-58.382,11.8
-20.339,-58.372,9.1
-20.342,-58.352,42.8
-20.346,-58.393,25.0
-20.347,-58.383,23.9
-20.350,-58.363,45.3
-20.351,-58.353,98.2
-20.352,-58.343,6.2
-20.359,-58.365,59.2
-20.360,-58.355,21.3
-20.327,-59.004,8.0
-20.336,-59.005,5.4
-20.495,-59.061,20.8
-20.496,-59.051,10.8
-20.803,-58.130,23.1
-20.804,-58.120,7.7
-20.557,-60.388,9.1
-21.080,-59.495,13.7
-20.822,-62.069,7.2
-21.703,-60.116,113.8
-21.704,-60.107,119.0
-21.620,-61.980,8.2
-21.956,-59.683,7.6
-21.958,-59.674,7.9
-21.633,-61.962,11.8
-22.452,-55.971,13.2
-22.153,-58.842,67.2
-22.154,-58.832,74.1
-22.160,-58.853,48.0
-22.162,-58.843,215.0
-22.163,-58.833,177.1
-21.929,-60.967,9.8
-22.834,-57.307,9.0
-22.136,-62.596,118.6
-22.138,-62.586,189.4
-22.971,-56.594,8.3
-22.633,-59.646,5.6
-22.801,-58.386,9.2
-22.499,-60.669,15.6
-22.500,-60.659,15.5
-22.507,-60.670,50.1
-22.509,-60.661,64.5
-22.867,-58.166,18.5
-22.869,-58.155,9.2
-22.642,-60.562,5.6
-22.644,-60.553,6.6
-22.702,-60.218,5.5
-23.236,-56.676,9.0
-22.787,-60.193,16.5
-22.124,-64.631,19.5
-23.034,-60.339,8.8
-23.035,-60.329,10.3
-23.265,-60.532,16.6
-23.266,-60.522,5.9
-23.297,-60.302,7.5
-23.171,-61.565,12.5
-23.190,-61.558,9.5
-23.669,-58.135,9.2
-23.858,-57.342,16.1
-23.815,-58.013,6.7
-23.816,-58.001,23.4
-23.819,-58.008,20.1
-23.821,-57.996,22.9
-23.377,-61.663,9.3
-23.379,-61.653,10.4
-23.878,-58.004,10.1
-23.888,-58.006,34.7
-23.889,-57.994,14.6
-23.677,-59.687,7.8
-23.686,-59.689,10.1
-23.425,-61.657,8.4
-23.866,-58.452,8.2
-23.854,-58.691,13.4
-23.856,-58.681,45.9
-23.865,-58.682,26.3
-23.891,-58.478,5.5
-23.893,-58.467,11.0
-23.874,-58.683,10.9
-23.478,-61.606,7.3
-23.479,-61.596,7.5
-23.884,-58.685,47.4
-23.885,-58.674,51.0
-23.944,-58.925,12.2
-23.952,-58.937,19.2
-23.960,-58.949,12.2
-23.969,-58.950,52.4
-23.970,-58.940,26.8
-23.990,-58.917,129.8
-23.992,-58.907,33.0
-23.998,-58.929,51.1
-23.999,-58.919,303.1
-24.001,-58.908,13.1
-23.657,-61.460,6.7
-24.014,-58.878,14.3
-23.920,-60.268,1107.9
-23.921,-60.259,707.8
-23.924,-60.239,8.2
-23.977,-60.836,14.9
-24.710,-55.345,14.5
-24.541,-56.981,12.4
-24.453,-57.887,6.5
-24.455,-57.875,15.9
-24.463,-57.888,41.5
-24.464,-57.876,48.0
-24.576,-56.958,13.2
-24.577,-56.945,11.7
-24.353,-58.829,27.7
-24.354,-58.818,18.5
-24.360,-58.825,18.1
-24.594,-56.954,66.3
-24.310,-59.359,9.9
-24.603,-56.969,7.8
-24.604,-56.955,34.7
-24.063,-61.207,8.6
-24.546,-57.712,18.9
-24.549,-57.687,19.1
-24.551,-57.675,5.9
-24.146,-60.817,6.6
-24.158,-61.002,13.7
-24.172,-60.965,10.1
-24.857,-55.463,10.8
-24.859,-55.446,28.4
-24.369,-59.744,10.7
-24.447,-59.155,6.1
-24.448,-59.145,17.6
-24.220,-61.131,7.2
-24.233,-61.120,7.9
-24.488,-59.263,23.4
-24.729,-58.041,26.7
-24.730,-58.029,20.5
-24.733,-58.035,69.1
-24.896,-56.704,9.4
-24.492,-60.059,11.5
-24.501,-60.060,14.4
-25.002,-56.667,7.8
-25.030,-57.232,21.6
-24.781,-59.410,10.2
-24.581,-61.187,8.2
-24.583,-61.178,6.0
-24.634,-60.820,15.2
-24.722,-60.265,22.3
-24.723,-60.255,17.0
-24.726,-60.236,23.0
-24.735,-60.237,57.4
-24.736,-60.227,39.8
-24.818,-59.620,11.5
-24.697,-60.639,47.8
-24.698,-60.630,43.6
-24.706,-60.641,25.0
-24.707,-60.631,21.5
-24.998,-58.659,9.0
-24.907,-60.120,9.2
-25.276,-60.113,29.7
-25.277,-60.103,7.9
-25.314,-60.308,8.6
-25.611,-57.998,20.3
-25.409,-60.218,13.0
-25.410,-60.208,12.9
-25.725,-57.983,10.4
-25.726,-57.970,32.2
-25.736,-57.972,6.2
-25.785,-57.910,9.3
-25.786,-57.898,6.6
-26.038,-56.254,8.5
-25.090,-64.563,7.4
-25.760,-61.200,14.1
-25.767,-61.211,9.4
-25.769,-61.201,11.5
-26.580,-55.647,11.5
-26.205,-59.206,19.3
-25.906,-61.467,8.4
-25.907,-61.458,12.2
-26.394,-57.919,6.3
-26.395,-57.912,9.7
-26.036,-60.885,26.1
-26.332,-58.928,18.3
-26.059,-61.246,17.1
-25.981,-61.844,8.9
-25.983,-61.835,9.5
-26.222,-60.737,17.4
-25.823,-64.052,7.1
-26.280,-61.045,16.5
-26.282,-61.035,14.6
-25.835,-64.101,9.4
-26.297,-61.118,6.9
-26.511,-59.681,7.5
-26.577,-59.243,17.0
-26.578,-59.232,38.2
-26.483,-60.981,6.4
-26.484,-60.971,12.6
-26.631,-60.708,14.3
-26.547,-61.562,16.1
-26.644,-61.081,11.2
-27.034,-58.098,8.5
-26.715,-62.678,6.7
-26.765,-63.020,29.4
-26.766,-63.010,39.2
-27.007,-61.441,11.6
-26.887,-62.456,6.3
-27.460,-60.903,9.9
-27.461,-60.893,5.1
-27.540,-60.450,5.3
-27.301,-62.224,9.6
-27.801,-58.416,5.5
-27.855,-59.448,12.1
-28.310,-58.496,9.3
-28.492,-62.399,6.3
-28.494,-62.389,6.7
-28.494,-62.700,4.1
-29.201,-67.038,6.4
-23.480,46.987,45.9
-22.918,46.860,41.3
-22.908,46.852,28.1
-22.166,46.365,48.0
-21.893,47.706,23.5
18.407,42.839,11.4
-21.892,47.699,29.8
46.152,53.397,148.4
-21.855,45.994,71.7
24.800,53.730,25.9
-21.647,47.895,55.4
24.831,53.627,58.6
46.154,53.428,20.9
24.829,53.602,29.5
24.852,53.699,29.9
-21.646,47.890,53.9
-21.460,46.723,29.7
46.145,53.397,131.4
24.833,53.504,36.6
-20.910,45.292,143.6
49.877,73.302,90.2
24.895,53.719,27.9
-20.908,45.284,117.3
25.158,52.864,67.0
49.872,73.298,81.3
25.171,52.862,38.0
48.236,57.353,9.5
-20.234,48.147,37.2
25.159,52.881,33.7
-20.229,48.138,26.6
25.157,52.859,45.0
-19.415,45.343,44.9
48.378,57.420,29.9
25.172,52.879,48.0
-19.411,45.335,41.6
25.170,52.857,25.6
25.526,53.158,22.6
25.524,53.135,29.5
25.536,53.152,19.3
-18.393,47.915,17.5
50.097,58.051,11.9
27.795,48.630,8.6
51.617,68.846,15.3
-18.533,46.010,46.4
27.796,48.625,12.9
-18.195,47.931,75.3
28.295,49.580,15.6
51.627,68.843,34.5
28.309,49.519,59.2
-18.189,47.925,66.0
28.364,49.630,106.0
51.664,68.962,15.9
-17.648,47.103,57.1
28.363,49.615,28.8
51.677,68.982,21.4
-17.647,47.095,70.4
28.372,49.637,15.4
51.675,68.960,8.6
50.232,58.261,145.0
-17.510,47.539,27.4
50.229,58.245,260.1
-17.328,48.247,49.5
28.370,49.622,39.1
51.686,68.712,15.2
-17.334,47.943,16.3
28.493,49.719,31.6
-17.332,48.241,33.6
28.492,49.704,29.8
51.684,68.691,9.4
28.515,49.535,16.7
-17.118,48.255,16.9
51.712,68.641,44.1
-17.119,48.270,33.6
30.681,47.329,77.5
-17.111,48.109,91.7
51.710,68.619,186.4
-17.113,48.086,27.9
51.708,68.598,96.8
-17.097,48.108,30.9
51.722,68.638,30.6
30.822,47.336,13.9
51.721,68.617,7.1
-16.747,48.663,20.6
51.717,68.656,14.1
-16.573,48.482,18.5
30.820,47.324,22.5
51.715,68.634,52.4
-16.571,48.495,18.5
30.875,47.332,18.4
51.713,68.613,42.0
-16.474,48.100,65.9
31.307,48.769,13.4
51.711,68.592,21.4
-16.476,48.080,82.4
31.653,47.518,21.4
-16.417,48.250,30.7
31.760,46.043,35.6
51.809,68.071,25.5
-16.419,48.243,39.1
51.983,68.736,7.3
-16.191,48.740,28.7
50.351,57.130,15.0
-16.193,48.719,193.8
-16.178,48.737,37.5
-16.180,48.717,369.0
50.350,57.124,11.0
-16.183,48.695,53.7
51.930,67.863,6.4
-16.584,44.612,67.0
51.930,67.762,10.3
-16.176,48.730,90.5
52.341,71.285,23.6
52.339,71.255,113.9
-16.179,48.710,160.6
52.145,65.915,8.7
-16.581,44.604,97.7
-16.038,48.371,40.6
52.143,65.899,32.7
-16.040,48.350,25.7
52.154,65.913,11.9
52.152,65.896,74.0
-16.006,48.534,18.0
-16.329,45.543,47.5
52.410,66.754,15.5
-16.039,48.364,54.8
-16.003,48.549,13.8
52.408,66.736,8.1
52.463,66.583,14.4
-16.321,45.535,49.7
52.461,66.565,14.3
-16.020,47.965,18.1
-16.023,47.942,39.2
52.672,68.409,16.4
52.670,68.387,47.9
-16.255,45.306,64.7
-15.931,47.949,44.0
52.683,68.407,24.0
3.934,-58.405,7.6
52.681,68.385,49.3
-15.850,48.421,25.8
2.866,-51.146,34.7
52.600,66.823,17.4
32.347,47.703,21.0
3.604,-59.511,12.0
3.602,-59.496,14.2
52.598,66.804,10.1
-15.835,48.439,38.8
32.357,47.701,38.3
2.385,-51.008,15.9
51.332,56.681,6.7
-15.837,48.418,97.2
32.355,47.688,23.8
1.958,-56.027,5.0
32.490,47.205,11.8
-15.835,48.432,81.1
1.956,-56.018,6.1
1.945,-56.002,14.9
-15.837,48.411,47.0
32.484,45.662,6.8
1.681,-55.966,7.8
51.328,56.663,19.1
33.305,47.691,14.5
-15.737,47.502,19.6
1.680,-55.957,13.3
52.790,66.111,6.7
32.997,44.429,6.9
1.666,-55.923,11.8
-15.723,47.501,26.4
52.938,66.055,38.9
1.627,-55.901,9.4
32.995,44.419,20.8
-15.588,47.764,34.8
1.482,-55.722,6.9
33.158,44.788,7.0
-15.454,48.124,24.7
0.633,-54.380,53.9
52.936,66.037,14.3
-15.439,47.939,23.7
33.322,44.570,8.6
0.632,-54.371,6.6
52.947,66.052,4.7
34.121,47.355,28.3
-15.540,46.586,26.1
33.803,44.121,6.6
52.966,62.990,53.0
-0.443,-52.033,20.0
-15.393,47.675,22.2
33.686,42.406,17.6
52.964,62.976,66.4
-15.142,48.996,21.5
33.684,42.395,22.5
53.396,66.252,8.6
-15.236,48.084,23.0
34.617,46.641,34.3
-0.445,-52.020,12.0
52.623,59.360,6.4
-15.239,48.080,27.6
34.561,45.758,10.8
-1.049,-53.567,10.0
-15.223,48.100,18.6
52.631,59.356,8.0
34.201,42.445,42.4
-1.050,-53.556,5.6
-15.210,48.098,116.4
34.716,44.569,8.1
52.629,59.342,6.8
-15.204,47.457,19.5
-1.036,-53.728,6.9
34.714,44.558,17.3
-15.194,47.472,45.5
34.863,44.021,13.7
-1.096,-53.706,5.5
53.668,66.604,9.3
-15.196,47.448,21.5
-1.233,-54.103,8.6
-14.964,48.850,39.8
53.666,66.584,5.8
-14.961,48.845,37.0
54.111,72.201,32.1
-14.939,48.617,29.1
-1.234,-54.094,8.2
53.236,62.854,10.3
-14.966,48.391,16.1
-1.975,-54.260,7.0
-14.969,48.371,75.2
53.234,62.840,269.7
34.942,43.283,5.9
-1.977,-54.251,23.1
-14.956,48.369,44.4
35.294,45.728,7.7
-14.810,49.274,16.1
-2.678,-56.463,2.5
-14.805,48.857,13.0
-3.836,-55.905,8.6
35.019,43.505,8.5
-14.807,48.838,15.3
53.232,62.825,38.1
-6.008,-47.378,33.1
-14.736,49.223,18.2
35.018,43.495,15.8
-6.162,-52.896,8.8
-14.782,48.742,20.5
51.861,54.689,17.1
35.242,44.435,23.4
-14.730,49.217,17.7
-6.660,-55.103,6.6
51.863,54.683,9.7
-14.502,48.449,18.7
35.241,44.424,16.7
-6.661,-55.093,4.5
-13.636,49.327,15.7
53.422,63.717,10.5
35.379,44.215,10.8
-13.210,49.081,30.2
-7.482,-54.972,9.3
35.481,44.153,41.1
53.433,63.729,5.3
-13.174,49.104,11.2
35.526,44.346,7.2
52.817,59.510,4.7
-7.500,-55.021,8.0
-12.925,49.157,15.5
35.525,44.335,10.0
52.029,55.197,8.5
-12.809,49.530,17.3
-7.679,-54.740,33.8
35.628,44.009,35.0
51.601,52.933,21.9
-12.869,49.061,12.0
35.627,43.998,7.0
-7.682,-54.856,6.2
53.622,63.682,4.1
35.724,44.039,22.9
-12.581,48.973,17.6
-7.684,-54.846,7.0
-7.688,-54.852,6.2
53.572,63.295,9.2
35.815,43.563,6.7
-7.718,-54.772,6.9
53.905,66.043,8.5
-12.441,49.178,28.8
36.455,43.256,5.6
53.581,63.292,7.5
-7.777,-54.695,11.1
-12.443,49.162,45.6
53.617,62.507,3.8
-12.442,49.171,56.6
53.788,63.676,4.8
-12.444,49.155,13.2
36.539,43.719,52.9
53.632,62.485,54.3
-7.868,-54.703,10.4
-12.431,49.169,13.4
36.613,43.376,52.0
-7.870,-54.693,10.4
-7.827,-55.135,12.9
36.076,39.987,8.5
54.122,66.565,13.1
-8.035,-54.897,9.1
36.676,43.054,10.2
53.797,63.673,42.8
-9.978,-50.155,80.0
53.795,63.657,13.6
53.643,62.497,12.2
-9.981,-50.131,80.7
53.641,62.482,29.4
54.132,66.562,20.9
-10.209,-49.992,47.3
36.533,42.095,7.7
53.812,63.503,11.7
36.531,42.085,23.0
53.670,62.361,9.1
-10.212,-49.999,40.6
36.660,42.316,5.4
53.668,62.346,26.1
-9.087,-61.450,15.8
36.897,42.840,11.9
-9.088,-61.438,7.8
53.750,62.527,3.8
36.895,42.829,26.5
53.748,62.512,8.1
-10.808,-48.754,41.7
53.915,63.573,5.8
36.848,42.270,6.6
36.851,42.056,5.8
53.334,59.555,8.9
-10.812,-48.721,58.0
53.331,59.540,4.0
-10.806,-48.726,83.0
36.968,42.639,13.0
-9.165,-61.404,70.2
37.689,48.073,20.4
54.393,67.741,18.4
-9.175,-61.405,49.7
36.600,40.047,25.2
-10.416,-53.827,15.3
36.598,40.035,75.6
53.844,62.406,8.0
36.816,41.056,10.9
37.020,42.004,5.8
36.761,40.385,9.2
-10.513,-53.500,15.1
36.456,38.645,15.9
-10.896,-50.686,82.7
53.842,62.391,8.7
37.115,42.380,10.1
-10.946,-50.676,43.0
36.878,40.593,7.3
-10.949,-50.653,38.2
36.886,40.579,5.6
-11.140,-50.057,58.7
54.204,65.015,7.8
-11.128,-50.062,99.7
-9.937,-60.716,11.6
36.861,40.378,10.2
54.214,65.012,7.2
-11.219,-54.091,25.4
37.145,42.018,6.7
-11.221,-54.078,29.8
54.212,64.995,15.2
36.857,40.186,5.3
-10.824,-57.233,27.7
53.456,59.037,28.4
-10.826,-57.224,20.0
36.866,40.184,6.9
-11.277,-54.433,9.4
53.453,59.022,12.6
37.088,41.016,7.5
-11.390,-54.430,11.9
38.331,43.166,2.2
54.648,66.436,13.1
-10.816,-60.743,26.7
38.112,40.790,12.1
-10.818,-60.732,18.0
55.168,61.657,9.0
37.748,38.437,13.8
-11.781,-54.252,14.5
37.745,38.423,14.8
-11.783,-54.239,15.8
55.113,60.748,8.1
-12.281,-50.161,43.9
37.728,38.154,31.0
55.111,60.733,5.0
-11.409,-57.853,7.6
37.561,36.918,5.8
-12.054,-54.015,12.8
55.122,60.744,3.6
-12.065,-54.016,13.9
39.254,48.207,13.0
-13.165,-48.570,61.1
55.128,60.639,8.4
-13.169,-48.538,49.0
40.296,47.895,14.6
55.126,60.624,14.0
40.083,45.826,23.2
55.281,61.456,12.4
40.104,45.464,7.8
41.536,46.276,19.4
52.940,49.141,49.7
43.156,46.018,7.3
-12.142,-57.237,11.0
52.931,49.108,145.8
43.391,46.265,13.9
55.072,58.987,6.0
43.396,46.208,11.7
-12.398,-58.036,7.5
57.419,60.093,7.5
43.435,46.055,9.2
-12.447,-58.412,6.8
57.913,60.009,4.6
43.490,45.513,11.6
-11.477,-66.061,42.8
57.940,60.060,12.2
43.529,45.397,8.6
-12.880,-58.280,8.4
43.527,45.380,15.2
57.938,60.044,15.4
43.964,46.932,9.9
-12.116,-65.382,17.9
-12.167,-65.414,23.6
43.792,44.450,6.6
-12.170,-65.391,17.5
57.946,60.039,11.8
-12.591,-65.381,53.8
44.822,43.902,7.7
-13.530,-61.962,12.4
44.820,43.887,16.1
-15.207,-50.255,52.5
-15.205,-50.260,37.9
-15.208,-50.231,45.3
45.436,44.581,6.4
-15.096,-54.711,27.6
46.773,48.114,15.4
-13.282,-66.884,133.9
46.173,39.611,18.2
-13.297,-66.887,69.9
46.391,39.831,6.6
46.389,39.819,18.1
46.464,39.567,4.9
46.462,39.554,30.0
47.130,39.805,23.5
47.139,39.802,20.0
47.455,41.383,5.9
46.814,36.628,9.7
46.676,34.302,35.9
47.352,37.592,6.7
47.683,39.393,7.3
47.223,35.701,16.1
47.477,36.991,5.1
48.443,43.952,7.7
47.838,38.065,5.3
47.846,38.062,5.0
47.843,37.619,5.0
47.841,37.606,10.5
49.787,43.964,6.5
50.509,46.260,12.7
-8.381,122.706,129.9
-8.386,122.701,143.1
-8.531,114.000,6.0
-31.466,117.000,8.0
-8.237,113.519,4.5
-8.168,113.285,5.6
-31.468,116.988,19.1
-8.252,112.599,7.4
-8.253,112.590,4.8
-20.593,116.779,4.5
-8.216,112.734,5.9
-8.216,112.180,9.8
-7.773,114.214,4.9
-7.938,113.009,9.0
-7.654,112.323,8.9
-7.655,112.314,8.2
-7.448,112.143,6.1
-7.326,112.437,5.7
-7.299,111.321,12.1
-7.300,111.311,12.5
-6.551,111.009,16.8
-6.541,111.008,32.4
-4.729,120.307,21.4
-4.737,120.302,20.2
-3.790,116.178,7.3
-3.791,116.166,8.3
-3.739,116.176,23.9
-3.740,116.164,107.5
-2.910,121.564,44.9
-3.447,115.033,5.2
-3.324,115.185,6.6
-3.315,115.184,9.3
-3.268,115.379,5.7
-3.214,115.480,7.1
-4.457,104.974,23.4
-3.203,114.203,5.2
-4.456,104.968,24.6
-2.939,115.234,6.5
-3.082,114.010,10.3
-3.088,113.964,22.1
-3.072,114.017,7.1
-3.073,114.008,6.9
-3.268,112.602,6.6
-3.269,112.594,12.8
-3.260,112.592,7.7
-3.254,112.164,11.1
-3.170,112.708,7.7
-3.245,112.163,10.9
-3.246,112.154,25.3
-3.167,112.600,6.4
-3.109,112.809,7.6
-3.085,112.913,9.8
-3.098,112.629,9.6
-3.099,112.620,4.2
-3.066,112.732,5.9
-3.067,112.723,4.5
-3.036,112.879,6.2
-3.090,112.485,5.4
-3.027,112.878,4.6
-3.047,112.738,4.1
-3.103,112.326,4.2
-2.978,113.152,56.4
-2.980,113.143,19.4
-3.086,112.371,5.1
-3.087,112.362,5.5
-3.132,112.036,18.4
-3.133,112.027,20.6
-2.968,113.160,38.7
-2.970,113.151,11.7
-2.960,113.159,16.7
-2.773,114.310,6.9
-2.909,113.332,4.9
-2.900,113.331,12.6
-2.901,113.322,11.0
-3.027,112.408,8.3
-3.028,112.399,16.1
-3.049,112.250,6.5
-3.018,112.406,7.6
-3.040,112.248,5.9
-2.920,112.905,5.0
-2.921,112.896,4.2
-2.856,113.309,33.0
-2.847,113.308,236.8
-2.848,113.299,53.3
-2.838,113.307,8.4
-2.903,112.831,22.1
-2.688,114.321,4.3
-2.690,114.311,13.2
-2.707,114.188,10.5
-2.893,112.838,17.8
-2.895,112.829,17.6
-2.905,112.751,6.8
-2.679,114.319,7.1
-2.681,114.310,11.3
-2.698,114.187,9.6
-1.664,120.987,108.2
-1.669,120.960,109.2
-2.818,113.061,6.6
-2.852,112.815,6.2
-2.806,113.062,4.6
-2.808,113.053,10.0
-2.840,112.816,7.6
-2.841,112.807,4.8
-2.760,113.335,10.5
-2.761,113.326,8.8
-2.911,112.236,3.9
-2.751,113.334,5.2
-1.668,120.982,71.2
-2.840,112.620,7.1
-1.652,120.981,89.3
-1.656,120.954,38.7
-2.797,112.872,11.7
-2.820,112.706,8.4
-2.821,112.697,6.2
-2.772,112.985,11.1
-2.773,112.977,19.6
-2.788,112.871,6.1
-2.789,112.862,6.4
-3.770,105.575,31.3
-3.773,105.551,55.8
-2.577,114.328,9.9
-2.763,112.984,5.3
-2.764,112.975,9.0
-3.759,105.549,25.9
-3.745,105.548,19.9
-2.558,114.326,12.2
-2.742,113.008,4.0
-2.743,112.999,6.3
-2.766,112.832,13.4
-3.740,105.475,58.6
-3.743,105.452,47.7
-2.751,112.875,4.3
-3.726,105.474,23.4
-3.729,105.450,151.1
-3.732,105.426,21.8
-2.748,112.815,11.8
-2.712,113.016,6.3
-2.739,112.813,6.8
-2.741,112.805,12.3
-3.739,105.540,19.5
-3.748,105.470,34.9
-2.700,113.032,9.1
-2.702,113.023,43.1
-2.703,113.014,6.2
-3.735,105.468,96.1
-3.738,105.444,58.9
-2.692,113.031,16.5
-2.693,113.022,52.7
-2.694,113.013,16.7
-3.721,105.466,18.2
-3.724,105.443,107.3
-2.683,113.029,14.4
-2.684,113.021,35.6
-2.685,113.012,13.2
-2.675,113.019,27.4
-2.676,113.011,7.1
-2.862,111.524,6.2
-2.863,111.515,5.9
-3.784,104.532,21.0
-2.753,112.190,4.3
-2.568,113.387,5.6
-2.639,112.874,3.6
-2.193,116.043,8.7
-2.560,113.386,4.9
-2.610,113.022,11.0
-2.281,115.336,5.8
-2.600,113.030,22.8
-2.601,113.021,19.4
-2.617,112.907,4.9
-2.618,112.898,4.1
-2.590,113.037,18.7
-2.591,113.029,46.9
-2.592,113.020,23.9
-2.907,110.724,24.7
-2.908,110.714,33.9
-2.581,113.036,7.3
-2.582,113.027,10.4
-2.048,105.461,17.7
-2.897,110.723,22.5
-2.899,110.713,34.5
-2.690,112.175,4.0
-2.051,105.439,31.3
61.348,112.808,80.2
-1.377,121.178,26.9
-0.341,115.821,5.5
-2.209,115.493,6.4
-3.505,105.781,16.4
-0.343,115.809,21.1
61.344,112.788,17.5
-3.508,105.759,13.7
-2.174,115.584,9.0
-1.935,103.806,46.2
-1.379,121.199,35.0
21.019,106.533,4.1
-1.934,103.830,24.0
-3.497,105.773,17.0
-2.803,110.743,7.5
-1.938,103.800,31.4
-3.493,105.590,63.4
-1.853,103.969,30.6
-3.607,104.610,19.0
22.523,107.807,4.2
-2.471,112.970,5.5
-1.857,103.940,33.3
-3.721,103.474,123.4
23.376,111.161,12.1
-1.587,105.765,21.8
-3.725,103.439,33.5
-1.855,103.964,55.5
24.019,106.870,10.8
-2.443,112.960,7.5
-2.433,112.967,12.7
-1.589,105.760,19.5
24.018,106.860,5.1
-2.434,112.959,45.5
-1.821,103.989,19.7
24.819,109.374,4.3
-3.730,103.470,97.9
-3.713,103.468,52.5
0.003,116.801,20.5
-2.295,113.835,11.7
0.001,116.787,15.7
-2.296,113.825,10.3
-2.411,112.928,16.9
0.003,116.795,30.9
-2.640,111.195,6.0
0.039,116.805,80.8
-3.477,104.914,158.5
0.037,116.790,10.0
-3.480,104.888,28.5
-3.462,104.912,125.4
0.050,116.803,52.2
-3.466,104.886,18.4
0.061,116.802,19.7
-2.117,114.841,15.5
0.145,116.665,17.4
-3.366,105.544,13.4
0.152,116.635,9.5
-3.412,105.188,18.2
-1.509,104.385,28.2
-3.415,105.163,72.3
-3.471,104.933,33.1
0.214,116.829,12.7
-3.474,104.907,167.0
0.212,116.814,21.8
-3.422,105.182,22.2
-1.504,104.405,21.2
-3.425,105.158,35.0
-1.508,104.379,18.5
-3.460,104.905,46.1
0.225,116.827,88.1
-3.408,105.181,21.4
0.223,116.812,84.3
-3.411,105.156,17.3
0.208,116.620,11.4
-1.900,115.862,6.8
-1.209,104.238,64.8
-1.890,115.860,20.6
-2.317,112.811,3.4
-1.190,104.263,34.4
-3.306,105.192,16.7
-1.194,104.236,273.2
-3.309,105.167,36.3
-1.198,104.209,80.9
-2.158,113.756,7.0
0.602,117.159,10.8
-2.160,113.747,7.8
-1.189,104.257,62.1
-2.149,113.755,5.6
-1.193,104.229,179.6
-3.316,105.188,13.9
4.656,103.370,32.6
-3.319,105.163,14.0
4.660,103.365,24.5
-3.288,105.283,22.3
-3.292,105.259,16.1
-2.150,113.422,12.5
-2.414,111.496,6.6
-2.088,113.737,6.3
-2.109,113.518,7.6
-2.071,113.719,37.1
-2.072,113.710,23.5
-2.127,113.312,3.5
-2.062,113.718,80.0
-2.063,113.709,72.7
-2.272,112.194,9.2
-2.096,113.408,6.2
-2.097,113.399,10.4
-2.045,113.706,9.4
-2.087,113.407,13.1
-2.088,113.398,45.9
-2.089,113.389,9.9
-3.152,105.084,21.0
-3.137,105.083,32.5
-3.148,105.079,46.3
-3.116,105.100,20.3
-1.924,113.786,9.1
-3.036,105.592,35.8
-3.023,105.590,28.9
-1.912,113.607,5.7
-1.913,113.598,12.1
-1.888,113.644,4.7
-2.248,110.825,5.0
-1.803,113.990,8.3
-1.805,113.981,8.7
-2.837,106.403,91.3
-1.764,114.207,5.8
-1.843,113.508,5.2
-1.834,113.506,18.0
-1.835,113.497,7.3
-1.837,113.488,4.8
-1.790,113.755,9.4
-1.791,113.746,18.4
-1.750,113.977,12.2
-1.752,113.968,15.7
-1.795,113.653,9.3
-1.785,113.457,4.9
-1.786,113.448,5.1
-1.738,113.729,6.9
-1.694,113.979,82.2
-1.696,113.969,17.3
-1.685,113.978,12.2
-3.015,104.022,27.1
-1.711,113.725,4.3
-1.713,113.716,10.4
-2.999,104.020,319.7
-3.003,103.990,358.5
-1.904,112.252,19.8
-1.737,113.334,4.1
-3.003,104.014,373.7
-3.007,103.984,168.4
-1.689,113.548,5.9
-2.988,104.012,248.0
-2.992,103.982,158.7
-1.683,113.529,6.8
-1.708,113.348,2.6
-2.000,111.158,10.8
-2.666,106.210,18.4
-2.669,106.190,11.1
-2.677,106.130,63.0
-1.626,113.745,3.5
-1.646,113.533,5.4
-1.467,114.700,6.9
-1.670,113.218,19.8
-1.671,113.209,9.8
-2.688,105.567,29.8
-2.747,105.126,19.1
-1.785,111.577,9.0
-1.029,116.895,11.9
-2.425,106.058,10.6
-0.880,117.139,7.2
-2.338,106.121,22.4
-2.433,105.423,66.9
-1.604,110.751,6.7
-2.045,106.064,12.7
50.726,45.949,38.1
50.721,45.944,38.0
48.589,29.466,6.0
48.017,27.012,9.1
50.639,38.134,7.5
51.141,37.927,5.0
49.781,30.183,10.7
51.194,34.306,5.0
52.927,49.127,178.7
52.925,49.086,60.3
52.915,49.083,43.4
52.932,49.163,52.9
52.930,49.122,163.0
52.264,34.534,7.8
54.563,33.163,33.6
-0.270,-78.332,7.2
-0.355,-78.448,5.4
58.449,-119.227,24.1
34.653,-77.274,11.0
43.681,95.018,12.2
34.651,-77.259,11.0
43.682,95.012,9.0
33.013,-79.882,14.7
19.557,-71.717,8.6
18.666,-71.033,47.0
55.187,89.842,28.2
-7.622,-78.054,5.8
55.182,89.821,14.3
-7.624,-78.042,11.7
-7.818,-78.044,6.3
-9.293,-75.990,15.4
-9.294,-75.995,20.6
-9.341,-77.556,6.6
-9.528,-77.532,11.1
0.759,22.565,6.5
-30.586,29.768,8.6
-26.237,27.089,97.8
-16.918,34.199,11.9
37.132,14.222,7.2
-16.920,34.187,9.9
37.170,14.268,13.8
-17.468,30.629,7.8
-17.867,27.792,15.8
37.156,14.130,8.6
37.175,14.003,12.8
37.172,13.989,6.3
37.155,13.788,7.5
37.370,14.926,8.2
37.368,14.913,23.9
37.340,14.643,7.6
37.458,14.723,6.2
37.475,13.549,11.4
37.473,13.317,16.1
37.067,9.746,43.0
37.071,9.766,18.6
37.066,9.742,34.3
37.093,9.438,19.8
37.862,13.170,19.5
37.827,12.989,10.1
37.091,9.432,21.3
37.248,9.534,63.8
38.687,16.168,24.6
36.794,6.002,33.0
36.781,5.954,49.9
36.800,5.990,47.6
40.630,19.558,7.4
40.819,19.518,7.8
40.704,17.403,4.5
40.580,16.205,4.3
-25.857,29.482,7.3
-25.814,29.493,65.9
-24.951,26.955,11.3
-24.950,26.740,27.3
40.679,15.760,7.5
3.587,33.726,52.9
-17.023,33.482,11.8
-24.955,26.736,22.9
40.677,15.749,6.0
3.596,33.743,63.6
-17.858,27.791,26.1
-23.880,34.120,38.5
40.867,16.192,5.0
3.848,33.822,40.5
-16.985,33.658,11.3
-24.871,26.226,19.3
-16.987,33.647,7.8
40.865,16.181,6.9
3.850,33.818,34.4
-24.484,28.635,14.8
2.185,21.320,13.0
-16.485,36.560,30.8
40.941,15.824,5.1
-24.421,29.063,21.1
2.691,20.162,19.1
-16.957,33.770,11.0
41.026,15.662,10.1
-24.306,28.093,11.3
2.693,20.155,15.8
-16.959,33.758,15.4
41.617,19.633,6.0
4.527,32.435,246.4
-16.977,33.645,10.2
41.080,15.471,4.9
-17.390,30.971,36.0
41.149,15.560,5.8
41.012,14.053,6.0
4.540,32.433,200.9
4.537,32.413,58.3
4.581,32.448,34.7
4.594,32.446,69.6
4.579,32.443,42.7
4.592,32.441,67.3
3.838,25.767,6.7
4.774,31.969,22.1
4.772,31.950,19.0
4.005,26.596,7.1
-24.295,28.091,11.1
41.226,15.046,6.2
-17.397,30.926,6.0
4.778,31.962,28.3
-22.422,35.086,14.1
41.906,19.579,7.1
-17.356,31.144,15.3
-23.030,29.326,14.2
5.565,24.636,5.2
41.471,15.007,8.2
-17.223,31.959,7.7
-21.917,33.771,5.5
6.695,29.286,11.5
41.440,13.135,6.3
-17.287,31.424,39.8
7.194,30.465,11.5
44.705,20.998,15.8
-17.288,31.415,76.9
7.472,31.441,20.1
-17.314,31.240,22.9
44.808,20.038,8.0
-21.722,34.900,8.0
7.909,33.072,27.3
44.966,21.187,7.8
8.931,29.882,10.1
44.891,20.053,6.1
9.218,29.718,13.6
-21.920,33.107,14.7
-17.406,30.619,26.1
44.968,20.673,29.7
9.353,29.524,12.6
-21.921,33.098,6.2
-16.413,36.546,24.1
44.882,19.875,23.1
-21.455,34.829,9.8
-16.416,36.528,31.3
44.880,19.859,15.7
-17.324,30.973,6.1
-21.370,33.602,5.3
44.965,20.686,10.0
-17.325,30.963,20.0
-21.169,34.560,6.8
44.963,20.669,14.5
44.888,19.835,17.6
-21.014,34.882,6.0
44.906,19.913,21.2
-16.420,36.540,43.9
44.904,19.897,24.3
-16.784,34.385,9.6
44.916,19.911,37.3
-21.319,32.986,26.3
-16.914,33.581,17.6
44.859,19.397,32.9
-21.058,34.498,52.8
44.900,19.672,12.4
-16.408,36.537,22.9
44.888,19.298,7.7
-21.059,34.487,11.8
-16.427,36.430,25.1
45.152,20.619,12.3
-21.246,33.276,9.1
-16.904,33.579,18.4
45.193,20.827,27.7
45.192,20.809,26.9
-21.020,34.608,9.6
-17.383,30.450,10.7
-21.261,33.126,6.2
45.175,20.437,6.9
-17.951,26.293,14.5
-21.262,33.117,9.3
45.093,19.665,33.7
-17.956,26.250,24.7
-21.015,34.612,5.7
45.091,19.649,13.5
-16.014,38.563,88.8
45.099,19.631,17.7
-16.311,36.944,19.9
-21.294,32.846,4.7
-16.368,36.622,24.9
43.846,11.142,7.1
-21.285,32.844,7.1
-16.406,36.408,42.3
43.843,11.126,7.9
-21.014,34.437,9.5
-17.292,30.949,36.6
44.527,11.415,9.2
-21.208,33.222,9.3
-17.293,30.939,7.7
44.623,11.594,10.8
-21.017,34.300,16.4
-15.770,39.757,47.7
45.457,10.462,8.2
-21.007,34.299,22.6
-17.895,26.388,13.0
45.454,10.446,6.8
-21.254,32.690,6.2
-16.395,36.262,25.4
45.716,11.395,8.3
-21.255,32.680,12.6
-16.879,33.427,9.9
45.714,11.380,5.3
-21.246,32.679,10.5
-16.243,37.032,18.5
48.272,14.346,14.9
-21.190,32.683,4.9
-16.384,36.259,51.6
48.270,14.333,28.9
-20.828,34.564,10.2
-16.829,33.612,10.8
49.384,13.305,4.4
-20.829,34.552,10.1
-17.164,31.501,23.1
-21.006,33.032,9.0
51.680,15.990,4.6
-21.008,33.022,15.4
51.678,15.975,6.0
-17.165,31.492,40.6
-20.733,34.458,13.3
51.687,15.972,5.5
-20.724,34.457,15.1
-17.261,30.850,13.9
-20.725,34.445,27.2
52.155,10.399,4.3
-15.761,39.750,41.0
-20.831,33.794,5.8
-16.390,36.255,23.5
-21.190,31.453,5.3
-16.826,33.617,12.8
-20.924,33.031,24.3
-16.828,33.606,10.2
-21.127,31.368,26.9
-16.378,36.252,40.5
-21.128,31.359,16.7
-17.334,30.155,29.1
-20.732,33.372,11.2
-17.335,30.145,142.9
-20.733,33.362,30.9
-17.476,29.161,13.4
-16.051,37.948,94.3
-21.010,31.420,40.4
-17.325,30.153,10.7
-17.327,30.144,39.3
-20.551,34.081,62.2
-16.207,36.938,17.2
-20.553,34.070,74.9
-16.739,33.849,28.5
-20.545,34.084,10.3
-17.336,29.956,6.6
-17.847,26.125,42.6
-20.546,34.073,35.0
-16.729,33.847,14.2
-20.567,33.944,8.4
-17.418,29.311,10.9
-20.679,33.232,19.1
-17.419,29.302,10.8
-20.681,33.222,18.1
-17.183,30.879,29.8
-20.506,34.144,9.1
-20.424,34.581,19.4
-17.185,30.869,23.1
-20.426,34.569,7.0
-17.198,30.778,17.0
-20.480,34.242,7.5
-17.260,30.359,9.8
-20.467,34.025,20.4
-16.575,34.530,27.1
-20.479,33.737,5.3
-16.577,34.517,11.8
-20.456,33.765,6.0
-16.177,36.725,15.6
-20.351,34.350,9.2
-16.797,33.027,39.3
-20.790,31.533,43.2
-16.799,33.016,9.8
-20.792,31.524,6.8
-20.421,33.802,9.9
-20.455,33.593,10.2
-16.884,32.477,6.2
-20.331,34.258,10.4
-16.692,33.621,26.4
-20.404,33.803,6.2
-16.999,31.670,6.9
-20.406,33.792,7.1
-17.000,31.661,8.8
-20.286,34.354,7.2
-15.527,39.970,34.6
-20.288,34.343,9.0
-20.320,34.086,7.9
-17.702,26.465,19.1
-20.368,33.731,7.7
-20.362,33.709,5.7
-16.139,36.659,14.4
-20.468,32.928,7.9
-16.142,36.641,32.8
-20.550,32.267,8.7
-20.286,33.668,5.4
-16.733,33.190,14.3
-20.807,30.194,7.0
-20.822,30.086,9.8
-15.536,39.968,38.5
-16.088,36.782,45.9
-20.972,28.975,24.3
-16.581,33.869,13.4
-20.224,33.995,9.8
-16.582,33.857,14.7
-16.559,33.817,13.4
-20.402,32.880,7.8
-16.581,33.678,7.7
-20.248,33.726,11.6
-16.583,33.667,10.6
-20.346,33.113,9.0
-17.557,26.969,14.0
-20.347,33.052,9.5
-17.818,24.853,29.5
-20.348,33.042,44.9
-17.820,24.835,30.4
-20.350,33.032,28.7
-20.113,34.344,6.0
-17.462,27.625,11.3
-20.182,33.793,8.2
-17.516,27.129,18.4
-16.032,36.672,30.3
-20.128,33.800,5.8
-16.611,33.251,9.2
-20.039,34.049,6.3
-16.984,30.771,8.6
-15.999,36.835,22.7
-20.038,33.938,7.8
-16.635,33.008,9.7
-20.150,33.241,11.0
-16.636,32.997,31.1
-20.134,33.169,27.2
-16.852,31.538,20.3
-19.878,34.645,10.7
-16.001,36.678,26.1
-19.924,34.308,7.0
-19.925,34.297,10.1
-16.613,32.961,20.1
-20.019,33.718,8.0
-17.460,26.925,16.2
-20.099,33.214,8.1
-16.585,32.956,8.3
-20.033,33.228,20.4
-16.831,31.374,6.8
-20.597,29.311,6.4
-16.947,30.598,33.2
-20.588,29.309,9.5
-20.021,33.122,11.4
-19.763,34.606,15.7
-19.970,33.269,17.4
-19.972,33.258,8.0
-20.505,29.571,6.9
-16.584,32.902,14.8
-16.586,32.892,7.1
-19.914,33.210,14.4
-16.948,30.533,11.4
-19.924,33.150,8.0
-19.806,33.831,9.3
-16.601,32.736,8.8
-19.878,33.381,10.2
-17.426,26.946,11.2
-19.797,33.830,19.8
-19.798,33.819,11.6
-16.594,32.739,9.2
-19.816,33.712,9.4
-16.596,32.729,19.9
-19.817,33.702,27.8
-16.338,34.285,14.0
-19.819,33.691,11.8
-16.534,33.060,10.3
-19.829,33.628,8.4
-17.136,28.954,8.8
-20.446,29.461,5.8
-17.397,27.028,11.1
-19.724,34.212,23.5
-17.111,28.930,20.1
-20.437,29.460,5.5
-17.113,28.920,10.3
-19.876,33.214,17.3
-15.455,38.840,90.8
-15.461,38.811,40.0
-16.202,34.591,11.1
-19.756,33.900,9.2
-16.874,30.347,7.5
-19.780,33.695,6.5
-16.889,30.247,7.8
-19.812,33.496,26.2
-16.890,30.238,6.4
-19.821,33.397,12.2
-17.045,29.141,16.8
-19.842,33.263,15.3
-17.046,29.131,9.0
-19.812,33.395,8.6
-20.305,29.887,5.5
-15.454,38.832,102.0
-20.355,29.526,6.5
-16.905,29.989,8.4
-19.696,33.883,20.9
-16.249,34.198,13.6
-20.407,29.075,6.8
-16.251,34.185,13.2
-20.408,29.064,10.5
-16.762,30.900,15.9
-19.770,33.187,35.9
-16.764,30.891,39.9
-20.283,29.711,12.3
-20.285,29.701,7.1
-16.765,30.882,25.2
-19.700,33.453,7.5
-16.754,30.899,21.9
-20.297,29.342,9.3
-16.755,30.889,11.9
-19.451,34.863,9.0
-16.169,34.551,17.9
-19.440,34.685,11.8
-16.985,29.234,15.0
-20.231,29.015,5.9
-16.987,29.224,14.3
-19.298,35.100,10.1
-16.159,34.549,15.0
-20.234,28.916,8.1
-16.202,34.164,55.0
-19.288,35.099,7.4
-16.204,34.151,15.7
-20.092,29.288,6.3
-16.282,33.559,8.5
-19.274,34.567,9.3
-15.563,37.810,18.0
-20.075,29.275,7.3
-16.341,33.112,10.7
-19.265,34.438,24.7
-16.294,33.349,10.2
-19.267,34.427,13.0
-16.743,30.351,14.3
-19.930,30.004,9.1
-16.463,32.154,8.5
-16.464,32.144,15.3
-19.895,30.186,6.0
-19.843,30.489,8.6
-19.139,34.887,9.4
-19.015,35.542,12.7
-19.775,30.776,5.6
-16.469,32.115,10.4
-19.817,30.417,9.9
-16.619,31.067,13.0
-19.818,30.408,48.3
-19.061,35.102,43.1
-17.157,27.219,16.0
-19.784,30.444,8.0
-18.937,35.769,14.8
-19.051,35.100,79.2
-16.081,34.277,12.0
-19.053,35.087,26.8
-19.014,35.255,18.2
-16.083,34.265,70.4
-19.016,35.242,9.3
-16.620,30.880,47.4
-19.672,31.029,7.1
-18.871,35.891,9.8
-16.472,31.793,20.8
-16.474,31.783,18.0
-18.985,35.236,26.9
-16.757,29.876,14.7
-19.023,35.015,32.5
-16.759,29.866,8.9
-19.117,34.464,6.9
-19.664,30.961,12.7
-16.496,31.569,17.9
-19.042,34.785,9.0
-16.377,32.283,8.2
-18.837,35.818,32.1
-16.912,28.637,22.8
-16.906,28.615,68.6
-16.907,28.605,10.8
-16.297,32.680,16.3
-16.298,32.670,44.0
-16.895,28.624,54.8
-16.897,28.614,14.6
-17.087,27.204,12.7
-16.661,30.211,11.4
-18.810,35.843,23.1
-16.040,34.147,17.3
-16.208,33.061,8.4
-19.760,29.563,7.0
-16.276,32.635,14.5
-16.018,34.156,20.4
-19.762,29.552,11.4
-16.020,34.144,128.9
-18.795,35.676,9.9
-16.235,32.828,26.5
-16.237,32.818,40.0
-19.464,31.436,13.8
-16.191,33.047,15.4
-18.680,36.249,19.2
-19.455,31.435,5.6
-19.090,33.738,4.8
-16.226,32.826,5.7
-19.546,30.749,10.3
-19.630,30.164,6.9
-16.055,33.815,19.9
-19.631,30.155,6.7
-16.055,33.809,19.3
-19.068,33.812,9.5
-19.621,30.163,119.3
-16.432,31.382,11.9
-19.622,30.153,19.0
-19.028,33.998,6.0
-16.595,30.278,4.5
-19.092,33.606,8.1
-19.612,30.162,36.3
-16.597,30.204,8.0
-19.613,30.152,20.2
-17.096,26.605,22.9
-19.019,33.996,7.1
-19.028,33.940,8.5
-16.977,27.269,12.4
-19.148,33.199,10.9
-15.294,37.889,36.0
-19.009,33.995,8.5
-15.211,38.180,33.5
-19.018,33.939,9.4
-16.917,27.417,15.9
-19.082,33.549,9.8
-16.119,32.637,15.1
-19.235,32.583,5.4
-19.074,33.537,7.9
-16.164,32.346,35.1
-19.393,31.491,6.0
-16.166,32.336,10.4
-19.394,31.481,66.0
-19.395,31.472,16.6
-16.191,32.050,8.6
-18.771,35.279,29.0
-16.469,30.074,12.3
-19.048,33.642,8.6
-15.993,33.121,11.2
-18.775,35.288,29.1
-16.459,30.082,9.7
-18.777,35.274,11.6
-16.461,30.073,18.8
-19.011,33.841,9.0
-15.898,33.636,13.6
-19.396,31.334,7.2
-19.397,31.325,45.4
-15.900,33.625,15.6
-19.399,31.316,20.3
-16.066,32.446,42.7
-19.401,31.297,6.4
-16.068,32.436,61.4
-18.968,34.050,8.3
-16.458,29.832,9.5
-15.803,33.974,13.6
-16.144,31.821,9.2
-16.018,32.510,10.8
-19.000,33.850,14.9
-19.001,33.839,6.4
-16.437,29.725,10.0
-16.695,27.789,19.8
-19.015,33.752,7.7
-16.669,27.908,9.8
-19.092,33.267,6.7
-16.670,27.897,13.7
-19.094,33.257,5.0
-16.005,32.415,10.8
-16.007,32.405,21.7
-19.393,31.296,16.1
-16.016,32.346,14.3
-19.394,31.286,17.3
-15.753,33.896,14.2
-16.307,30.288,6.5
-19.395,31.277,4.2
-15.995,32.124,25.4
-18.763,35.230,8.0
-15.996,32.114,8.9
-18.988,33.803,7.6
-19.109,33.041,7.2
-14.711,39.421,32.0
-15.911,32.599,9.8
-18.756,35.079,10.1
-14.643,39.642,35.6
-18.721,35.222,9.7
-16.251,29.919,10.4
-18.970,33.733,8.4
-15.827,32.611,8.5
-16.544,27.689,34.0
-18.742,35.036,46.6
-16.545,27.677,10.4
-18.745,35.023,16.5
-14.809,38.427,28.1
-18.790,34.758,22.1
-16.163,30.343,11.2
-15.836,32.436,14.8
-18.910,34.040,10.0
-15.845,32.376,12.5
-16.405,28.571,36.1
-18.912,34.029,15.1
-16.406,28.561,13.6
-18.969,33.677,6.0
-19.505,30.080,4.7
-16.251,29.608,23.8
-18.539,36.071,16.2
-16.252,29.599,17.1
-18.878,34.115,7.4
-14.998,37.186,41.2
-18.968,33.567,10.4
-15.001,37.170,37.1
-18.875,34.108,11.2
-16.242,29.607,23.3
-16.243,29.598,21.5
-18.886,34.040,11.6
-16.495,27.760,8.8
-18.539,36.064,15.3
-16.230,29.608,18.1
-19.008,33.151,21.3
-16.232,29.599,14.6
-19.009,33.141,23.4
-18.543,35.909,8.8
-16.379,28.560,13.8
-18.508,35.980,9.5
-16.421,28.191,19.6
-18.840,34.020,8.5
-16.433,28.106,10.1
-18.895,33.679,9.5
-16.435,28.096,18.1
-18.902,33.636,6.6
-15.000,37.181,57.1
-18.906,33.495,9.8
-16.207,29.642,28.5
-18.860,33.717,11.9
-16.209,29.633,21.8
-18.896,33.493,9.1
-16.486,27.651,9.5
-19.104,32.175,19.1
-16.200,29.632,34.7
-18.378,36.443,14.5
-16.201,29.622,17.6
-18.909,33.355,17.1
-16.433,27.966,15.2
-18.911,33.345,22.6
-16.191,29.630,12.3
-16.192,29.621,19.2
-18.924,33.262,8.5
-16.456,27.726,11.8
-18.835,33.785,11.3
-14.670,38.591,44.3
-18.379,36.454,14.7
-14.675,38.563,41.2
-18.834,33.729,13.6
-16.394,27.971,9.3
-18.924,33.099,7.7
-16.148,29.680,10.1
-18.926,33.089,7.8
-16.152,29.652,38.0
-18.808,33.769,11.2
-16.383,27.980,16.4
-18.878,33.333,14.9
-16.384,27.970,63.6
-18.915,33.036,18.8
-16.401,27.840,14.5
-18.917,33.026,14.7
-16.138,29.688,46.5
-18.775,33.854,8.1
-16.143,29.651,18.0
-18.836,33.476,8.2
-16.144,29.642,23.2
-18.886,33.164,10.6
-16.127,29.690,14.6
-16.564,26.535,21.1
-18.780,33.764,11.6
-14.670,38.586,58.7
-18.840,33.391,29.9
-16.376,27.853,10.8
-18.842,33.381,16.2
-16.302,28.326,11.1
-18.872,33.194,21.7
-16.367,27.852,7.5
-18.770,33.762,48.6
-16.348,27.915,9.3
-18.862,33.192,11.8
-15.640,32.682,9.9
-18.961,32.566,12.3
-16.337,27.925,16.3
-18.963,32.556,10.9
-16.021,30.113,47.8
-18.964,32.547,6.1
-16.022,30.104,16.3
-18.876,33.049,7.6
-15.625,32.658,8.8
-19.119,31.474,10.7
-16.008,30.139,9.7
-18.705,34.036,7.5
-16.009,30.130,11.1
-18.726,33.913,8.0
-16.011,30.121,11.3
-18.728,33.902,22.4
-16.290,28.060,11.1
-18.849,33.159,15.0
-16.254,28.257,25.1
-18.955,32.486,15.6
-16.255,28.247,18.6
-18.988,32.276,8.7
-15.595,32.663,8.9
-19.108,31.482,5.1
-15.597,32.653,10.6
-19.110,31.473,7.9
-15.992,29.981,12.5
-18.776,33.568,22.1
-15.993,29.972,12.0
-18.778,33.557,14.2
-15.995,29.963,17.6
-18.839,33.171,11.3
-15.982,29.989,16.5
-18.669,34.175,7.6
-15.983,29.979,33.1
-18.767,33.566,42.7
-15.987,29.952,35.2
-18.768,33.556,39.4
-15.988,29.943,38.9
-18.937,32.476,12.6
-14.909,36.650,21.8
-18.938,32.467,13.6
-15.966,30.033,7.2
-18.681,34.036,6.3
-15.980,29.942,38.3
-18.705,33.891,16.4
-15.981,29.933,60.4
-18.747,33.629,13.7
-16.185,28.500,23.6
-18.273,36.392,35.5
-15.972,29.931,49.2
-18.738,33.627,34.5
-15.975,29.913,21.6
-15.976,29.904,10.4
-18.759,33.435,11.7
-15.977,29.895,9.6
-18.800,33.175,6.6
-15.961,29.948,16.5
-18.807,33.135,5.5
-15.967,29.902,54.1
-18.983,31.997,19.3
-15.969,29.893,232.9
-18.984,31.988,5.8
-15.970,29.884,168.1
-18.259,36.339,16.3
-15.720,31.507,12.2
-18.667,33.941,7.7
-15.959,29.901,65.9
-18.738,33.507,7.0
-15.960,29.892,39.1
-15.543,32.585,7.9
-18.974,31.996,16.7
-15.940,29.964,12.8
-18.730,33.494,6.2
-15.946,29.927,21.1
-19.425,28.772,135.1
-15.947,29.918,37.0
-15.948,29.909,14.5
-19.426,28.761,20.8
-15.534,32.584,7.5
-16.112,28.621,5.8
-18.400,35.407,14.5
-16.116,28.474,10.4
-18.644,33.960,6.8
-16.072,28.518,15.0
-18.635,33.958,9.0
-15.619,31.504,22.0
-19.047,31.332,6.7
-15.087,34.741,17.5
-19.048,31.323,9.7
-18.690,33.564,12.9
-15.566,31.794,11.8
-18.702,33.489,11.1
-15.557,31.793,15.2
-18.722,33.363,15.5
-16.031,28.542,28.7
-18.782,32.994,7.7
-15.443,32.458,8.2
-18.864,32.474,11.1
-16.022,28.540,12.9
-18.865,32.464,9.0
-15.560,31.641,16.3
-18.698,33.483,12.0
-16.063,28.189,8.7
-18.716,33.367,9.3
-16.064,28.178,12.5
-18.546,34.364,10.7
-15.592,31.311,12.9
-18.688,33.481,5.8
-15.593,31.302,16.6
-18.937,31.869,17.2
-14.969,35.149,12.3
-18.939,31.860,11.5
-15.515,31.760,6.4
-18.360,35.423,26.4
-15.559,31.467,9.4
-18.365,35.395,27.8
-15.561,31.458,13.0
-18.600,33.969,9.8
-15.367,32.648,13.3
-18.602,33.958,21.4
-16.039,28.015,10.7
-18.604,33.947,11.6
-16.040,28.005,16.1
-18.606,33.936,10.1
-18.659,33.608,8.2
-15.921,28.799,19.8
-18.832,32.502,6.2
-15.486,31.648,6.0
-18.929,31.867,21.7
-18.930,31.858,17.7
-15.934,28.571,14.1
-18.194,36.320,23.9
-14.623,36.706,9.2
-18.349,35.421,23.9
-15.424,31.935,11.1
-18.352,35.407,28.3
-18.553,34.136,12.7
-18.608,33.799,6.2
-18.610,33.788,8.5
-15.435,31.858,17.9
-18.544,34.133,18.3
-15.437,31.849,9.1
-18.683,33.276,8.4
-15.335,32.448,42.0
-18.226,35.938,22.1
-15.337,32.438,7.7
-18.551,34.030,9.0
-15.354,32.327,26.7
-18.612,33.655,24.4
-14.623,36.701,17.1
-18.445,34.606,17.6
-15.324,32.456,10.3
-18.526,34.002,22.8
-15.343,32.335,9.9
-18.851,31.960,21.5
-15.345,32.325,43.2
-19.301,28.802,28.2
-15.893,28.610,14.8
-18.521,34.005,14.1
-15.429,31.720,18.6
-18.523,33.994,16.2
-15.430,31.711,7.1
-18.635,33.229,5.5
-18.637,33.218,13.9
-15.873,28.687,14.0
-19.180,29.561,8.5
-15.864,28.686,22.1
-18.194,35.847,16.3
-15.866,28.676,12.4
-18.520,33.890,14.0
-15.863,28.626,10.6
-18.522,33.879,19.5
-14.598,36.553,49.9
-18.609,33.331,7.7
-18.611,33.320,14.1
-18.668,32.961,7.6
-14.601,36.534,15.7
-18.669,32.952,24.8
-15.291,32.430,12.4
-18.416,34.468,21.2
-18.418,34.456,70.9
-15.530,30.873,16.8
-18.516,33.855,29.6
-15.531,30.864,17.9
-18.518,33.844,12.2
-15.533,30.855,8.9
-18.575,33.487,8.0
-18.577,33.476,20.2
-15.857,28.605,5.7
-18.602,33.319,10.2
-18.652,33.001,15.8
-18.484,33.929,19.6
-18.619,33.089,10.5
-15.355,31.963,8.0
-18.543,33.503,18.4
-18.545,33.492,6.8
-15.521,30.871,21.9
-18.847,31.495,7.0
-18.848,31.485,38.0
-15.523,30.862,39.5
-18.457,33.913,16.1
-15.848,28.604,16.2
-18.839,31.484,21.6
-18.925,30.904,9.8
-15.876,28.395,37.4
-18.926,30.895,7.6
-15.315,32.157,10.7
-18.916,30.903,6.0
-15.350,31.933,14.8
-18.917,30.893,6.9
-15.351,31.923,16.6
-18.512,33.426,8.3
-15.360,31.865,12.9
-18.349,34.376,8.3
-15.863,28.424,10.9
-18.351,34.364,14.1
-15.867,28.394,12.5
-18.082,35.898,12.0
-18.445,33.723,12.3
-15.306,32.155,23.4
-18.922,30.605,7.9
-15.307,32.146,18.6
-18.923,30.595,9.7
-18.436,33.722,90.4
-15.326,32.028,8.6
-18.437,33.711,14.0
-15.448,31.234,8.2
-18.914,30.594,9.8
-15.454,31.198,7.6
-18.401,33.874,24.6
-18.500,33.263,8.1
-15.455,31.188,10.4
-18.521,33.129,9.3
-15.480,30.765,8.0
-18.532,33.058,7.7
-18.534,33.047,11.5
-15.825,28.371,6.9
-18.512,33.127,7.8
-18.513,33.117,18.0
-15.436,31.000,7.1
-18.561,32.815,10.3
-15.471,30.763,6.0
-18.631,32.365,5.0
-15.473,30.754,6.2
-18.640,32.308,23.5
-18.511,33.075,11.6
-15.747,28.862,16.3
-18.630,32.316,5.5
-15.274,32.002,27.3
-18.631,32.306,12.3
-18.633,32.297,18.4
-15.320,31.705,15.1
-18.441,33.446,10.0
-15.438,30.926,32.7
-18.443,33.436,12.2
-15.439,30.917,61.3
-18.494,33.061,26.0
-15.746,28.802,9.6
-18.496,33.051,40.0
-15.747,28.792,16.2
-18.487,33.053,8.8
-13.978,39.392,69.4
-18.404,33.520,14.4
-14.529,36.413,43.4
-18.478,33.052,17.1
-15.317,31.665,6.0
-18.301,34.035,148.1
-17.952,36.040,27.6
-18.413,33.283,15.5
-15.428,30.933,21.2
-18.415,33.272,10.4
-18.428,33.190,13.2
-15.429,30.924,9.0
-18.431,33.169,16.0
-15.798,28.356,10.0
-18.607,31.976,9.8
-15.762,28.554,6.1
-18.609,31.966,22.1
-18.417,33.135,6.0
-15.717,28.808,7.7
-18.422,33.105,6.4
-15.770,28.424,14.1
-18.363,33.414,16.4
-14.720,35.120,27.1
-18.393,33.226,14.7
-15.142,32.598,25.5
-18.395,33.216,12.3
-15.319,31.473,6.6
-18.386,33.214,16.4
-15.136,32.602,14.2
-18.387,33.204,36.6
-18.401,33.059,5.8
-15.673,28.992,7.8
-15.772,28.296,12.7
-14.719,35.129,10.4
-14.721,35.115,19.0
-18.315,33.499,40.9
-15.128,32.590,9.5
-18.551,31.980,13.9
-15.736,28.484,10.7
-15.737,28.475,9.8
-18.144,34.499,9.6
-15.200,32.064,7.9
-18.193,34.200,10.2
-18.217,33.990,35.8
-15.718,28.542,17.9
-18.101,34.631,14.0
-15.666,28.715,7.7
-15.796,27.776,16.7
-15.353,30.822,25.3
-15.354,30.813,9.1
-15.057,32.674,17.5
-15.059,32.663,13.0
-15.084,32.508,11.3
-15.344,30.821,11.3
-18.242,33.776,18.2
-15.345,30.812,17.0
-18.244,33.765,54.8
-15.048,32.672,48.4
-18.344,33.138,17.5
-15.050,32.662,43.6
-18.745,30.488,6.3
-18.746,30.478,22.6
-15.126,32.183,11.7
-18.232,33.774,12.5
-15.051,32.548,19.6
-18.234,33.763,15.1
-15.053,32.538,14.2
-15.324,30.755,14.1
-18.303,33.333,7.4
-14.987,32.894,11.3
-18.327,33.187,9.7
-15.042,32.547,35.0
-18.493,32.124,6.0
-15.043,32.536,70.6
-18.317,33.186,7.9
-15.034,32.472,15.7
-18.319,33.175,12.2
-15.518,29.240,7.1
-18.482,32.132,17.7
-16.071,25.028,47.6
-18.484,32.122,58.8
-16.073,25.012,24.2
-18.431,32.406,8.3
-15.539,28.964,51.4
-18.432,32.397,14.6
-18.447,32.301,7.1
-15.540,28.955,25.9
-18.473,32.130,74.7
-14.965,32.726,6.2
-18.475,32.121,77.0
-15.404,29.842,9.1
-18.476,32.111,9.3
-15.884,26.329,17.1
-18.229,33.616,9.5
-15.040,32.192,7.9
-18.383,32.656,22.8
-18.466,32.119,18.4
-15.042,32.182,8.8
-18.068,34.453,12.6
-15.562,28.663,7.2
-15.268,30.644,13.7
-18.259,33.265,12.2
-15.355,29.992,12.9
-15.477,29.075,31.4
-18.250,33.263,18.2
-15.478,29.065,17.0
-18.434,32.078,6.9
-15.001,32.159,10.2
-15.319,29.981,21.9
-18.435,32.069,16.6
-15.305,29.895,26.3
-18.405,32.209,11.0
-15.327,29.741,7.7
-18.426,32.067,10.2
-15.328,29.732,38.0
-18.224,33.248,15.3
-15.296,29.894,10.8
-18.042,34.299,14.7
-14.247,36.302,22.4
-17.780,35.772,16.4
-15.311,29.729,20.0
-18.033,34.297,55.8
-14.253,36.315,28.4
-18.035,34.285,34.6
-15.535,27.936,70.0
-17.769,35.770,76.4
-15.537,27.925,79.8
-18.185,33.252,11.2
-15.285,29.635,6.8
-18.187,33.241,12.7
-15.287,29.626,14.2
-18.442,31.610,12.4
-15.526,27.935,11.3
-18.443,31.601,10.6
-14.064,37.172,26.5
-17.766,35.780,26.8
-15.257,29.770,9.3
-17.769,35.764,34.9
-15.302,29.460,10.8
-18.432,31.603,16.9
-15.107,30.726,10.8
-17.918,34.806,16.3
-15.109,30.717,15.0
-18.181,33.181,39.9
-15.637,26.973,21.3
-18.182,33.171,10.4
-15.098,30.725,31.9
-18.756,29.303,14.2
-15.100,30.716,13.5
-17.677,36.165,23.6
-15.215,29.609,8.5
-18.166,33.211,6.4
-15.580,27.020,14.4
-18.171,33.179,6.9
-14.724,32.809,8.7
-17.366,37.838,45.4
-15.420,28.041,180.4
-17.657,36.211,11.8
-15.421,28.031,51.6
-18.422,31.488,10.8
-14.160,36.026,22.4
-18.423,31.479,10.1
-15.644,26.224,22.3
-17.537,36.825,44.5
-15.092,30.146,18.4
-18.416,31.468,58.1
-15.181,29.473,19.4
-17.676,35.968,20.3
-15.160,29.554,22.3
-17.679,35.952,11.3
-15.162,29.545,9.8
-17.665,35.966,42.7
-14.066,36.276,45.3
-17.668,35.950,39.4
-14.089,36.145,45.4
-18.440,31.189,15.7
-15.112,29.825,8.3
-17.640,36.042,12.2
-15.564,26.518,17.9
-18.204,32.675,11.1
-14.054,36.273,18.6
-18.431,31.188,47.0
-14.135,35.819,14.8
-18.432,31.179,16.9
-15.152,29.487,8.8
-17.662,35.853,23.0
-15.471,27.141,26.0
-17.665,35.838,12.6
-14.063,36.268,63.5
-18.159,32.901,34.0
-14.082,36.156,17.9
-18.422,31.186,53.6
-14.086,36.137,39.7
-18.423,31.177,75.8
-14.126,35.828,79.5
-18.425,31.168,121.0
-14.129,35.811,55.0
-14.604,32.914,19.4
-18.426,31.159,16.2
-15.076,29.804,12.7
-15.056,29.884,7.3
-17.721,35.453,20.7
-13.722,37.965,20.6
-17.929,34.248,10.1
-15.024,30.036,6.8
-17.970,34.003,9.9
-14.601,32.748,15.2
-15.154,29.073,6.9
-18.088,33.282,3.9
-15.302,28.017,12.8
-18.090,33.272,9.6
-13.982,36.292,17.6
-18.333,31.720,27.0
-15.007,29.969,11.7
-18.335,31.710,9.3
-13.968,36.231,24.0
-18.416,31.167,204.0
-14.895,30.606,10.4
-18.417,31.157,91.5
-13.963,36.244,17.4
-17.662,35.846,28.8
-13.966,36.225,14.1
-14.967,29.864,7.6
-17.727,35.461,21.9
-14.968,29.855,6.3
-17.966,34.007,7.8
-14.936,29.887,8.5
-15.006,29.339,10.3
-17.967,33.996,7.4
-15.008,29.330,15.5
-18.047,33.497,89.3
-15.063,28.939,15.7
-18.049,33.486,13.9
-18.072,33.338,7.7
-15.447,26.075,9.7
-18.082,33.275,11.8
-13.932,35.990,14.5
-18.370,31.397,6.8
-15.020,29.180,10.6
-17.742,35.305,10.5
-13.894,36.135,17.9
-17.956,34.006,24.3
-17.958,33.994,7.5
-14.810,30.478,5.8
-18.038,33.495,55.5
-15.037,28.919,12.8
-18.039,33.485,30.9
-15.039,28.910,17.6
-18.063,33.336,8.2
-13.921,36.018,15.1
-18.434,30.900,7.4
-13.924,36.000,17.3
-18.436,30.891,11.7
-15.028,28.918,7.3
-17.700,35.486,13.6
-15.030,28.908,10.7
-18.028,33.494,24.2
-13.890,36.127,30.7
-14.841,30.087,18.3
-18.030,33.483,163.1
-14.997,29.009,15.7
-18.032,33.472,21.5
-15.033,28.754,14.3
-18.039,33.364,16.0
-15.035,28.744,19.0
-18.669,29.056,24.9
-14.321,33.405,33.7
-17.875,34.256,8.6
-14.334,33.324,10.7
-18.039,33.245,10.2
-14.336,33.313,17.9
-14.349,33.233,15.1
-18.041,33.235,33.7
-15.024,28.752,16.7
-18.023,33.286,40.0
-15.026,28.743,17.9
-18.025,33.275,19.7
-13.803,36.406,22.3
-18.005,33.336,23.3
-13.790,36.404,15.6
-18.003,33.293,27.0
-15.005,28.690,11.7
-18.004,33.282,38.7
-17.981,33.365,14.8
-15.007,28.681,13.6
-17.976,33.369,37.2
-13.867,35.799,17.7
-17.977,33.358,22.3
-13.959,35.182,7.0
-17.994,33.253,55.5
-13.741,36.309,15.1
-18.392,30.624,11.7
-13.745,36.290,28.0
-17.966,33.367,48.9
-14.247,33.292,12.4
-17.968,33.357,7.7
-14.865,29.230,7.3
-17.598,35.550,13.5
-14.925,28.808,16.8
-17.600,35.535,10.0
-14.941,28.695,26.0
-17.975,33.250,29.6
-13.719,36.365,68.5
-17.978,33.229,21.7
-13.722,36.346,18.6
-17.966,33.248,12.1
-14.932,28.693,11.5
-17.930,33.415,8.3
-14.933,28.684,7.7
-17.211,37.530,15.7
-14.985,28.314,7.4
-14.988,28.294,7.4
-17.230,37.427,22.9
-13.730,36.228,78.6
-17.502,35.841,49.6
-13.733,36.209,35.6
-17.904,33.455,28.7
-17.488,35.791,15.3
-14.780,29.693,17.2
-17.012,38.296,29.2
-17.923,33.155,19.8
-17.487,35.784,13.2
-14.846,29.236,6.4
-17.916,33.158,20.2
-14.901,28.843,12.9
-13.775,35.792,22.7
-17.917,33.147,18.2
-13.781,35.684,19.4
-17.830,33.636,8.7
-14.654,30.165,13.5
-17.908,33.145,19.2
-14.655,30.156,47.6
-14.657,30.147,39.8
-17.910,33.134,9.5
-14.647,30.155,15.5
-17.866,33.353,10.6
-14.638,30.153,17.9
-17.881,33.259,5.7
-13.730,35.765,94.9
-18.296,30.517,12.8
-13.733,35.748,35.6
-17.000,38.311,42.1
-14.182,32.996,10.7
-17.475,35.656,23.7
-14.618,30.168,11.9
-18.074,31.954,17.8
-13.804,35.195,9.6
-18.075,31.944,8.8
-14.804,28.813,4.7
-14.600,30.166,8.3
-17.013,38.166,17.1
-14.641,29.887,9.8
-17.060,37.915,49.1
-14.734,29.241,10.2
-17.064,37.893,26.8
-13.663,35.864,17.6
-17.857,33.287,38.6
-13.672,35.860,28.7
-17.859,33.276,10.0
-14.619,29.840,16.8
-17.491,35.433,12.4
-17.499,35.385,33.9
-14.648,29.642,21.9
-17.557,35.045,13.9
-13.549,36.505,18.2
-17.789,33.651,25.8
-16.986,38.160,36.5
-14.546,30.271,14.0
-16.991,38.137,18.5
-14.548,30.262,12.9
-17.779,33.649,9.3
-14.639,29.640,33.6
-17.826,33.357,7.2
-13.517,36.458,14.6
-17.855,33.179,17.1
-13.521,36.438,19.9
-17.857,33.169,44.8
-13.562,36.204,21.7
-17.472,35.413,35.7
-13.565,36.185,20.1
-17.770,33.647,53.5
-14.593,29.772,11.2
-17.839,33.219,13.9
-14.562,29.859,8.1
-17.841,33.208,8.0
-13.508,36.293,18.2
-18.047,31.891,7.9
-13.680,35.256,13.9
-16.977,38.062,22.4
-13.450,36.459,20.6
-17.799,33.407,20.6
-13.453,36.439,39.0
-17.813,33.322,9.3
-13.457,36.419,16.5
-17.167,36.980,16.1
-13.816,34.294,12.8
-17.287,36.323,25.8
-13.637,35.298,20.4
-17.793,33.384,7.1
-13.642,35.201,11.8
-18.021,31.945,9.6
-16.980,38.154,46.7
-13.440,36.294,31.4
-18.012,31.937,13.7
-18.013,31.928,6.8
-13.443,36.275,97.8
-17.289,36.335,30.2
-17.292,36.319,16.3
-13.436,36.173,20.2
-17.667,34.078,9.9
-17.669,34.066,18.7
-13.406,36.267,18.5
-17.811,33.176,7.4
-17.165,36.974,17.9
-14.677,28.269,13.4
-17.318,36.103,40.3
-17.320,36.086,16.6
-13.447,36.170,30.1
-17.755,33.471,6.0
-16.904,38.336,19.2
-13.402,36.282,23.6
-16.890,38.333,26.1
-17.712,33.496,25.2
-17.714,33.485,17.9
-14.389,29.719,10.6
-16.763,38.697,48.7
-16.729,38.799,31.4
-12.939,38.306,26.2
-17.717,33.288,21.5
-14.322,30.033,11.4
-17.734,33.183,14.6
-17.989,31.552,6.8
-13.504,35.131,15.2
-17.990,31.543,23.8
-14.941,25.444,18.3
-17.728,33.175,7.3
-14.661,27.455,7.7
-16.773,38.692,40.0
-17.666,33.504,7.2
-14.716,27.056,12.1
-17.671,33.471,18.6
-15.177,23.361,33.4
-17.710,33.226,11.9
-13.233,36.118,20.0
-17.920,31.867,7.1
-18.013,31.247,6.5
-13.265,35.929,22.4
-18.015,31.238,92.5
-13.175,36.227,34.4
-18.016,31.229,6.5
-13.184,36.030,14.6
-14.219,29.616,7.3
-17.362,35.295,23.7
-14.363,28.610,6.8
-17.701,33.225,83.7
-12.810,38.010,108.6
-17.702,33.214,99.3
-12.815,37.983,44.5
-12.947,37.273,25.9
-16.720,38.817,40.8
-14.062,30.622,14.0
-16.725,38.790,36.9
-13.181,36.023,14.5
-18.640,26.554,83.7
-12.953,37.267,33.1
-18.642,26.540,58.2
-13.914,31.403,16.5
-16.760,38.529,56.2
-13.915,31.394,7.5
-16.765,38.504,81.0
-12.808,38.002,108.6
-13.119,36.089,20.5
-12.928,36.809,26.3
-17.186,36.188,13.9
-13.079,35.937,24.3
-17.634,33.520,51.8
-12.866,36.776,115.2
-17.954,31.464,6.7
-12.853,36.773,41.8
-18.629,26.553,29.5
-12.865,36.790,18.1
-16.602,39.282,36.7
-12.869,36.769,40.5
-12.852,36.788,43.2
-17.625,33.518,12.4
-12.856,36.766,65.6
-17.632,33.475,58.0
-14.086,28.990,29.3
-17.634,33.464,69.3
-14.088,28.981,9.0
-17.621,33.484,29.0
-12.856,36.310,16.5
-17.622,33.473,27.4
-12.961,35.768,11.3
-17.624,33.463,23.2
-12.864,36.043,34.4
-17.628,33.441,9.6
-12.867,36.024,96.7
-17.631,33.420,18.3
-13.750,30.298,9.0
-17.680,33.113,22.3
-12.687,36.522,35.5
-17.682,33.103,29.5
-17.622,33.418,13.7
-12.691,36.501,34.5
-18.588,26.619,30.4
-12.644,36.536,18.5
-18.590,26.605,14.7
-13.058,34.011,13.0
-16.523,39.449,39.5
-17.180,35.952,21.4
-13.054,34.005,11.0
-12.881,34.990,9.6
-17.636,33.267,17.6
-13.516,30.983,11.0
-17.638,33.257,12.0
-13.527,30.909,7.9
-13.529,30.900,10.4
-17.079,36.446,19.5
-12.890,34.866,8.8
-17.169,35.950,21.4
-13.596,30.390,17.1
-17.594,33.468,13.5
-12.812,35.262,26.7
-17.629,33.255,52.7
-12.815,35.246,15.8
-17.659,33.067,17.9
-13.491,31.026,15.9
-17.934,31.300,11.2
-13.586,30.398,28.0
-17.591,33.462,15.9
-13.587,30.389,225.7
-17.614,33.312,8.0
-13.658,29.914,14.5
-17.652,33.071,10.4
-12.821,35.141,24.5
-17.171,35.945,31.4
-13.570,30.386,17.0
-13.571,30.377,8.6
-17.074,36.439,12.9
-13.530,30.592,12.7
-17.618,33.171,14.6
-12.754,35.322,19.2
-17.828,31.808,6.2
-12.821,34.933,37.3
-12.777,35.120,13.6
-16.826,37.757,22.6
-12.758,35.315,12.4
-17.580,33.350,7.4
-12.820,34.941,11.5
-16.821,37.711,23.9
-12.822,34.926,26.3
-16.845,37.430,26.2
-12.945,34.036,12.6
-13.268,32.000,14.2
-17.021,36.464,45.5
-12.747,35.092,21.5
-17.112,35.949,17.8
-12.750,35.075,16.1
-17.570,33.228,20.2
-14.263,24.834,17.6
-18.052,30.042,5.5
-13.452,30.610,35.7
-17.101,35.947,20.2
-13.453,30.601,16.3
-17.544,33.332,34.4
-13.939,27.135,14.0
-17.543,33.277,7.6
-14.155,25.495,19.4
-17.545,33.267,13.8
-14.170,25.380,24.0
-16.838,37.259,19.3
-14.172,25.365,17.4
-17.567,33.018,7.5
-12.724,35.020,16.4
-17.534,33.171,10.3
-12.727,35.005,15.5
-18.011,30.000,8.4
-13.439,30.580,33.2
-13.440,30.571,57.5
-16.837,37.252,19.8
-12.400,36.791,224.3
-12.404,36.769,49.9
-12.492,36.280,17.8
-17.795,31.171,5.5
-12.502,36.220,13.7
-16.432,38.969,30.9
-12.506,36.200,18.4
-13.431,30.570,12.8
-16.739,37.358,145.0
-13.432,30.561,32.3
-16.742,37.338,72.9
-12.383,36.812,34.6
-16.710,37.439,28.6
-12.387,36.789,195.0
-12.406,36.787,180.6
-16.763,37.155,21.4
-12.410,36.765,20.3
-17.645,31.982,7.1
-12.504,36.215,21.4
-17.741,31.350,11.3
-13.412,30.505,7.5
-16.984,36.028,14.3
-12.389,36.807,101.3
-17.719,31.426,5.5
-12.392,36.785,226.8
-16.740,37.353,167.7
-12.688,35.043,26.9
-16.728,37.350,27.0
-16.764,37.149,15.9
-13.360,30.795,10.3
-16.720,37.244,25.6
-12.423,36.454,20.8
-17.694,31.355,10.4
-12.645,35.086,24.6
-18.413,26.086,17.1
-14.226,24.313,22.1
-16.445,38.659,75.8
-12.826,33.938,15.7
-16.768,36.910,16.4
-12.629,34.969,21.1
-16.853,36.436,31.8
-12.638,34.922,20.3
-16.907,36.131,114.3
-13.005,32.716,11.0
-17.357,33.464,66.9
-12.528,35.484,36.9
-17.358,33.453,23.7
-12.531,35.467,35.1
-17.692,31.308,46.2
-13.975,25.938,31.6
-16.279,39.441,33.7
-16.695,37.239,73.8
-12.632,34.962,24.4
-17.345,33.473,9.8
-17.347,33.462,62.3
-13.977,25.945,19.4
-17.349,33.451,19.5
-12.534,35.478,21.0
-12.522,35.476,43.4
-16.655,37.315,54.4
-13.204,30.970,8.9
-17.555,32.029,11.1
-12.327,36.239,39.2
-16.655,37.307,56.6
-12.329,36.234,41.7
-12.503,35.117,21.1
-17.264,33.702,40.4
-17.266,33.691,81.3
-12.392,35.557,39.8
-17.718,30.743,5.8
-12.395,35.539,26.0
-17.152,34.336,14.2
-13.106,31.072,8.9
-17.168,34.176,23.2
-13.379,29.231,9.6
-17.170,34.164,11.6
-13.097,31.070,27.1
-17.269,33.430,9.6
-13.098,31.061,11.8
-17.234,33.525,26.4
-12.232,36.259,29.6
-17.236,33.515,25.9
-11.898,38.034,45.1
-11.903,38.005,51.3
-17.523,31.690,21.0
-13.897,25.099,80.0
-18.270,26.227,81.3
-13.899,25.084,44.8
-18.272,26.212,15.5
-16.585,37.189,47.5
-12.229,36.272,20.3
-12.233,36.251,18.1
-18.254,26.270,31.9
-11.912,38.029,56.1
-18.255,26.255,22.2
-13.897,25.092,101.8
-17.617,30.942,16.0
-11.897,38.026,49.1
-18.252,26.264,25.1
-13.010,31.088,7.3
-16.585,37.183,68.2
-12.979,31.227,9.4
-17.165,33.749,8.3
-12.001,36.953,25.1
-17.176,33.681,32.3
-12.958,31.185,16.1
-17.166,33.679,13.9
-12.947,31.139,11.4
-17.168,33.668,6.7
-13.160,29.708,7.4
-17.480,31.668,19.9
-17.481,31.658,15.2
-12.315,34.988,137.6
-17.470,31.675,7.9
-12.318,34.972,57.6
-17.471,31.666,17.9
-12.304,34.986,15.0
-16.675,36.461,17.4
-12.035,36.404,58.4
-16.678,36.444,38.0
-12.782,31.726,18.0
-16.688,36.391,24.8
-16.939,34.873,10.7
-12.784,31.716,7.4
-17.108,33.856,8.9
-11.908,36.996,24.6
-17.098,33.854,8.0
-11.961,36.448,28.4
-17.094,33.818,12.7
-12.079,35.613,18.1
-17.096,33.807,17.4
-12.378,33.842,17.4
-16.562,36.816,20.3
-13.008,29.805,24.6
-16.644,36.364,28.8
-13.010,29.797,9.1
-16.558,36.808,19.8
-11.944,36.166,122.3
-17.086,33.601,10.3
-11.947,36.146,203.7
-17.076,33.599,13.9
-12.764,31.248,9.3
-16.978,34.141,20.0
-12.757,31.173,8.6
-11.794,37.044,23.8
-17.134,33.175,9.0
-11.946,36.161,109.6
-17.936,27.665,136.0
-11.949,36.141,55.3
-17.937,27.653,15.9
-12.946,29.845,10.1
-16.948,34.198,13.9
-12.948,29.836,9.8
-11.933,36.159,175.6
-17.095,33.299,8.8
-11.936,36.139,119.2
-17.478,30.814,7.2
-13.670,24.549,62.8
-15.854,40.102,198.6
-11.897,36.216,28.6
-16.890,34.416,11.1
-16.928,34.194,18.7
-17.008,33.714,33.4
-17.010,33.703,10.4
-17.030,33.579,8.0
-11.900,36.195,29.6
-12.702,31.291,20.4
-12.650,31.510,51.4
-12.651,31.501,29.1
-12.671,31.374,12.4
-12.672,31.365,12.8
-11.703,37.077,21.4
-11.707,37.053,310.5
-11.741,36.864,16.2
-12.687,31.210,8.9
-12.625,31.546,7.8
-12.616,31.548,6.8
-12.656,31.286,11.7
-12.847,29.951,6.7
-11.697,37.069,103.0
-11.701,37.045,227.2
-12.646,31.168,8.9
-13.944,21.585,78.1
-13.624,23.898,37.5
-12.607,31.181,7.7
-11.975,35.005,28.4
-11.980,35.000,13.0
-12.782,29.825,8.4
-13.600,23.562,33.6
-11.827,35.402,59.5
-12.642,30.089,19.5
-12.643,30.080,10.0
-13.098,26.622,16.1
-12.781,28.763,6.5
-12.782,28.631,13.3
-12.783,28.622,14.1
-13.074,26.495,9.4
-11.606,35.909,41.1
-11.949,33.845,22.7
-12.201,31.954,16.7
-12.638,29.059,7.1
-12.450,30.273,9.1
-12.270,31.395,8.4
-12.246,31.491,11.3
-12.261,31.394,14.0
-12.262,31.384,24.2
-12.237,31.490,37.7
-12.238,31.480,60.2
-12.236,31.430,10.4
-12.256,31.304,9.1
-12.247,31.303,9.5
-12.501,29.489,5.8
-11.506,35.647,14.0
-11.510,35.628,16.6
-12.198,31.374,27.6
-12.578,28.831,71.8
-11.505,35.641,16.5
-12.446,29.539,10.3
-12.447,29.530,8.6
-12.770,27.217,8.0
-12.377,29.884,5.9
-12.303,30.321,7.2
-12.320,30.213,7.6
-12.369,29.882,5.4
-12.123,31.446,13.6
-12.125,31.436,12.2
-13.044,24.954,19.1
-12.336,29.923,6.0
-12.113,31.276,9.8
-11.446,35.432,14.8
-12.063,31.540,9.5
-12.064,31.530,7.1
-12.293,30.010,6.5
-11.694,33.839,22.7
-12.085,31.333,7.9
-12.359,29.501,5.2
-12.360,29.492,5.7
-11.339,35.923,19.3
-12.076,31.332,33.3
-12.077,31.322,21.1
-12.032,31.495,36.6
-12.322,29.568,9.6
-11.988,31.538,6.9
-11.977,31.546,6.0
-12.432,28.497,8.8
-12.433,28.488,6.0
-12.529,27.749,24.5
-12.384,28.700,7.8
-12.385,28.691,29.0
-11.931,31.676,12.4
-11.197,36.144,22.6
-11.936,31.584,19.6
-12.153,30.092,10.0
-11.241,35.659,15.2
-11.541,33.878,31.0
-11.280,35.359,17.3
-11.610,33.388,10.8
-10.925,37.295,31.5
-12.071,30.256,4.0
-12.384,27.989,10.8
-12.385,27.979,9.3
-11.845,31.573,14.6
-12.220,29.066,203.0
-12.221,29.057,134.2
-12.210,29.073,5.5
-12.211,29.064,23.0
-11.812,31.660,10.3
-11.792,31.729,39.8
-11.794,31.719,11.1
-12.456,27.206,9.7
-11.768,31.819,7.4
-11.781,31.738,15.6
-11.783,31.728,20.2
-11.751,31.707,11.9
-11.729,31.786,50.2
-11.711,31.846,9.6
-11.736,31.683,7.2
-11.789,31.278,8.2
-11.697,31.812,39.1
-11.665,31.955,7.9
-11.667,31.944,8.7
-11.687,31.811,29.8
-11.672,31.850,27.6
-11.659,31.869,17.1
-11.662,31.848,14.2
-11.664,31.838,15.3
-11.674,31.715,21.3
-12.311,27.389,28.6
-11.617,31.972,7.1
-11.647,31.776,15.5
-12.454,26.245,16.9
-11.608,31.970,7.8
-11.609,31.960,27.4
-11.625,31.856,10.6
-11.671,31.562,16.3
-11.974,29.544,15.1
-11.975,29.535,6.9
-11.603,31.937,6.7
-11.637,31.722,8.8
-10.963,35.809,19.9
-10.541,38.140,34.3
-11.599,31.842,15.0
-11.601,31.831,15.5
-11.607,31.790,11.7
-11.609,31.780,7.6
-12.288,27.159,19.6
-11.567,31.985,12.5
-11.842,30.189,11.1
-11.557,31.984,47.6
-11.559,31.973,51.5
-11.556,31.930,33.4
-11.832,30.142,8.9
-12.101,28.291,14.7
-12.258,27.165,10.2
-11.537,31.991,9.7
-11.539,31.980,9.1
-11.547,31.928,17.9
-11.787,30.375,16.6
-11.789,30.366,9.9
-12.065,28.483,38.9
-12.245,27.195,12.1
-12.279,26.942,10.4
-12.280,26.931,18.9
-11.533,31.985,13.8
-11.541,31.932,7.6
-11.543,31.922,21.1
-11.549,31.880,17.0
-11.582,31.665,9.0
-11.584,31.655,23.8
-11.585,31.645,11.1
-11.810,30.151,8.1
-11.787,30.184,11.9
-11.500,32.011,13.1
-11.502,32.001,21.7
-11.491,32.009,22.6
-11.492,31.999,43.6
-11.518,31.832,13.7
-11.520,31.822,25.9
-11.493,31.935,11.0
-11.483,31.933,13.8
-11.393,32.439,19.0
-11.506,31.726,7.9
-12.161,27.272,10.1
-11.474,31.868,12.2
-11.818,29.614,7.7
-12.152,27.270,9.5
-12.154,27.260,18.9
-12.179,27.073,17.3
-10.815,35.757,23.5
-11.318,32.641,8.2
-11.455,31.763,11.9
-11.457,31.753,12.9
-11.463,31.712,7.6
-11.464,31.702,9.0
-12.113,27.300,31.6
-12.114,27.290,15.9
-11.309,32.639,32.3
-11.396,32.020,10.3
-11.634,30.468,11.6
-12.130,27.038,14.0
-12.120,27.037,9.5
-11.081,33.856,17.0
-11.394,31.848,19.0
-11.415,31.715,11.8
-12.072,27.252,10.4
-12.087,27.139,14.3
-11.379,31.878,7.6
-11.381,31.867,9.4
-12.078,27.137,19.2
-12.190,26.232,22.6
-11.756,29.266,16.0
-12.054,27.202,8.5
-12.191,26.226,15.6
-11.355,31.878,30.4
-11.357,31.868,7.3
-11.747,29.264,9.2
-12.043,27.211,14.7
-12.039,27.168,21.1
-12.041,27.158,48.0
-12.090,26.810,13.0
-12.091,26.799,46.5
-12.082,26.797,21.9
-12.156,26.186,8.9
-11.707,29.294,13.4
-11.709,29.286,11.6
-11.796,28.686,6.6
-11.658,29.568,13.2
-11.787,28.685,14.0
-11.788,28.676,23.1
-12.018,27.049,10.9
-11.253,32.155,14.6
-11.269,32.058,69.6
-11.270,32.048,39.6
-11.764,28.783,21.3
-11.765,28.774,25.6
-12.008,27.047,8.7
-11.244,32.154,10.0
-11.246,32.143,10.1
-11.395,31.190,22.0
-11.755,28.781,7.1
-11.756,28.772,12.7
-12.135,26.036,14.9
-11.148,32.690,6.2
-11.224,32.218,6.5
-11.243,32.098,7.1
-11.255,32.024,17.0
-11.672,29.289,31.6
-11.741,28.816,6.8
-12.076,26.400,8.7
-11.195,32.375,7.9
-11.071,33.102,11.9
-12.049,26.505,12.7
-11.233,32.002,9.6
-11.487,30.211,4.5
-11.201,32.019,9.4
-11.203,32.008,18.8
-11.946,26.967,9.8
-11.183,32.071,39.4
-11.185,32.060,12.3
-11.195,31.996,16.5
-11.197,31.985,7.4
-11.975,26.687,7.8
-11.475,30.116,27.2
-11.476,30.107,6.4
-11.997,26.452,35.7
-10.729,34.718,14.3
-11.139,32.229,15.5
-11.140,32.218,55.3
-11.945,26.760,6.2
-11.129,32.228,21.6
-11.131,32.217,19.8
-11.162,32.023,33.6
-11.163,32.012,8.6
-11.899,27.025,8.1
-11.901,27.014,59.1
-11.154,32.049,13.3
-11.155,32.038,11.9
-11.157,32.028,33.1
-11.159,32.017,27.1
-11.451,30.080,39.9
-11.453,30.071,22.0
-11.895,27.019,40.3
-11.897,27.008,23.9
-11.438,30.105,7.3
-10.874,33.702,26.1
-11.106,32.229,10.7
-11.151,31.939,17.4
-11.900,26.781,16.6
-10.511,35.757,20.6
-11.114,32.053,26.8
-11.116,32.042,16.5
-11.413,30.092,8.7
-11.415,30.083,11.3
-11.051,32.390,9.8
-11.116,31.977,25.8
-11.318,30.607,69.2
-10.795,33.842,19.3
-11.087,32.038,14.1
-11.394,30.043,12.2
-10.810,33.689,11.1
-11.036,32.296,14.1
-11.038,32.285,30.5
-11.041,32.264,142.7
-11.043,32.253,27.6
-11.028,32.284,34.0
-11.066,32.046,15.0
-10.806,33.681,12.9
-11.035,32.211,9.8
-11.069,31.995,20.1
-10.978,32.452,26.6
-11.013,32.230,23.5
-11.015,32.219,10.0
-11.020,32.186,9.1
-10.965,32.473,8.8
-10.982,32.361,38.4
-10.984,32.350,8.3
-11.034,32.033,18.0
-11.848,26.487,15.6
-11.443,29.262,6.7
-10.979,32.258,11.7
-10.980,32.247,8.8
-11.903,25.936,26.2
-10.939,32.320,13.5
-10.964,32.166,13.4
-10.942,32.241,15.8
-10.944,32.230,8.9
-11.798,26.411,37.0
-11.800,26.400,9.8
-10.940,32.235,13.0
-11.796,26.417,11.2
-11.797,26.405,29.1
-10.913,32.344,20.4
-10.647,33.962,34.0
-10.904,32.342,26.4
-10.905,32.331,19.3
-10.909,32.241,23.7
-10.911,32.230,68.4
-10.947,32.002,41.1
-10.948,31.992,16.1
-10.784,32.971,18.6
-10.900,32.239,22.2
-10.901,32.229,21.1
-10.902,32.161,11.3
-10.899,32.116,11.0
-11.136,30.528,6.3
-11.137,30.519,5.6
-11.127,30.527,9.0
-12.357,21.292,43.1
-10.858,32.187,15.3
-10.860,32.176,13.2
-10.855,32.180,59.7
-10.857,32.169,14.7
-10.555,33.956,56.3
-10.557,33.944,95.6
-10.843,32.134,10.5
-12.357,21.285,47.4
-10.795,32.376,15.8
-10.832,32.143,10.9
-10.833,32.132,12.1
-10.264,35.574,38.1
-10.842,32.012,17.5
-11.215,29.378,15.8
-11.216,29.369,8.5
-10.743,32.390,14.8
-11.013,30.663,7.7
-11.206,29.377,4.9
-10.749,32.213,12.0
-10.462,33.965,18.4
-10.639,32.848,9.3
-10.556,33.308,17.0
-10.703,32.377,19.1
-10.733,32.188,9.4
-10.552,33.267,44.4
-10.970,30.584,13.8
-10.971,30.575,72.6
-10.548,33.227,17.1
-10.675,32.431,17.2
-10.674,32.373,17.6
-10.676,32.361,10.2
-10.681,32.327,15.4
-10.683,32.316,19.3
-10.884,30.964,27.6
-10.886,30.954,37.5
-10.704,32.060,178.9
-10.875,30.962,24.9
-10.877,30.953,27.6
-10.636,32.406,19.3
-10.637,32.394,16.1
-10.619,32.450,10.2
-10.626,32.404,48.9
-10.628,32.393,66.2
-10.649,32.258,9.4
-10.855,30.788,9.4
-10.458,33.270,29.0
-10.679,31.875,8.4
-10.448,33.268,34.3
-10.450,33.256,32.8
-10.441,33.241,25.8
-10.614,32.162,11.4
-10.806,30.925,6.6
-10.620,31.996,10.3
-10.669,31.629,9.5
-10.730,31.239,16.7
-11.471,26.106,33.0
-11.473,26.094,30.4
-10.535,32.465,11.1
-10.617,31.935,12.8
-11.472,26.100,38.5
-10.605,31.944,8.5
-10.607,31.934,87.9
-10.769,30.807,56.3
-10.556,32.135,20.5
-10.606,31.815,42.4
-10.607,31.804,57.0
-10.760,30.806,34.5
-10.053,35.188,10.1
-10.596,31.813,42.6
-10.264,33.833,21.1
-10.504,32.343,7.7
-10.246,33.879,11.7
-10.499,32.308,23.9
-10.501,32.297,19.9
-10.573,31.777,16.1
-10.964,29.204,33.5
-10.965,29.195,18.0
-10.973,29.142,63.5
-10.974,29.133,119.7
-10.565,31.765,14.8
-10.554,31.774,64.8
-10.626,31.317,9.2
-10.548,31.777,12.3
-10.437,32.431,16.9
-10.549,31.703,7.4
-10.921,29.227,121.2
-10.922,29.218,129.6
-10.409,32.544,9.4
-10.455,32.248,12.5
-10.457,32.237,15.4
-10.454,32.191,8.2
-10.706,30.552,6.8
-10.477,31.983,16.5
-10.677,30.680,18.0
-10.490,31.833,28.1
-10.481,31.831,18.4
-10.390,32.342,8.3
-10.691,30.408,6.8
-10.420,32.029,11.9
-10.677,30.378,10.8
-11.058,27.775,11.1
-10.374,32.310,6.5
-10.386,32.232,8.2
-10.418,32.023,10.0
-10.586,30.921,11.5
-10.587,30.911,13.4
-10.578,30.910,9.1
-10.612,30.683,8.8
-9.854,35.428,20.1
-10.387,32.096,15.1
-10.389,32.085,10.5
-10.394,32.053,35.4
-9.842,35.426,52.2
-9.864,35.292,16.9
-10.614,30.494,52.8
-10.647,30.274,17.3
-10.648,30.265,5.4
-10.523,31.029,13.9
-11.958,20.442,112.3
-9.909,34.797,16.5
-10.299,32.402,21.4
-10.301,32.391,43.4
-10.394,31.801,8.5
-10.172,33.128,15.4
-10.290,32.331,21.6
-10.299,32.275,10.0
-10.317,32.164,13.5
-10.324,32.120,10.2
-10.277,32.352,22.0
-10.742,29.330,37.7
-10.274,32.356,12.4
-10.275,32.345,9.7
-10.272,32.241,14.7
-10.284,32.163,8.2
-10.344,31.775,8.7
-10.345,31.764,8.5
-10.208,32.582,7.5
-10.318,31.749,51.7
-10.423,31.075,9.2
-10.187,32.519,8.3
-10.309,31.748,26.5
-9.813,34.737,60.6
-10.203,32.356,8.9
-10.205,32.345,31.3
-10.193,32.355,6.9
-10.195,32.343,12.4
-10.407,30.994,26.3
-10.431,30.841,121.8
-9.754,34.942,117.8
-10.154,32.537,24.2
-10.156,32.526,9.0
-10.374,31.147,4.9
-10.422,30.839,25.1
-10.155,32.532,26.0
-9.747,34.955,37.0
-9.750,34.936,61.0
-10.118,32.574,6.6
-10.348,31.088,5.8
-10.376,30.904,7.5
-10.851,27.610,31.5
-10.023,33.039,10.7
-10.352,30.940,9.7
-10.842,27.608,80.1
-10.844,27.599,144.9
-10.845,27.589,18.1
-10.345,30.919,7.7
-10.833,27.607,22.6
-10.835,27.597,132.7
-10.836,27.588,25.7
-10.264,31.326,24.7
-10.814,27.614,9.3
-10.023,32.780,13.7
-10.077,32.447,36.7
-10.078,32.435,98.8
-10.063,32.523,9.9
-10.076,32.440,81.9
-10.078,32.428,22.6
-10.203,31.611,11.9
-10.298,30.984,11.4
-10.194,31.610,33.7
-10.195,31.599,17.5
-10.044,32.448,9.8
-10.079,32.163,19.7
-10.046,32.307,22.6
-10.048,32.296,9.2
-10.138,31.718,24.1
-9.961,32.777,11.1
-10.129,31.717,12.6
-9.592,34.955,21.8
-10.157,31.478,7.8
-10.185,31.296,16.7
-9.919,32.910,34.3
-9.957,32.676,15.6
-10.169,31.335,11.5
-10.171,31.325,7.7
-10.236,30.846,8.5
-10.237,30.837,18.6
-10.224,30.868,7.5
-9.902,32.901,16.8
-10.116,31.518,9.7
-10.189,31.040,7.8
-10.215,30.867,71.4
-9.622,34.441,95.9
-9.625,34.427,108.8
-11.610,20.312,110.1
-10.151,30.984,16.7
-10.152,30.975,17.0
-11.594,20.310,147.3
-9.920,32.398,8.7
-10.045,31.602,16.0
-9.818,32.965,17.9
-9.820,32.952,14.3
-10.093,31.235,13.8
-9.834,32.801,13.2
-9.836,32.788,16.3
-9.836,32.794,18.2
-10.021,31.591,7.2
-10.163,30.658,11.3
-11.600,20.303,120.4
-10.159,30.619,13.0
-11.580,20.334,34.9
-9.502,34.759,13.5
-9.800,32.890,27.7
-9.867,32.466,13.1
-10.150,30.617,7.7
-9.846,32.536,16.8
-9.939,31.936,8.1
-9.990,31.607,8.2
-9.992,31.597,9.9
-9.770,32.950,24.1
-9.772,32.937,18.0
-10.137,30.586,20.4
-10.138,30.577,89.2
-10.139,30.568,27.4
-10.141,30.558,16.9
-10.328,29.307,52.9
-10.329,29.298,24.0
-9.968,31.625,20.3
-10.041,31.150,21.9
-9.726,32.955,41.4
-9.906,31.832,17.4
-10.009,31.175,8.1
-10.011,31.165,17.5
-10.119,30.403,11.2
-10.067,30.560,23.9
-10.057,30.568,10.8
-10.058,30.559,33.6
-9.703,32.792,16.2
-11.440,20.345,135.8
-9.695,32.778,11.9
-10.840,24.959,10.2
-9.916,31.307,11.3
-9.609,33.181,26.9
-9.611,33.168,21.7
-9.839,31.674,9.4
-10.035,30.274,22.4
-10.782,24.945,9.7
-9.618,32.809,40.0
-9.620,32.796,19.6
-9.737,32.048,56.0
-9.739,32.037,99.6
-9.896,31.014,11.2
-9.729,32.036,11.3
-9.717,32.045,8.3
-9.766,31.731,17.9
-9.768,31.720,22.3
-9.794,31.489,22.7
-9.796,31.479,24.0
-9.371,33.993,11.4
-9.314,34.266,13.8
-9.538,32.911,12.6
-9.824,31.113,9.8
-9.826,31.103,11.8
-9.373,33.989,15.1
-9.315,34.277,13.8
-9.504,33.017,11.3
-9.506,32.938,9.2
-9.786,31.131,12.6
-9.788,31.121,37.2
-10.065,29.150,22.4
-9.448,33.034,11.1
-9.590,32.019,11.4
-9.751,30.995,31.8
-9.752,30.985,17.9
-9.576,32.089,17.0
-9.577,32.078,17.9
-9.742,30.997,35.5
-9.743,30.987,40.4
-10.619,24.623,18.6
-9.537,32.014,68.4
-9.360,33.067,7.6
-9.289,33.366,32.0
-9.644,31.142,20.6
-9.502,31.986,31.9
-9.287,33.360,21.0
-9.499,31.991,12.0
-9.501,31.980,18.7
-9.644,30.916,32.3
-9.645,30.906,27.2
-9.418,31.595,16.1
-9.419,31.584,25.3
-9.345,31.869,26.0
-9.228,32.096,16.1
-9.229,32.084,12.0
-8.915,33.961,15.9
-9.516,30.173,29.3
-9.506,30.180,23.3
-9.222,31.916,16.0
-9.224,31.905,27.2
-9.535,29.726,12.6
-9.196,31.833,13.5
-9.139,31.931,12.2
-9.004,32.342,18.9
-9.030,31.649,10.7
-9.618,27.647,23.4
-9.620,27.638,10.4
-8.916,32.113,17.7
-9.605,27.094,17.8
-9.596,27.093,19.0
-9.258,28.416,20.6
-8.868,30.904,13.4
-8.901,30.690,11.3
-8.815,30.829,10.6
-8.816,30.819,10.4
-9.743,24.049,15.2
-8.764,30.851,4.5
-8.766,30.841,5.2
-8.732,30.830,6.0
-8.493,32.190,9.3
-8.086,34.306,53.7
-8.089,34.289,86.0
-8.074,34.304,91.5
-8.065,34.285,95.0
-8.050,34.300,26.2
-7.937,34.510,21.4
-7.940,34.492,46.5
-7.928,34.490,16.9
-9.381,24.782,26.6
-9.383,24.769,28.0
-8.387,31.335,17.9
-8.389,31.325,14.7
-7.878,34.223,23.8
-9.191,25.269,33.4
-9.193,25.257,48.0
-9.386,23.800,24.1
-9.184,25.263,199.5
-8.198,31.911,28.3
-9.096,25.300,24.9
-9.097,25.294,28.1
-8.235,31.058,9.4
-8.350,30.233,8.4
-8.341,30.231,9.4
-8.085,31.839,12.6
-7.637,34.567,18.0
-7.640,34.549,18.6
-8.293,30.367,15.0
-9.070,24.881,43.0
-8.911,25.458,9.0
-7.641,33.841,17.6
-8.873,25.434,10.5
-8.180,30.014,24.0
-8.113,30.395,7.8
-7.611,33.454,15.6
-8.791,25.506,11.1
-8.601,25.837,9.6
-7.328,33.786,23.1
-7.784,30.184,30.0
-7.786,30.174,31.2
-7.775,30.182,70.5
-8.337,26.034,69.7
-8.338,26.023,14.9
-7.728,30.073,16.8
-8.386,25.407,16.6
-7.272,32.044,40.0
-7.273,32.050,24.7
-6.936,34.000,34.4
-6.939,33.983,48.4
-8.034,26.594,40.9
-8.035,26.585,16.4
-8.080,26.272,31.0
-8.191,25.331,8.6
-6.866,34.058,26.3
-7.973,26.699,50.6
-7.975,26.689,17.4
-7.984,26.490,12.6
-7.986,26.480,8.7
-7.969,26.528,13.9
-7.971,26.518,22.3
-7.265,31.226,10.5
-7.267,31.215,15.4
-8.013,25.720,12.7
-7.366,29.656,29.6
-7.886,26.024,5.7
-7.888,26.014,16.3
-7.331,29.570,29.9
-7.925,25.332,40.5
-7.730,26.652,9.2
-7.253,29.479,5.1
-7.835,25.171,44.3
-7.837,25.159,31.2
-6.900,31.389,8.5
-6.902,31.378,14.2
-7.606,26.491,7.7
-7.607,26.482,9.4
-6.782,31.832,12.2
-6.890,31.133,22.6
-6.892,31.123,9.8
-7.688,25.565,68.1
-7.690,25.554,10.6
-7.077,29.540,28.4
-7.521,26.372,6.3
-6.961,29.693,34.5
-6.972,29.620,19.2
-6.946,29.552,11.3
-6.938,29.541,14.7
-7.306,26.907,13.2
-6.921,29.468,21.0
-6.922,29.459,14.1
-6.850,29.577,10.8
-6.553,29.453,7.2
-6.426,30.126,7.9
-6.427,30.116,8.2
-5.677,34.640,85.9
-5.680,34.620,43.6
-6.494,29.305,8.0
-5.676,34.632,83.5
-6.275,30.382,11.5
-6.277,30.372,30.4
-6.441,29.281,8.6
-6.298,29.927,21.8
-5.496,34.618,42.3
-6.350,29.152,7.1
-6.175,30.250,25.4
-5.521,34.305,18.6
-6.191,30.086,10.1
-6.192,30.077,14.9
-5.493,34.631,23.8
-6.095,30.668,12.5
-6.096,30.658,12.7
-5.479,34.467,148.2
-5.494,34.293,39.5
-5.497,34.274,225.6
-5.444,34.441,59.6
-5.507,34.050,98.6
-5.549,33.592,24.3
-6.876,24.575,21.8
-5.384,34.328,69.3
-5.387,34.309,76.0
-5.902,30.889,14.4
-6.026,29.952,8.0
-5.954,30.061,17.9
-5.252,33.846,148.3
-6.019,28.833,7.5
-6.020,28.825,20.5
-5.244,33.856,60.0
-5.310,31.463,9.6
-5.461,29.774,11.3
-5.559,29.114,8.2
-5.617,28.724,12.2
-5.512,29.310,9.8
-5.516,29.282,29.9
-5.517,29.273,10.4
-5.125,30.167,7.5
-4.875,31.688,8.9
-5.108,30.035,13.0
-5.301,27.736,17.4
-5.302,27.727,17.1
-4.683,31.535,13.7
-4.968,28.996,13.2
-5.028,28.590,10.1
-4.643,30.850,9.7
-4.676,30.508,10.0
-4.750,29.084,8.3
-4.752,29.075,10.7
-4.759,29.029,9.6
-4.743,29.073,35.0
-4.734,28.952,7.9
-4.398,31.119,24.9
-4.348,31.373,21.8
-4.700,28.938,11.7
-4.273,31.665,43.7
-4.263,31.663,98.8
-4.309,31.360,13.2
-4.646,28.978,11.9
-4.647,28.969,31.3
-4.668,28.827,4.7
-4.620,29.095,6.3
-4.626,29.049,8.5
-4.636,28.986,5.8
-4.179,31.683,15.8
-4.355,30.182,12.4
-4.589,28.353,20.7
-4.465,28.948,30.4
-4.467,28.939,17.9
-4.457,28.947,18.8
-4.449,28.937,7.7
-4.450,28.928,11.6
-4.452,28.919,25.1
-4.494,28.634,5.7
-4.386,29.178,10.4
-4.417,28.969,5.8
-4.419,28.960,9.5
-4.521,28.070,5.4
-4.348,29.184,8.2
-4.349,29.175,23.1
-4.352,29.158,10.1
-4.014,31.345,26.0
-4.016,31.333,9.3
-4.428,28.341,6.8
-4.320,28.869,10.6
-4.321,28.860,67.0
-4.385,28.364,7.2
-4.508,27.159,7.5
-4.510,27.150,11.0
-3.911,30.313,13.6
-4.076,28.958,6.8
-4.067,28.957,8.1
-3.938,29.640,12.3
-4.269,27.330,4.8
-4.205,25.943,7.0
-3.321,28.940,8.6
-3.322,28.931,23.7
-3.156,28.989,13.4
-3.587,25.622,6.7
-3.078,28.962,14.2
-3.572,25.599,12.1
-3.352,25.515,6.9
-3.353,25.505,7.8
-3.324,25.524,21.4
-3.313,25.533,5.5
-3.315,25.523,20.4
-3.209,25.863,5.3
-3.141,25.953,8.1
-2.692,28.947,9.7
-1.585,31.469,11.1
-2.271,26.730,18.3
-2.272,26.721,8.7
-1.397,31.566,12.2
-1.386,31.564,10.7
-1.315,25.810,14.2
-0.771,29.187,10.0
-0.713,29.070,12.9
-0.422,29.166,7.0
0.044,31.719,7.4
0.042,31.704,15.4
0.044,31.644,23.7
0.044,31.639,31.0
20.759,85.294,4.5
20.789,85.262,7.1
20.797,85.250,9.1
20.866,84.988,6.7
20.963,85.182,8.3
20.962,85.171,5.6
20.971,85.170,8.9
21.075,85.041,6.2
21.749,83.841,6.1
21.759,83.849,4.9
21.758,83.840,4.5
21.924,83.354,4.9
21.923,83.345,5.0
22.039,83.732,6.7
22.210,84.861,5.6
23.556,87.232,10.3
23.680,86.091,12.9
23.736,86.430,8.5
23.765,86.399,13.0
42.970,74.591,8.2
42.968,74.579,7.0
46.792,84.037,22.3
46.796,84.030,20.5
49.878,73.311,7.7
49.887,73.307,12.8
50.313,71.442,10.1
51.715,68.612,15.7
51.715,68.606,16.2
52.945,67.516,35.8
52.955,67.511,28.9
52.934,66.047,18.6
52.847,63.684,28.4
53.666,66.582,11.8
53.442,64.672,43.6
53.437,64.649,18.5
53.426,63.726,32.2
53.420,63.700,158.0
57.426,78.700,21.3
41.681,-85.898,10.2
41.269,-86.603,19.8
40.864,-90.969,5.4
38.033,-84.323,25.7
38.040,-84.327,21.6
39.460,-92.304,4.4
38.690,-90.139,10.1
38.489,-90.009,8.3
36.523,-87.402,28.8
36.553,-90.231,11.8
35.883,-88.723,26.6
37.011,-97.606,16.8
37.010,-97.594,3.7
35.755,-90.641,58.6
35.751,-90.623,12.3
35.756,-90.647,40.1
35.753,-90.628,32.1
35.520,-90.998,11.5
35.476,-91.011,11.6
35.472,-90.993,52.4
35.462,-90.996,12.7
35.734,-95.578,6.5
33.331,-85.120,151.8
33.329,-85.128,160.1
34.643,-91.924,19.3
34.357,-91.953,28.8
34.892,-96.893,5.2
33.713,-90.836,51.6
34.203,-95.451,4.6
32.882,-88.862,21.6
32.283,-86.477,44.9
32.200,-86.879,83.6
32.191,-86.842,33.4
32.207,-86.884,23.0
32.198,-86.847,23.3
32.191,-86.889,30.1
32.183,-86.852,30.3
31.843,-85.885,52.9
32.643,-90.340,50.8
32.410,-90.372,21.5
32.421,-90.376,18.0
31.468,-90.542,17.4
31.614,-93.147,71.0
31.611,-93.132,41.2
31.604,-93.149,93.7
31.601,-93.134,43.2
31.410,-92.282,7.2
31.097,-91.920,36.1
31.094,-91.902,48.0
30.379,-89.117,26.5
31.607,-95.924,37.2
31.605,-95.913,13.6
31.142,-94.464,23.6
31.140,-94.451,5.7
31.132,-94.466,238.4
31.130,-94.453,76.2
31.131,-94.473,96.7
31.129,-94.460,123.0
31.127,-94.447,25.0
31.119,-94.462,42.9
31.117,-94.449,15.8
30.327,-91.248,24.7
30.556,-93.886,6.2
30.549,-93.902,12.7
30.546,-93.888,6.5
30.277,-93.143,8.6
59.412,71.626,8.9
59.891,71.735,16.2
60.718,72.520,10.1
60.862,71.292,8.2
60.859,71.274,14.6
61.754,66.956,8.9
66.954,75.556,59.8
66.951,75.520,46.5
19.407,-155.287,124.9
-21.191,15.987,269.2
-21.176,15.984,152.4
-21.168,15.951,110.7
-21.147,15.977,129.0
-21.153,15.947,579.4
-21.193,15.982,144.1
-21.178,15.979,176.0
-21.169,15.947,106.4
-21.149,15.972,242.1
-21.155,15.943,430.4
-16.854,14.181,47.2
-16.835,14.205,29.3
-16.840,14.178,166.7
-16.080,16.728,78.7
-16.078,16.719,89.5
6.343,0.754,13.9
-15.850,16.225,39.7
-15.862,16.220,69.5
-15.847,14.767,55.1
-15.851,14.763,54.2
-15.537,15.775,97.8
-15.524,15.803,106.2
-15.531,15.766,211.5
-15.612,14.636,76.7
-15.608,14.660,71.0
-15.318,15.484,47.2
-15.567,14.225,102.0
-15.563,14.248,49.0
-15.568,14.220,76.3
-15.548,14.245,60.1
-15.553,14.217,69.1
-15.331,15.125,86.1
-15.338,15.092,40.1
-15.337,15.118,82.3
-15.255,15.205,65.8
-15.246,15.168,42.9
-15.223,15.199,157.4
-15.230,15.165,563.0
-15.159,15.437,36.6
-15.212,15.091,93.8
-15.231,15.196,254.8
-15.238,15.162,464.4
-15.227,14.554,34.7
-15.143,14.664,64.8
-15.125,14.596,89.5
-15.142,14.691,33.1
-15.129,14.592,41.1
-15.114,14.589,92.9
-13.559,14.171,63.5
-13.563,14.167,57.4
-5.222,13.796,44.5
-5.229,13.758,64.2
37.389,-6.388,5.1
37.408,-6.382,6.6
